0
SECTION
2
HEADER
9
$INSUNITS
70
4
9
$ACADVER
1
AC1014
9
$HANDSEED
5
FFFF
0
ENDSEC
0
SECTION
2
TABLES
0
TABLE
2
VPORT
5
8
100
AcDbSymbolTable
0
ENDTAB
0
TABLE
2
LTYPE
5
5
100
AcDbSymbolTable
0
LTYPE
5
14
100
AcDbSymbolTableRecord
100
AcDbLinetypeTableRecord
2
BYBLOCK
70
0
0
LTYPE
5
15
100
AcDbSymbolTableRecord
100
AcDbLinetypeTableRecord
2
BYLAYER
70
0
0
LTYPE
5
16
100
AcDbSymbolTableRecord
100
AcDbLinetypeTableRecord
2
DASHED
70
0
3
Dashed __ __ __ __ __ __ __ __ __ __ __ __ __ _
72
65
73
2
40
0.75
49
0.5
74
0
49
-0.25
74
0
0
ENDTAB
0
TABLE
2
LAYER
5
2
100
AcDbSymbolTable
70
2
0
LAYER
5
50
100
AcDbSymbolTableRecord
100
AcDbLayerTableRecord
2
0
70
0
62
7
6
CONTINUOUS
0
ENDTAB
0
TABLE
2
STYLE
5
3
100
AcDbSymbolTable
70
1
0
STYLE
5
11
100
AcDbSymbolTableRecord
100
AcDbTextStyleTableRecord
2
STANDARD
70
0
0
ENDTAB
0
TABLE
2
VIEW
5
6
100
AcDbSymbolTable
70
0
0
ENDTAB
0
TABLE
2
UCS
5
7
100
AcDbSymbolTable
70
0
0
ENDTAB
0
TABLE
2
APPID
5
9
100
AcDbSymbolTable
70
2
0
APPID
5
12
100
AcDbSymbolTableRecord
100
AcDbRegAppTableRecord
2
ACAD
70
0
0
ENDTAB
0
TABLE
2
DIMSTYLE
5
A
100
AcDbSymbolTable
70
1
0
ENDTAB
0
TABLE
2
BLOCK_RECORD
5
1
100
AcDbSymbolTable
70
1
0
BLOCK_RECORD
5
1F
100
AcDbSymbolTableRecord
100
AcDbBlockTableRecord
2
*MODEL_SPACE
0
BLOCK_RECORD
5
1B
100
AcDbSymbolTableRecord
100
AcDbBlockTableRecord
2
*PAPER_SPACE
0
ENDTAB
0
ENDSEC
0
SECTION
2
BLOCKS
0
BLOCK
5
20
100
AcDbEntity
100
AcDbBlockBegin
2
*MODEL_SPACE
0
ENDBLK
5
21
100
AcDbEntity
100
AcDbBlockEnd
0
BLOCK
5
1C
100
AcDbEntity
100
AcDbBlockBegin
2
*PAPER_SPACE
0
ENDBLK
5
1D
100
AcDbEntity
100
AcDbBlockEnd
0
ENDSEC
0
SECTION
2
ENTITIES
0
LWPOLYLINE
5
100
100
AcDbEntity
8
0
100
AcDbPolyline
90
4
70
1
43
0.0
10
-0.57043937810099865
20
35.042285273869837
10
22.429560621899
20
35.042285273869837
10
22.429560621899
20
22.192285273869835
10
-0.57043937810099865
20
22.192285273869835
0
LWPOLYLINE
5
101
100
AcDbEntity
8
0
100
AcDbPolyline
90
4
70
1
43
0.0
10
-1.5704393781009987
20
36.042285273869837
10
23.429560621899004
20
36.042285273869837
10
23.429560621899004
20
21.192285273869835
10
-1.5704393781009995
20
21.192285273869835
0
LINE
5
102
100
AcDbEntity
8
0
100
AcDbLine
10
-0.57043937810099865
20
35.042285273869837
30
0
11
-0.57043937810099865
21
36.04228581031164
31
0
0
LINE
5
103
100
AcDbEntity
8
0
100
AcDbLine
10
-0.57043937810099865
20
35.042285273869837
30
0
11
-1.5704393930021598
21
35.042285273869837
31
0
0
LINE
5
104
100
AcDbEntity
8
0
100
AcDbLine
10
-0.57043937810099865
20
22.192285273869835
30
0
11
-1.5704393930021598
21
22.192285273869835
31
0
0
LINE
5
105
100
AcDbEntity
8
0
100
AcDbLine
10
-0.57043937810099865
20
22.192285273869835
30
0
11
-0.57043937810099865
21
21.192285273869835
31
0
0
LINE
5
106
100
AcDbEntity
8
0
100
AcDbLine
10
22.429560621899
20
22.192285273869835
30
0
11
22.429560621899
21
21.192284801130498
31
0
0
LINE
5
107
100
AcDbEntity
8
0
100
AcDbLine
10
22.429560621899
20
22.192285273869835
30
0
11
23.429560085457197
21
22.192285273869835
31
0
0
LINE
5
108
100
AcDbEntity
8
0
100
AcDbLine
10
22.429560621899
20
35.042285273869837
30
0
11
22.429560621899
21
36.042284469207132
31
0
0
LINE
5
109
100
AcDbEntity
8
0
100
AcDbLine
10
22.429560621899
20
35.042285273869837
30
0
11
23.429560621899004
21
35.042285273869837
31
0
0
SPLINE
5
110
100
AcDbEntity
8
0
100
AcDbSpline
70
4
71
3
72
8
73
4
74
0
42
0.000000001
43
0.0000000001
44
0.0000000001
40
0
40
0
40
0
40
0
40
1
40
1
40
1
40
1
41
1
41
1
41
1
41
1
10
6.0842013982153276
20
30.892287817001343
30
0
10
6.0613854206816695
20
30.892377731283489
30
0
10
6.0613854206816695
20
30.892377731283489
30
0
10
6.0381085154877443
20
30.892469462056475
30
0
0
SPLINE
5
111
100
AcDbEntity
8
0
100
AcDbSpline
70
4
71
3
72
8
73
4
74
0
42
0.000000001
43
0.0000000001
44
0.0000000001
40
0
40
0
40
0
40
0
40
1
40
1
40
1
40
1
41
1
41
1
41
1
41
1
10
6.0381085154877443
20
30.892469462056475
30
0
10
5.9960631110982447
20
30.892607645995838
30
0
10
5.9540195960021354
20
30.892627869162634
30
0
10
5.9119740307545996
20
30.892596610760084
30
0
0
SPLINE
5
112
100
AcDbEntity
8
0
100
AcDbSpline
70
4
71
3
72
8
73
4
74
0
42
0.000000001
43
0.0000000001
44
0.0000000001
40
0
40
0
40
0
40
0
40
1
40
1
40
1
40
1
41
1
41
1
41
1
41
1
10
5.9119740307545996
20
30.892596610760084
30
0
10
5.8665584076659227
20
30.892591198163188
30
0
10
5.8211432261483207
20
30.892737372925041
30
0
10
5.7757278175370246
20
30.892862717310589
30
0
0
SPLINE
5
113
100
AcDbEntity
8
0
100
AcDbSpline
70
4
71
3
72
8
73
4
74
0
42
0.000000001
43
0.0000000001
44
0.0000000001
40
0
40
0
40
0
40
0
40
1
40
1
40
1
40
1
41
1
41
1
41
1
41
1
10
5.7757278175370246
20
30.892862717310589
30
0
10
5.6868129393673286
20
30.893082191441987
30
0
10
5.5978985658502918
20
30.893155196447239
30
0
10
5.5089834101216342
20
30.893169961480112
30
0
0
SPLINE
5
114
100
AcDbEntity
8
0
100
AcDbSpline
70
4
71
3
72
8
73
4
74
0
42
0.000000001
43
0.0000000001
44
0.0000000001
40
0
40
0
40
0
40
0
40
1
40
1
40
1
40
1
41
1
41
1
41
1
41
1
10
5.5089834101216342
20
30.893169961480112
30
0
10
5.4366792499240582
20
30.893182548522798
30
0
10
5.3643751906570136
20
30.893236988815481
30
0
10
5.2920710304594376
20
30.893320790529252
30
0
0
SPLINE
5
115
100
AcDbEntity
8
0
100
AcDbSpline
70
4
71
3
72
8
73
4
74
0
42
0.000000001
43
0.0000000001
44
0.0000000001
40
0
40
0
40
0
40
0
40
1
40
1
40
1
40
1
41
1
41
1
41
1
41
1
10
5.2920710304594376
20
30.893320790529252
30
0
10
5.0869116579707807
20
30.893553720947825
30
0
10
4.8817526892042498
20
30.893675857536344
30
0
10
4.6765932157850605
20
30.893656005072408
30
0
0
SPLINE
5
116
100
AcDbEntity
8
0
100
AcDbSpline
70
4
71
3
72
8
73
4
74
0
42
0.000000001
43
0.0000000001
44
0.0000000001
40
0
40
0
40
0
40
0
40
1
40
1
40
1
40
1
41
1
41
1
41
1
41
1
10
4.6765932157850605
20
30.893656005072408
30
0
10
4.6655404141760206
20
30.893654947963078
30
0
10
4.6544876125669816
20
30.893653890755182
30
0
10
4.6430999234533648
20
30.893652801513674
30
0
0
SPLINE
5
117
100
AcDbEntity
8
0
100
AcDbSpline
70
4
71
3
72
8
73
4
74
0
42
0.000000001
43
0.0000000001
44
0.0000000001
40
0
40
0
40
0
40
0
40
1
40
1
40
1
40
1
41
1
41
1
41
1
41
1
10
4.6430999234533648
20
30.893652801513674
30
0
10
4.6265004844681759
20
30.893651179035658
30
0
10
4.6265004844681759
20
30.893651179035658
30
0
10
4.6095656533257499
20
30.893649523834078
30
0
0
SPLINE
5
118
100
AcDbEntity
8
0
100
AcDbSpline
70
4
71
3
72
8
73
4
74
0
42
0.000000001
43
0.0000000001
44
0.0000000001
40
0
40
0
40
0
40
0
40
1
40
1
40
1
40
1
41
1
41
1
41
1
41
1
10
4.6095656533257499
20
30.893649523834078
30
0
10
4.4302776021973624
20
30.893638773056836
30
0
10
4.2509910650269527
20
30.893891897861224
30
0
10
4.0717035185512245
20
30.894265004131011
30
0
0
SPLINE
5
119
100
AcDbEntity
8
0
100
AcDbSpline
70
4
71
3
72
8
73
4
74
0
42
0.000000001
43
0.0000000001
44
0.0000000001
40
0
40
0
40
0
40
0
40
1
40
1
40
1
40
1
41
1
41
1
41
1
41
1
10
4.0717035185512245
20
30.894265004131011
30
0
10
3.8874518047984772
20
30.894645404011634
30
0
10
3.7032008984899853
20
30.894827757884439
30
0
10
3.5189487810151117
20
30.894804918803274
30
0
0
SPLINE
5
120
100
AcDbEntity
8
0
100
AcDbSpline
70
4
71
3
72
8
73
4
74
0
42
0.000000001
43
0.0000000001
44
0.0000000001
40
0
40
0
40
0
40
0
40
1
40
1
40
1
40
1
41
1
41
1
41
1
41
1
10
3.5189487810151117
20
30.894804918803274
30
0
10
3.4155700782156324
20
30.894796147506373
30
0
10
3.312192586582535
20
30.894868301008831
30
0
10
3.2088140856441196
20
30.895153588056566
30
0
0
SPLINE
5
121
100
AcDbEntity
8
0
100
AcDbSpline
70
4
71
3
72
8
73
4
74
0
42
0.000000001
43
0.0000000001
44
0.0000000001
40
0
40
0
40
0
40
0
40
1
40
1
40
1
40
1
41
1
41
1
41
1
41
1
10
3.2088140856441196
20
30.895153588056566
30
0
10
3.1207853018459017
20
30.895394965197582
30
0
10
3.0327587385193837
20
30.895451659178363
30
0
10
2.9447297528601024
20
30.895272401231342
30
0
0
SPLINE
5
122
100
AcDbEntity
8
0
100
AcDbSpline
70
4
71
3
72
8
73
4
74
0
42
0.000000001
43
0.0000000001
44
0.0000000001
40
0
40
0
40
0
40
0
40
1
40
1
40
1
40
1
41
1
41
1
41
1
41
1
10
2.9447297528601024
20
30.895272401231342
30
0
10
2.8998578551626544
20
30.895186241252041
30
0
10
2.8549936281856239
20
30.895212622955444
30
0
10
2.8101215286271106
20
30.895414039293925
30
0
0
SPLINE
5
123
100
AcDbEntity
8
0
100
AcDbSpline
70
4
71
3
72
8
73
4
74
0
42
0.000000001
43
0.0000000001
44
0.0000000001
40
0
40
0
40
0
40
0
40
1
40
1
40
1
40
1
41
1
41
1
41
1
41
1
10
2.8101215286271106
20
30.895414039293925
30
0
10
2.7613662277873692
20
30.895618673975889
30
0
10
2.7126224330282547
20
30.895495164180176
30
0
10
2.6638675359106401
20
30.895291509628294
30
0
0
SPLINE
5
124
100
AcDbEntity
8
0
100
AcDbSpline
70
4
71
3
72
8
73
4
74
0
42
0.000000001
43
0.0000000001
44
0.0000000001
40
0
40
0
40
0
40
0
40
1
40
1
40
1
40
1
41
1
41
1
41
1
41
1
10
2.6638675359106401
20
30.895291509628294
30
0
10
2.6428247311926221
20
30.895495644782983
30
0
10
2.6428247311926221
20
30.895495644782983
30
0
10
2.6213564033524528
20
30.895703903896113
30
0
0
SPLINE
5
125
100
AcDbEntity
8
0
100
AcDbSpline
70
4
71
3
72
8
73
4
74
0
42
0.000000001
43
0.0000000001
44
0.0000000001
40
0
40
0
40
0
40
0
40
1
40
1
40
1
40
1
41
1
41
1
41
1
41
1
10
2.6213564033524528
20
30.895703903896113
30
0
10
2.4876860256211297
20
30.894474336616696
30
0
10
2.3717648874934847
20
30.857598333855471
30
0
10
2.2682190437333114
20
30.771341145833336
30
0
0
SPLINE
5
126
100
AcDbEntity
8
0
100
AcDbSpline
70
4
71
3
72
8
73
4
74
0
42
0.000000001
43
0.0000000001
44
0.0000000001
40
0
40
0
40
0
40
0
40
1
40
1
40
1
40
1
41
1
41
1
41
1
41
1
10
2.2682190437333114
20
30.771341145833336
30
0
10
2.128649074556066
20
30.628354375362399
30
0
10
2.1064350719468128
20
30.467963143984477
30
0
10
2.1067184848801626
20
30.277872195243837
30
0
0
SPLINE
5
127
100
AcDbEntity
8
0
100
AcDbSpline
70
4
71
3
72
8
73
4
74
0
42
0.000000001
43
0.0000000001
44
0.0000000001
40
0
40
0
40
0
40
0
40
1
40
1
40
1
40
1
41
1
41
1
41
1
41
1
10
2.1067184848801626
20
30.277872195243837
30
0
10
2.1066882057206171
20
30.263084408839546
30
0
10
2.1066583302831985
20
30.248296571969988
30
0
10
2.1066276474015257
20
30.233060654004419
30
0
0
SPLINE
5
128
100
AcDbEntity
8
0
100
AcDbSpline
70
4
71
3
72
8
73
4
74
0
42
0.000000001
43
0.0000000001
44
0.0000000001
40
0
40
0
40
0
40
0
40
1
40
1
40
1
40
1
41
1
41
1
41
1
41
1
10
2.1066276474015257
20
30.233060654004419
30
0
10
2.1065436731990506
20
30.183563967943194
30
0
10
2.1065545736964877
20
30.134067786534629
30
0
10
2.1065654741939244
20
30.084571050008137
30
0
0
SPLINE
5
129
100
AcDbEntity
8
0
100
AcDbSpline
70
4
71
3
72
8
73
4
74
0
42
0.000000001
43
0.0000000001
44
0.0000000001
40
0
40
0
40
0
40
0
40
1
40
1
40
1
40
1
41
1
41
1
41
1
41
1
10
2.1065654741939244
20
30.084571050008137
30
0
10
2.1065259094254509
20
30.049060257275897
30
0
10
2.1064810962693228
20
30.013549464543662
30
0
10
2.1064306310034131
20
29.978038671811422
30
0
0
SPLINE
5
130
100
AcDbEntity
8
0
100
AcDbSpline
70
4
71
3
72
8
73
4
74
0
42
0.000000001
43
0.0000000001
44
0.0000000001
40
0
40
0
40
0
40
0
40
1
40
1
40
1
40
1
41
1
41
1
41
1
41
1
10
2.1064306310034131
20
29.978038671811422
30
0
10
2.1063212223069208
20
29.891621950467432
30
0
10
2.1062844835933383
20
29.805205330053965
30
0
10
2.1062772165950472
20
29.718788608709975
30
0
0
SPLINE
5
131
100
AcDbEntity
8
0
100
AcDbSpline
70
4
71
3
72
8
73
4
74
0
42
0.000000001
43
0.0000000001
44
0.0000000001
40
0
40
0
40
0
40
0
40
1
40
1
40
1
40
1
41
1
41
1
41
1
41
1
10
2.1062772165950472
20
29.718788608709975
30
0
10
2.1062707570410111
20
29.648521378040314
30
0
10
2.106243707658483
20
29.578254248301189
30
0
10
2.1062017205572459
20
29.507987118562063
30
0
0
SPLINE
5
132
100
AcDbEntity
8
0
100
AcDbSpline
70
4
71
3
72
8
73
4
74
0
42
0.000000001
43
0.0000000001
44
0.0000000001
40
0
40
0
40
0
40
0
40
1
40
1
40
1
40
1
41
1
41
1
41
1
41
1
10
2.1062017205572459
20
29.507987118562063
30
0
10
2.1060854485845892
20
29.30861742417018
30
0
10
2.1060240828212429
20
29.109247628847758
30
0
10
2.106034175874425
20
28.909877934455874
30
0
0
SPLINE
5
133
100
AcDbEntity
8
0
100
AcDbSpline
70
4
71
3
72
8
73
4
74
0
42
0.000000001
43
0.0000000001
44
0.0000000001
40
0
40
0
40
0
40
0
40
1
40
1
40
1
40
1
41
1
41
1
41
1
41
1
10
2.106034175874425
20
28.909877934455874
30
0
10
2.10603498331868
20
28.893767806688942
30
0
10
2.10603498331868
20
28.893767806688942
30
0
10
2.1060357907629346
20
28.877332077026367
30
0
0
SPLINE
5
134
100
AcDbEntity
8
0
100
AcDbSpline
70
4
71
3
72
8
73
4
74
0
42
0.000000001
43
0.0000000001
44
0.0000000001
40
0
40
0
40
0
40
0
40
1
40
1
40
1
40
1
41
1
41
1
41
1
41
1
10
2.1060357907629346
20
28.877332077026367
30
0
10
2.1060361944850614
20
28.86657873630524
30
0
10
2.106037001929316
20
28.855825597445172
30
0
10
2.1060374056514441
20
28.844746452967325
30
0
0
SPLINE
5
135
100
AcDbEntity
8
0
100
AcDbSpline
70
4
71
3
72
8
73
4
74
0
42
0.000000001
43
0.0000000001
44
0.0000000001
40
0
40
0
40
0
40
0
40
1
40
1
40
1
40
1
41
1
41
1
41
1
41
1
10
2.1060374056514441
20
28.844746452967325
30
0
10
2.1060426540390988
20
28.670497156778971
30
0
10
2.1059162890132601
20
28.496248264312744
30
0
10
2.1057297693904573
20
28.321999169985457
30
0
0
SPLINE
5
136
100
AcDbEntity
8
0
100
AcDbSpline
70
4
71
3
72
8
73
4
74
0
42
0.000000001
43
0.0000000001
44
0.0000000001
40
0
40
0
40
0
40
0
40
1
40
1
40
1
40
1
41
1
41
1
41
1
41
1
10
2.1057297693904573
20
28.321999169985457
30
0
10
2.1055396162685094
20
28.142935083707172
30
0
10
2.1054483750677444
20
27.963870997428899
30
0
10
2.1054596792873079
20
27.784806709289551
30
0
0
SPLINE
5
137
100
AcDbEntity
8
0
100
AcDbSpline
70
4
71
3
72
8
73
4
74
0
42
0.000000001
43
0.0000000001
44
0.0000000001
40
0
40
0
40
0
40
0
40
1
40
1
40
1
40
1
41
1
41
1
41
1
41
1
10
2.1054596792873079
20
27.784806709289551
30
0
10
2.1054641202307076
20
27.684334603945416
30
0
10
2.1054281889613802
20
27.583862902323407
30
0
10
2.1052852713283232
20
27.483390998840331
30
0
0
SPLINE
5
138
100
AcDbEntity
8
0
100
AcDbSpline
70
4
71
3
72
8
73
4
74
0
42
0.000000001
43
0.0000000001
44
0.0000000001
40
0
40
0
40
0
40
0
40
1
40
1
40
1
40
1
41
1
41
1
41
1
41
1
10
2.1052852713283232
20
27.483390998840331
30
0
10
2.1051645584122669
20
27.397845913569135
30
0
10
2.1051362978633579
20
27.312301635742188
30
0
10
2.1052259241756133
20
27.226756550470988
30
0
0
SPLINE
5
139
100
AcDbEntity
8
0
100
AcDbSpline
70
4
71
3
72
8
73
4
74
0
42
0.000000001
43
0.0000000001
44
0.0000000001
40
0
40
0
40
0
40
0
40
1
40
1
40
1
40
1
41
1
41
1
41
1
41
1
10
2.1052259241756133
20
27.226756550470988
30
0
10
2.1052691224432318
20
27.183147697448732
30
0
10
2.1052557996130314
20
27.139539651870731
30
0
10
2.1051552728033398
20
27.095930798848471
30
0
0
SPLINE
5
140
100
AcDbEntity
8
0
100
AcDbSpline
70
4
71
3
72
8
73
4
74
0
42
0.000000001
43
0.0000000001
44
0.0000000001
40
0
40
0
40
0
40
0
40
1
40
1
40
1
40
1
41
1
41
1
41
1
41
1
10
2.1051552728033398
20
27.095930798848471
30
0
10
2.1050531311051381
20
27.048564100265505
30
0
10
2.1051144968684845
20
27.001200631459557
30
0
10
2.1052166385666862
20
26.953834336598717
30
0
0
SPLINE
5
141
100
AcDbEntity
8
0
100
AcDbSpline
70
4
71
3
72
8
73
4
74
0
42
0.000000001
43
0.0000000001
44
0.0000000001
40
0
40
0
40
0
40
0
40
1
40
1
40
1
40
1
41
1
41
1
41
1
41
1
10
2.1052166385666862
20
26.953834336598717
30
0
10
2.1051484095271755
20
26.94017883936564
30
0
10
2.1050801804876662
20
26.926523342132569
30
0
10
2.105010336559646
20
26.912454433441162
30
0
0
SPLINE
5
142
100
AcDbEntity
8
0
100
AcDbSpline
70
4
71
3
72
8
73
4
74
0
42
0.000000001
43
0.0000000001
44
0.0000000001
40
0
40
0
40
0
40
0
40
1
40
1
40
1
40
1
41
1
41
1
41
1
41
1
10
2.105010336559646
20
26.912454433441162
30
0
10
2.1057701416031849
20
26.75214162508647
30
0
10
2.1361486167923935
20
26.588067741394042
30
0
10
2.2540080248531034
20
26.470208333333332
30
0
0
SPLINE
5
143
100
AcDbEntity
8
0
100
AcDbSpline
70
4
71
3
72
8
73
4
74
0
42
0.000000001
43
0.0000000001
44
0.0000000001
40
0
40
0
40
0
40
0
40
1
40
1
40
1
40
1
41
1
41
1
41
1
41
1
10
2.2540080248531034
20
26.470208333333332
30
0
10
2.3838801848109892
20
26.365040334065757
30
0
10
2.4946147047694858
20
26.33185154914856
30
0
10
2.6603297189092965
20
26.332788184483846
30
0
0
SPLINE
5
144
100
AcDbEntity
8
0
100
AcDbSpline
70
4
71
3
72
8
73
4
74
0
42
0.000000001
43
0.0000000001
44
0.0000000001
40
0
40
0
40
0
40
0
40
1
40
1
40
1
40
1
41
1
41
1
41
1
41
1
10
2.6603297189092965
20
26.332788184483846
30
0
10
2.6755629622157748
20
26.332716725667318
30
0
10
2.6907962055222523
20
26.332645670572919
30
0
10
2.7064911050812732
20
26.332572193145754
30
0
0
SPLINE
5
145
100
AcDbEntity
8
0
100
AcDbSpline
70
4
71
3
72
8
73
4
74
0
42
0.000000001
43
0.0000000001
44
0.0000000001
40
0
40
0
40
0
40
0
40
1
40
1
40
1
40
1
41
1
41
1
41
1
41
1
10
2.7064911050812732
20
26.332572193145754
30
0
10
2.757338695845637
20
26.332383251190187
30
0
10
2.8081814419444733
20
26.332476914723717
30
0
10
2.8590292345699009
20
26.332571385701499
30
0
0
SPLINE
5
146
100
AcDbEntity
8
0
100
AcDbSpline
70
4
71
3
72
8
73
4
74
0
42
0.000000001
43
0.0000000001
44
0.0000000001
40
0
40
0
40
0
40
0
40
1
40
1
40
1
40
1
41
1
41
1
41
1
41
1
10
2.8590292345699009
20
26.332571385701499
30
0
10
2.8955652796443636
20
26.33251769065857
30
0
10
2.9321011228577634
20
26.332405052185059
30
0
10
2.9686369660711618
20
26.332296450932819
30
0
0
SPLINE
5
147
100
AcDbEntity
8
0
100
AcDbSpline
70
4
71
3
72
8
73
4
74
0
42
0.000000001
43
0.0000000001
44
0.0000000001
40
0
40
0
40
0
40
0
40
1
40
1
40
1
40
1
41
1
41
1
41
1
41
1
10
2.9686369660711618
20
26.332296450932819
30
0
10
3.0574600731548007
20
26.332069155375166
30
0
10
3.1462819690720574
20
26.3320578511556
30
0
10
3.2351052780167593
20
26.332126887639365
30
0
0
SPLINE
5
148
100
AcDbEntity
8
0
100
AcDbSpline
70
4
71
3
72
8
73
4
74
0
42
0.000000001
43
0.0000000001
44
0.0000000001
40
0
40
0
40
0
40
0
40
1
40
1
40
1
40
1
41
1
41
1
41
1
41
1
10
3.2351052780167593
20
26.332126887639365
30
0
10
3.3073331851975456
20
26.332180582682291
30
0
10
3.3795606886562046
20
26.332161204020181
30
0
10
3.4517885958369909
20
26.332090552647909
30
0
0
SPLINE
5
149
100
AcDbEntity
8
0
100
AcDbSpline
70
4
71
3
72
8
73
4
74
0
42
0.000000001
43
0.0000000001
44
0.0000000001
40
0
40
0
40
0
40
0
40
1
40
1
40
1
40
1
41
1
41
1
41
1
41
1
10
3.4517885958369909
20
26.332090552647909
30
0
10
3.4672321783717805
20
26.332076018651325
30
0
10
3.4672321783717805
20
26.332076018651325
30
0
10
3.4829876362498933
20
26.332060677210492
30
0
0
SPLINE
5
150
100
AcDbEntity
8
0
100
AcDbSpline
70
4
71
3
72
8
73
4
74
0
42
0.000000001
43
0.0000000001
44
0.0000000001
40
0
40
0
40
0
40
0
40
1
40
1
40
1
40
1
41
1
41
1
41
1
41
1
10
3.4829876362498933
20
26.332060677210492
30
0
10
3.5039060945527094
20
26.332040491104127
30
0
10
3.5248245528555251
20
26.332020304997762
30
0
10
3.5457430111583408
20
26.331999715169271
30
0
0
SPLINE
5
151
100
AcDbEntity
8
0
100
AcDbSpline
70
4
71
3
72
8
73
4
74
0
42
0.000000001
43
0.0000000001
44
0.0000000001
40
0
40
0
40
0
40
0
40
1
40
1
40
1
40
1
41
1
41
1
41
1
41
1
10
3.5457430111583408
20
26.331999715169271
30
0
10
3.7417404146210687
20
26.331818040211992
30
0
10
3.937737010639542
20
26.331889902750653
30
0
10
4.1337344141022694
20
26.332041702270509
30
0
0
SPLINE
5
152
100
AcDbEntity
8
0
100
AcDbSpline
70
4
71
3
72
8
73
4
74
0
42
0.000000001
43
0.0000000001
44
0.0000000001
40
0
40
0
40
0
40
0
40
1
40
1
40
1
40
1
41
1
41
1
41
1
41
1
10
4.1337344141022694
20
26.332041702270509
30
0
10
4.312849773090714
20
26.332173315683999
30
0
10
4.4919632143990533
20
26.332002137502037
30
0
10
4.6710781696653703
20
26.331685619354246
30
0
0
SPLINE
5
153
100
AcDbEntity
8
0
100
AcDbSpline
70
4
71
3
72
8
73
4
74
0
42
0.000000001
43
0.0000000001
44
0.0000000001
40
0
40
0
40
0
40
0
40
1
40
1
40
1
40
1
41
1
41
1
41
1
41
1
10
4.6710781696653703
20
26.331685619354246
30
0
10
4.8552111891126968
20
26.331362641652426
30
0
10
5.0393433001852372
20
26.331235872904458
30
0
10
5.2234766224241591
20
26.331323884328206
30
0
0
SPLINE
5
154
100
AcDbEntity
8
0
100
AcDbSpline
70
4
71
3
72
8
73
4
74
0
42
0.000000001
43
0.0000000001
44
0.0000000001
40
0
40
0
40
0
40
0
40
1
40
1
40
1
40
1
41
1
41
1
41
1
41
1
10
5.2234766224241591
20
26.331323884328206
30
0
10
5.3267662540293079
20
26.331369908650718
30
0
10
5.4300544726070115
20
26.331340840657553
30
0
10
5.5333439023510955
20
26.331108700434367
30
0
0
SPLINE
5
155
100
AcDbEntity
8
0
100
AcDbSpline
70
4
71
3
72
8
73
4
74
0
42
0.000000001
43
0.0000000001
44
0.0000000001
40
0
40
0
40
0
40
0
40
1
40
1
40
1
40
1
41
1
41
1
41
1
41
1
10
5.5333439023510955
20
26.331108700434367
30
0
10
5.6212753386513725
20
26.330913702646896
30
0
10
5.7092044283167853
20
26.330906031926474
30
0
10
5.7971358393844312
20
26.331136153539024
30
0
0
SPLINE
5
156
100
AcDbEntity
8
0
100
AcDbSpline
70
4
71
3
72
8
73
4
74
0
42
0.000000001
43
0.0000000001
44
0.0000000001
40
0
40
0
40
0
40
0
40
1
40
1
40
1
40
1
41
1
41
1
41
1
41
1
10
5.7971358393844312
20
26.331136153539024
30
0
10
5.8419543700631804
20
26.331248388290405
30
0
10
5.886765192172561
20
26.331248792012538
30
0
10
5.9315840382592224
20
26.331074787775677
30
0
0
SPLINE
5
157
100
AcDbEntity
8
0
100
AcDbSpline
70
4
71
3
72
8
73
4
74
0
42
0.000000001
43
0.0000000001
44
0.0000000001
40
0
40
0
40
0
40
0
40
1
40
1
40
1
40
1
41
1
41
1
41
1
41
1
10
5.9315840382592224
20
26.331074787775677
30
0
10
5.9802799540973055
20
26.330899572372438
30
0
10
6.0289644584771338
20
26.331052583058678
30
0
10
6.0776598885870321
20
26.331286338170372
30
0
0
SPLINE
5
158
100
AcDbEntity
8
0
100
AcDbSpline
70
4
71
3
72
8
73
4
74
0
42
0.000000001
43
0.0000000001
44
0.0000000001
40
0
40
0
40
0
40
0
40
1
40
1
40
1
40
1
41
1
41
1
41
1
41
1
10
6.0776598885870321
20
26.331286338170372
30
0
10
6.0916704633736449
20
26.331159165700278
30
0
10
6.1056810381602586
20
26.331031993230187
30
0
10
6.1201161748634121
20
26.330901187260949
30
0
0
SPLINE
5
159
100
AcDbEntity
8
0
100
AcDbSpline
70
4
71
3
72
8
73
4
74
0
42
0.000000001
43
0.0000000001
44
0.0000000001
40
0
40
0
40
0
40
0
40
1
40
1
40
1
40
1
41
1
41
1
41
1
41
1
10
6.1201161748634121
20
26.330901187260949
30
0
10
6.2537159674581231
20
26.332214091618855
30
0
10
6.3696388971027069
20
26.369113486607869
30
0
10
6.4731303393062305
20
26.455325520833334
30
0
0
SPLINE
5
160
100
AcDbEntity
8
0
100
AcDbSpline
70
4
71
3
72
8
73
4
74
0
42
0.000000001
43
0.0000000001
44
0.0000000001
40
0
40
0
40
0
40
0
40
1
40
1
40
1
40
1
41
1
41
1
41
1
41
1
10
6.4731303393062305
20
26.455325520833334
30
0
10
6.6127001570876773
20
26.59831219037374
30
0
10
6.6349144624885259
20
26.758703320821127
30
0
10
6.6346311000204423
20
26.948794673283896
30
0
0
SPLINE
5
161
100
AcDbEntity
8
0
100
AcDbSpline
70
4
71
3
72
8
73
4
74
0
42
0.000000001
43
0.0000000001
44
0.0000000001
40
0
40
0
40
0
40
0
40
1
40
1
40
1
40
1
41
1
41
1
41
1
41
1
10
6.6346311000204423
20
26.948794673283896
30
0
10
6.6346610763883929
20
26.96358220736186
30
0
10
6.6346910527563434
20
26.978370145161946
30
0
10
6.6347219374990809
20
26.993606214523318
30
0
0
SPLINE
5
162
100
AcDbEntity
8
0
100
AcDbSpline
70
4
71
3
72
8
73
4
74
0
42
0.000000001
43
0.0000000001
44
0.0000000001
40
0
40
0
40
0
40
0
40
1
40
1
40
1
40
1
41
1
41
1
41
1
41
1
10
6.6347219374990809
20
26.993606214523318
30
0
10
6.634805608909959
20
27.043102547327678
30
0
10
6.63479485980832
20
27.092598880132041
30
0
10
6.6347839088456171
20
27.14209561665853
30
0
0
SPLINE
5
163
100
AcDbEntity
8
0
100
AcDbSpline
70
4
71
3
72
8
73
4
74
0
42
0.000000001
43
0.0000000001
44
0.0000000001
40
0
40
0
40
0
40
0
40
1
40
1
40
1
40
1
41
1
41
1
41
1
41
1
10
6.6347839088456171
20
27.14209561665853
30
0
10
6.634823473614091
20
27.177606611251832
30
0
10
6.634868135374421
20
27.213117202123005
30
0
10
6.6349185501750654
20
27.248628196716311
30
0
0
SPLINE
5
164
100
AcDbEntity
8
0
100
AcDbSpline
70
4
71
3
72
8
73
4
74
0
42
0.000000001
43
0.0000000001
44
0.0000000001
40
0
40
0
40
0
40
0
40
1
40
1
40
1
40
1
41
1
41
1
41
1
41
1
10
6.6349185501750654
20
27.248628196716311
30
0
10
6.6350282616631526
20
27.335044514338179
30
0
10
6.6350647985156721
20
27.42146123568217
30
0
10
6.6350721664444947
20
27.507878158887227
30
0
0
SPLINE
5
165
100
AcDbEntity
8
0
100
AcDbSpline
70
4
71
3
72
8
73
4
74
0
42
0.000000001
43
0.0000000001
44
0.0000000001
40
0
40
0
40
0
40
0
40
1
40
1
40
1
40
1
41
1
41
1
41
1
41
1
10
6.6350721664444947
20
27.507878158887227
30
0
10
6.635078474602734
20
27.578145187695821
30
0
10
6.6351056753810589
20
27.648412418365478
30
0
10
6.635147612017029
20
27.718679447174072
30
0
0
SPLINE
5
166
100
AcDbEntity
8
0
100
AcDbSpline
70
4
71
3
72
8
73
4
74
0
42
0.000000001
43
0.0000000001
44
0.0000000001
40
0
40
0
40
0
40
0
40
1
40
1
40
1
40
1
41
1
41
1
41
1
41
1
10
6.635147612017029
20
27.718679447174072
30
0
10
6.6352640353854841
20
27.918049343427022
30
0
10
6.6353250983572343
20
28.117419037818912
30
0
10
6.6353152071651165
20
28.316788732210796
30
0
0
SPLINE
5
167
100
AcDbEntity
8
0
100
AcDbSpline
70
4
71
3
72
8
73
4
74
0
42
0.000000001
43
0.0000000001
44
0.0000000001
40
0
40
0
40
0
40
0
40
1
40
1
40
1
40
1
41
1
41
1
41
1
41
1
10
6.6353152071651165
20
28.316788732210796
30
0
10
6.6353146520471915
20
28.32752895196279
30
0
10
6.6353141473945323
20
28.338268969853718
30
0
10
6.6353135922766073
20
28.3493345896403
30
0
0
SPLINE
5
168
100
AcDbEntity
8
0
100
AcDbSpline
70
4
71
3
72
8
73
4
74
0
42
0.000000001
43
0.0000000001
44
0.0000000001
40
0
40
0
40
0
40
0
40
1
40
1
40
1
40
1
41
1
41
1
41
1
41
1
10
6.6353135922766073
20
28.3493345896403
30
0
10
6.6353130371586824
20
28.360087930361431
30
0
10
6.635312532506024
20
28.370841069221498
30
0
10
6.6353119773880991
20
28.381920213699342
30
0
0
SPLINE
5
169
100
AcDbEntity
8
0
100
AcDbSpline
70
4
71
3
72
8
73
4
74
0
42
0.000000001
43
0.0000000001
44
0.0000000001
40
0
40
0
40
0
40
0
40
1
40
1
40
1
40
1
41
1
41
1
41
1
41
1
10
6.6353119773880991
20
28.381920213699342
30
0
10
6.6353065776046458
20
28.556169509887699
30
0
10
6.6354331444915466
20
28.730418402353926
30
0
10
6.6356197145796161
20
28.904667496681213
30
0
0
SPLINE
5
170
100
AcDbEntity
8
0
100
AcDbSpline
70
4
71
3
72
8
73
4
74
0
42
0.000000001
43
0.0000000001
44
0.0000000001
40
0
40
0
40
0
40
0
40
1
40
1
40
1
40
1
41
1
41
1
41
1
41
1
10
6.6356197145796161
20
28.904667496681213
30
0
10
6.635809867701564
20
29.083731582959494
30
0
10
6.6359010584370637
20
29.262795568307244
30
0
10
6.6358896532869682
20
29.441859856446584
30
0
0
SPLINE
5
171
100
AcDbEntity
8
0
100
AcDbSpline
70
4
71
3
72
8
73
4
74
0
42
0.000000001
43
0.0000000001
44
0.0000000001
40
0
40
0
40
0
40
0
40
1
40
1
40
1
40
1
41
1
41
1
41
1
41
1
10
6.6358896532869682
20
29.441859856446584
30
0
10
6.6358852628088343
20
29.542331961790723
30
0
10
6.6359213959392251
20
29.642803764343263
30
0
10
6.6360639603154201
20
29.74327576875687
30
0
0
SPLINE
5
172
100
AcDbEntity
8
0
100
AcDbSpline
70
4
71
3
72
8
73
4
74
0
42
0.000000001
43
0.0000000001
44
0.0000000001
40
0
40
0
40
0
40
0
40
1
40
1
40
1
40
1
41
1
41
1
41
1
41
1
10
6.6360639603154201
20
29.74327576875687
30
0
10
6.6361846227662102
20
29.828820753097535
30
0
10
6.6362130347109183
20
29.914365131855014
30
0
10
6.636123408398662
20
29.999910116195679
30
0
0
SPLINE
5
173
100
AcDbEntity
8
0
100
AcDbSpline
70
4
71
3
72
8
73
4
74
0
42
0.000000001
43
0.0000000001
44
0.0000000001
40
0
40
0
40
0
40
0
40
1
40
1
40
1
40
1
41
1
41
1
41
1
41
1
10
6.636123408398662
20
29.999910116195679
30
0
10
6.6360803110615754
20
30.043519171079001
30
0
10
6.6360935834265096
20
30.087126863400144
30
0
10
6.6361942111667336
20
30.130735817352932
30
0
0
SPLINE
5
174
100
AcDbEntity
8
0
100
AcDbSpline
70
4
71
3
72
8
73
4
74
0
42
0.000000001
43
0.0000000001
44
0.0000000001
40
0
40
0
40
0
40
0
40
1
40
1
40
1
40
1
41
1
41
1
41
1
41
1
10
6.6361942111667336
20
30.130735817352932
30
0
10
6.6362964537954667
20
30.178102364540102
30
0
10
6.6362348357057908
20
30.225466035207113
30
0
10
6.6361329463339196
20
30.272832531929019
30
0
0
SPLINE
5
175
100
AcDbEntity
8
0
100
AcDbSpline
70
4
71
3
72
8
73
4
74
0
42
0.000000001
43
0.0000000001
44
0.0000000001
40
0
40
0
40
0
40
0
40
1
40
1
40
1
40
1
41
1
41
1
41
1
41
1
10
6.6361329463339196
20
30.272832531929019
30
0
10
6.6362009735123646
20
30.286487877766291
30
0
10
6.6362690511560789
20
30.300143274068834
30
0
10
6.6363391474104274
20
30.314212435086571
30
0
0
SPLINE
5
176
100
AcDbEntity
8
0
100
AcDbSpline
70
4
71
3
72
8
73
4
74
0
42
0.000000001
43
0.0000000001
44
0.0000000001
40
0
40
0
40
0
40
0
40
1
40
1
40
1
40
1
41
1
41
1
41
1
41
1
10
6.6363391474104274
20
30.314212435086571
30
0
10
6.635587114017838
20
30.472845305204395
30
0
10
6.6055797099288647
20
30.628698144753773
30
0
10
6.4958162930822718
20
30.750618896484379
30
0
0
SPLINE
5
177
100
AcDbEntity
8
0
100
AcDbSpline
70
4
71
3
72
8
73
4
74
0
42
0.000000001
43
0.0000000001
44
0.0000000001
40
0
40
0
40
0
40
0
40
1
40
1
40
1
40
1
41
1
41
1
41
1
41
1
10
6.4958162930822718
20
30.750618896484379
30
0
10
6.3674979838943822
20
30.863355695257585
30
0
10
6.2497080538885141
20
30.892767179022002
30
0
10
6.0842013982153276
20
30.892287817001343
30
0
0
SPLINE
5
178
100
AcDbEntity
8
0
100
AcDbSpline
70
4
71
3
72
8
73
4
74
0
42
0.000000001
43
0.0000000001
44
0.0000000001
40
0
40
0
40
0
40
0
40
1
40
1
40
1
40
1
41
1
41
1
41
1
41
1
10
6.3021330248531049
20
30.558020833333334
30
0
10
6.3977124722020173
20
30.408532975912095
30
0
10
6.3977124722020173
20
30.408532975912095
30
0
10
6.3550496915197723
20
29.94947916666667
30
0
0
SPLINE
5
179
100
AcDbEntity
8
0
100
AcDbSpline
70
4
71
3
72
8
73
4
74
0
42
0.000000001
43
0.0000000001
44
0.0000000001
40
0
40
0
40
0
40
0
40
1
40
1
40
1
40
1
41
1
41
1
41
1
41
1
10
6.3550496915197723
20
29.94947916666667
30
0
10
5.700205941519771
20
29.94947916666667
30
0
10
5.0453621915197715
20
29.94947916666667
30
0
10
4.3706746915197705
20
29.94947916666667
30
0
0
SPLINE
5
180
100
AcDbEntity
8
0
100
AcDbSpline
70
4
71
3
72
8
73
4
74
0
42
0.000000001
43
0.0000000001
44
0.0000000001
40
0
40
0
40
0
40
0
40
1
40
1
40
1
40
1
41
1
41
1
41
1
41
1
10
4.3706746915197705
20
29.94947916666667
30
0
10
4.3619433930731155
20
29.997501005331678
30
0
10
4.3532120946264605
20
30.045522944927217
30
0
10
4.3442163581864373
20
30.094999999999999
30
0
0
SPLINE
5
181
100
AcDbEntity
8
0
100
AcDbSpline
70
4
71
3
72
8
73
4
74
0
42
0.000000001
43
0.0000000001
44
0.0000000001
40
0
40
0
40
0
40
0
40
1
40
1
40
1
40
1
41
1
41
1
41
1
41
1
10
4.3442163581864373
20
30.094999999999999
30
0
10
4.319689431510005
20
30.133323423862457
30
0
10
4.3051138515488638
20
30.154238702853526
30
0
10
4.2648413581864375
20
30.174375000000001
30
0
0
SPLINE
5
182
100
AcDbEntity
8
0
100
AcDbSpline
70
4
71
3
72
8
73
4
74
0
42
0.000000001
43
0.0000000001
44
0.0000000001
40
0
40
0
40
0
40
0
40
1
40
1
40
1
40
1
41
1
41
1
41
1
41
1
10
4.2648413581864375
20
30.174375000000001
30
0
10
4.2260664720551508
20
30.176171866257988
30
0
10
4.1876220324850415
20
30.177189700206121
30
0
10
4.1488277676916461
20
30.177527262369793
30
0
0
SPLINE
5
183
100
AcDbEntity
8
0
100
AcDbSpline
70
4
71
3
72
8
73
4
74
0
42
0.000000001
43
0.0000000001
44
0.0000000001
40
0
40
0
40
0
40
0
40
1
40
1
40
1
40
1
41
1
41
1
41
1
41
1
10
4.1488277676916461
20
30.177527262369793
30
0
10
4.1372766720470127
20
30.177634046872459
30
0
10
4.1257255764023801
20
30.177740831375122
30
0
10
4.1138244536733968
20
30.17785084565481
30
0
0
SPLINE
5
184
100
AcDbEntity
8
0
100
AcDbSpline
70
4
71
3
72
8
73
4
74
0
42
0.000000001
43
0.0000000001
44
0.0000000001
40
0
40
0
40
0
40
0
40
1
40
1
40
1
40
1
41
1
41
1
41
1
41
1
10
4.1138244536733968
20
30.17785084565481
30
0
10
4.0893479922628737
20
30.178033984104793
30
0
10
4.0648713289912877
20
30.178175791502003
30
0
10
4.0403944638586378
20
30.178279800415041
30
0
0
SPLINE
5
185
100
AcDbEntity
8
0
100
AcDbSpline
70
4
71
3
72
8
73
4
74
0
42
0.000000001
43
0.0000000001
44
0.0000000001
40
0
40
0
40
0
40
0
40
1
40
1
40
1
40
1
41
1
41
1
41
1
41
1
10
4.0403944638586378
20
30.178279800415041
30
0
10
4.0030227139807089
20
30.178507398764296
30
0
10
3.9656663055436154
20
30.179087900718056
30
0
10
3.9282985928869585
20
30.179671834309897
30
0
0
SPLINE
5
186
100
AcDbEntity
8
0
100
AcDbSpline
70
4
71
3
72
8
73
4
74
0
42
0.000000001
43
0.0000000001
44
0.0000000001
40
0
40
0
40
0
40
0
40
1
40
1
40
1
40
1
41
1
41
1
41
1
41
1
10
3.9282985928869585
20
30.179671834309897
30
0
10
3.9045189558681188
20
30.179805819590886
30
0
10
3.8807391169882157
20
30.1799184580644
30
0
10
3.8569592781083122
20
30.18000773111979
30
0
0
SPLINE
5
187
100
AcDbEntity
8
0
100
AcDbSpline
70
4
71
3
72
8
73
4
74
0
42
0.000000001
43
0.0000000001
44
0.0000000001
40
0
40
0
40
0
40
0
40
1
40
1
40
1
40
1
41
1
41
1
41
1
41
1
10
3.8569592781083122
20
30.18000773111979
30
0
10
3.8458088766750036
20
30.180239366690319
30
0
10
3.8346582733806311
20
30.180470951795577
30
0
10
3.8231699565267894
20
30.180709602038064
30
0
0
SPLINE
5
188
100
AcDbEntity
8
0
100
AcDbSpline
70
4
71
3
72
8
73
4
74
0
42
0.000000001
43
0.0000000001
44
0.0000000001
40
0
40
0
40
0
40
0
40
1
40
1
40
1
40
1
41
1
41
1
41
1
41
1
10
3.8231699565267894
20
30.180709602038064
30
0
10
3.7706846669531204
20
30.180516219139101
30
0
10
3.7425167722718253
20
30.178498365481694
30
0
10
3.6966751340246535
20
30.150871912638348
30
0
0
SPLINE
5
189
100
AcDbEntity
8
0
100
AcDbSpline
70
4
71
3
72
8
73
4
74
0
42
0.000000001
43
0.0000000001
44
0.0000000001
40
0
40
0
40
0
40
0
40
1
40
1
40
1
40
1
41
1
41
1
41
1
41
1
10
3.6966751340246535
20
30.150871912638348
30
0
10
3.6404925572093658
20
30.0899968735377
30
0
10
3.6391301968908647
20
30.040162726243338
30
0
10
3.6395565274572705
20
29.959090983072919
30
0
0
SPLINE
5
190
100
AcDbEntity
8
0
100
AcDbSpline
70
4
71
3
72
8
73
4
74
0
42
0.000000001
43
0.0000000001
44
0.0000000001
40
0
40
0
40
0
40
0
40
1
40
1
40
1
40
1
41
1
41
1
41
1
41
1
10
3.6395565274572705
20
29.959090983072919
30
0
10
3.6395312948243159
20
29.948489643732707
30
0
10
3.639505860330297
20
29.937888203461966
30
0
10
3.6394798202530874
20
29.926965602238976
30
0
0
SPLINE
5
191
100
AcDbEntity
8
0
100
AcDbSpline
70
4
71
3
72
8
73
4
74
0
42
0.000000001
43
0.0000000001
44
0.0000000001
40
0
40
0
40
0
40
0
40
1
40
1
40
1
40
1
41
1
41
1
41
1
41
1
10
3.6394798202530874
20
29.926965602238976
30
0
10
3.6394618546184239
20
29.904570933977762
30
0
10
3.639510503134761
20
29.882176164786021
30
0
10
3.6396211229976356
20
29.859781799316409
30
0
0
SPLINE
5
192
100
AcDbEntity
8
0
100
AcDbSpline
70
4
71
3
72
8
73
4
74
0
42
0.000000001
43
0.0000000001
44
0.0000000001
40
0
40
0
40
0
40
0
40
1
40
1
40
1
40
1
41
1
41
1
41
1
41
1
10
3.6396211229976356
20
29.859781799316409
30
0
10
3.639762425742183
20
29.825667885144554
30
0
10
3.6396225360250805
20
29.791563155651094
30
0
10
3.6394531745926875
20
29.757449544270834
30
0
0
SPLINE
5
193
100
AcDbEntity
8
0
100
AcDbSpline
70
4
71
3
72
8
73
4
74
0
42
0.000000001
43
0.0000000001
44
0.0000000001
40
0
40
0
40
0
40
0
40
1
40
1
40
1
40
1
41
1
41
1
41
1
41
1
10
3.6394531745926875
20
29.757449544270834
30
0
10
3.6394707365052241
20
29.735642089843751
30
0
10
3.6395046491639156
20
29.713834635416667
30
0
10
3.6395565274572705
20
29.692027180989587
30
0
0
SPLINE
5
194
100
AcDbEntity
8
0
100
AcDbSpline
70
4
71
3
72
8
73
4
74
0
42
0.000000001
43
0.0000000001
44
0.0000000001
40
0
40
0
40
0
40
0
40
1
40
1
40
1
40
1
41
1
41
1
41
1
41
1
10
3.6395565274572705
20
29.692027180989587
30
0
10
3.6395030342754064
20
29.68189607699712
30
0
10
3.6394493392324785
20
29.67176497300466
30
0
10
3.6393942311621048
20
29.661326939264935
30
0
0
SPLINE
5
195
100
AcDbEntity
8
0
100
AcDbSpline
70
4
71
3
72
8
73
4
74
0
42
0.000000001
43
0.0000000001
44
0.0000000001
40
0
40
0
40
0
40
0
40
1
40
1
40
1
40
1
41
1
41
1
41
1
41
1
10
3.6393942311621048
20
29.661326939264935
30
0
10
3.6399015080150305
20
29.602799544334417
30
0
10
3.6452804997778272
20
29.554095213413238
30
0
10
3.6695288581864371
20
29.4996875
30
0
0
SPLINE
5
196
100
AcDbEntity
8
0
100
AcDbSpline
70
4
71
3
72
8
73
4
74
0
42
0.000000001
43
0.0000000001
44
0.0000000001
40
0
40
0
40
0
40
0
40
1
40
1
40
1
40
1
41
1
41
1
41
1
41
1
10
3.6695288581864371
20
29.4996875
30
0
10
3.7017749519364376
20
29.482324218750001
30
0
10
3.7017749519364376
20
29.482324218750001
30
0
10
3.7356746915197707
20
29.47322916666667
30
0
0
SPLINE
5
197
100
AcDbEntity
8
0
100
AcDbSpline
70
4
71
3
72
8
73
4
74
0
42
0.000000001
43
0.0000000001
44
0.0000000001
40
0
40
0
40
0
40
0
40
1
40
1
40
1
40
1
41
1
41
1
41
1
41
1
10
3.7356746915197707
20
29.47322916666667
30
0
10
3.7487716391897536
20
29.468863517443342
30
0
10
3.7618683849986727
20
29.464497868220011
30
0
10
3.7753621915197706
20
29.460000000000001
30
0
0
SPLINE
5
198
100
AcDbEntity
8
0
100
AcDbSpline
70
4
71
3
72
8
73
4
74
0
42
0.000000001
43
0.0000000001
44
0.0000000001
40
0
40
0
40
0
40
0
40
1
40
1
40
1
40
1
41
1
41
1
41
1
41
1
10
3.7753621915197706
20
29.460000000000001
30
0
10
3.8086432269430497
20
29.458407013416291
30
0
10
3.8415473877605137
20
29.457512264251712
30
0
10
3.8748393236812291
20
29.457312825520834
30
0
0
SPLINE
5
199
100
AcDbEntity
8
0
100
AcDbSpline
70
4
71
3
72
8
73
4
74
0
42
0.000000001
43
0.0000000001
44
0.0000000001
40
0
40
0
40
0
40
0
40
1
40
1
40
1
40
1
41
1
41
1
41
1
41
1
10
3.8748393236812291
20
29.457312825520834
30
0
10
3.8894480088568066
20
29.457199682394663
30
0
10
3.8894480088568066
20
29.457199682394663
30
0
10
3.9043520167684891
20
29.457084318796795
30
0
0
SPLINE
5
200
100
AcDbEntity
8
0
100
AcDbSpline
70
4
71
3
72
8
73
4
74
0
42
0.000000001
43
0.0000000001
44
0.0000000001
40
0
40
0
40
0
40
0
40
1
40
1
40
1
40
1
41
1
41
1
41
1
41
1
10
3.9043520167684891
20
29.457084318796795
30
0
10
3.924956984839473
20
29.456959467728936
30
0
10
3.9455623566325841
20
29.456872869332635
30
0
10
3.9661677284256953
20
29.456821899414063
30
0
0
SPLINE
5
201
100
AcDbEntity
8
0
100
AcDbSpline
70
4
71
3
72
8
73
4
74
0
42
0.000000001
43
0.0000000001
44
0.0000000001
40
0
40
0
40
0
40
0
40
1
40
1
40
1
40
1
41
1
41
1
41
1
41
1
10
3.9661677284256953
20
29.456821899414063
30
0
10
3.9975260372178094
20
29.45669371763865
30
0
10
4.0288728399292957
20
29.456283334096277
30
0
10
4.0602285245275835
20
29.455865885416664
30
0
0
SPLINE
5
202
100
AcDbEntity
8
0
100
AcDbSpline
70
4
71
3
72
8
73
4
74
0
42
0.000000001
43
0.0000000001
44
0.0000000001
40
0
40
0
40
0
40
0
40
1
40
1
40
1
40
1
41
1
41
1
41
1
41
1
10
4.0602285245275835
20
29.455865885416664
30
0
10
4.0802874584214228
20
29.455779488881433
30
0
10
4.100346594176326
20
29.455710048675535
30
0
10
4.1204057299312291
20
29.455659179687501
30
0
0
SPLINE
5
203
100
AcDbEntity
8
0
100
AcDbSpline
70
4
71
3
72
8
73
4
74
0
42
0.000000001
43
0.0000000001
44
0.0000000001
40
0
40
0
40
0
40
0
40
1
40
1
40
1
40
1
41
1
41
1
41
1
41
1
10
4.1204057299312291
20
29.455659179687501
30
0
10
4.1297101119375563
20
29.455495874087021
30
0
10
4.1390146958049474
20
29.455332467556001
30
0
10
4.1486010777171787
20
29.455164216359456
30
0
0
SPLINE
5
204
100
AcDbEntity
8
0
100
AcDbSpline
70
4
71
3
72
8
73
4
74
0
42
0.000000001
43
0.0000000001
44
0.0000000001
40
0
40
0
40
0
40
0
40
1
40
1
40
1
40
1
41
1
41
1
41
1
41
1
10
4.1486010777171787
20
29.455164216359456
30
0
10
4.2104476741171224
20
29.455440967877706
30
0
10
4.2524690917349197
20
29.466249214808148
30
0
10
4.3045288581864378
20
29.4996875
30
0
0
SPLINE
5
205
100
AcDbEntity
8
0
100
AcDbSpline
70
4
71
3
72
8
73
4
74
0
42
0.000000001
43
0.0000000001
44
0.0000000001
40
0
40
0
40
0
40
0
40
1
40
1
40
1
40
1
41
1
41
1
41
1
41
1
10
4.3045288581864378
20
29.4996875
30
0
10
4.3442163581864373
20
29.552604166666669
30
0
10
4.3442163581864373
20
29.552604166666669
30
0
10
4.3706746915197705
20
29.698125000000001
30
0
0
SPLINE
5
206
100
AcDbEntity
8
0
100
AcDbSpline
70
4
71
3
72
8
73
4
74
0
42
0.000000001
43
0.0000000001
44
0.0000000001
40
0
40
0
40
0
40
0
40
1
40
1
40
1
40
1
41
1
41
1
41
1
41
1
10
4.3706746915197705
20
29.698125000000001
30
0
10
5.0255184415197718
20
29.698125000000001
30
0
10
5.6803621915197713
20
29.698125000000001
30
0
10
6.3550496915197723
20
29.698125000000001
30
0
0
SPLINE
5
207
100
AcDbEntity
8
0
100
AcDbSpline
70
4
71
3
72
8
73
4
74
0
42
0.000000001
43
0.0000000001
44
0.0000000001
40
0
40
0
40
0
40
0
40
1
40
1
40
1
40
1
41
1
41
1
41
1
41
1
10
6.3550496915197723
20
29.698125000000001
30
0
10
6.3664217111683232
20
29.359164948463441
30
0
10
6.3664217111683232
20
29.359164948463441
30
0
10
6.3688036969519004
20
29.020361944834395
30
0
0
SPLINE
5
208
100
AcDbEntity
8
0
100
AcDbSpline
70
4
71
3
72
8
73
4
74
0
42
0.000000001
43
0.0000000001
44
0.0000000001
40
0
40
0
40
0
40
0
40
1
40
1
40
1
40
1
41
1
41
1
41
1
41
1
10
6.3688036969519004
20
29.020361944834395
30
0
10
6.3684073679860775
20
28.947504634857179
30
0
10
6.3681667495982186
20
28.874649747212729
30
0
10
6.368076997122798
20
28.801791629791261
30
0
0
SPLINE
5
209
100
AcDbEntity
8
0
100
AcDbSpline
70
4
71
3
72
8
73
4
74
0
42
0.000000001
43
0.0000000001
44
0.0000000001
40
0
40
0
40
0
40
0
40
1
40
1
40
1
40
1
41
1
41
1
41
1
41
1
10
6.368076997122798
20
28.801791629791261
30
0
10
6.3677475346343062
20
28.550336936314903
30
0
10
6.3669123344834988
20
28.298884463310241
30
0
10
6.3658459781821906
20
28.04743178844452
30
0
0
SPLINE
5
210
100
AcDbEntity
8
0
100
AcDbSpline
70
4
71
3
72
8
73
4
74
0
42
0.000000001
43
0.0000000001
44
0.0000000001
40
0
40
0
40
0
40
0
40
1
40
1
40
1
40
1
41
1
41
1
41
1
41
1
10
6.3658459781821906
20
28.04743178844452
30
0
10
6.3653163452164669
20
27.921106327374776
30
0
10
6.3648888287163121
20
27.794782077471414
30
0
10
6.364693805696203
20
27.668455607096355
30
0
0
SPLINE
5
211
100
AcDbEntity
8
0
100
AcDbSpline
70
4
71
3
72
8
73
4
74
0
42
0.000000001
43
0.0000000001
44
0.0000000001
40
0
40
0
40
0
40
0
40
1
40
1
40
1
40
1
41
1
41
1
41
1
41
1
10
6.364693805696203
20
27.668455607096355
30
0
10
6.3645217443720838
20
27.557132662137352
30
0
10
6.3641659137821538
20
27.445812139511109
30
0
10
6.3635876323000931
20
27.33449020385742
30
0
0
SPLINE
5
212
100
AcDbEntity
8
0
100
AcDbSpline
70
4
71
3
72
8
73
4
74
0
42
0.000000001
43
0.0000000001
44
0.0000000001
40
0
40
0
40
0
40
0
40
1
40
1
40
1
40
1
41
1
41
1
41
1
41
1
10
6.3635876323000931
20
27.33449020385742
30
0
10
6.3632893321133004
20
27.275880247751871
30
0
10
6.3630809357977247
20
27.217273521423341
30
0
10
6.3630945614195209
20
27.158662757873536
30
0
0
SPLINE
5
213
100
AcDbEntity
8
0
100
AcDbSpline
70
4
71
3
72
8
73
4
74
0
42
0.000000001
43
0.0000000001
44
0.0000000001
40
0
40
0
40
0
40
0
40
1
40
1
40
1
40
1
41
1
41
1
41
1
41
1
10
6.3630945614195209
20
27.158662757873536
30
0
10
6.3631044273790058
20
27.103820740381877
30
0
10
6.3628677452818891
20
27.048985586166381
30
0
10
6.3624425754165994
20
26.994145183563234
30
0
0
SPLINE
5
214
100
AcDbEntity
8
0
100
AcDbSpline
70
4
71
3
72
8
73
4
74
0
42
0.000000001
43
0.0000000001
44
0.0000000001
40
0
40
0
40
0
40
0
40
1
40
1
40
1
40
1
41
1
41
1
41
1
41
1
10
6.3624425754165994
20
26.994145183563234
30
0
10
6.3623301388041522
20
26.974088672002161
30
0
10
6.3623069752470993
20
26.954031352996829
30
0
10
6.3623812601185179
20
26.933974437713623
30
0
0
SPLINE
5
215
100
AcDbEntity
8
0
100
AcDbSpline
70
4
71
3
72
8
73
4
74
0
42
0.000000001
43
0.0000000001
44
0.0000000001
40
0
40
0
40
0
40
0
40
1
40
1
40
1
40
1
41
1
41
1
41
1
41
1
10
6.3623812601185179
20
26.933974437713623
30
0
10
6.3661244202868481
20
26.790985345840454
30
0
10
6.3661244202868481
20
26.790985345840454
30
0
10
6.3021330248531049
20
26.668645833333336
30
0
0
SPLINE
5
216
100
AcDbEntity
8
0
100
AcDbSpline
70
4
71
3
72
8
73
4
74
0
42
0.000000001
43
0.0000000001
44
0.0000000001
40
0
40
0
40
0
40
0
40
1
40
1
40
1
40
1
41
1
41
1
41
1
41
1
10
6.3021330248531049
20
26.668645833333336
30
0
10
6.2241286867078482
20
26.592669366200766
30
0
10
6.1375871079878355
20
26.593256781895956
30
0
10
6.0332127822653794
20
26.594614903132122
30
0
0
SPLINE
5
217
100
AcDbEntity
8
0
100
AcDbSpline
70
4
71
3
72
8
73
4
74
0
42
0.000000001
43
0.0000000001
44
0.0000000001
40
0
40
0
40
0
40
0
40
1
40
1
40
1
40
1
41
1
41
1
41
1
41
1
10
6.0332127822653794
20
26.594614903132122
30
0
10
6.0241562288717763
20
26.594738845825194
30
0
10
6.0150996754781749
20
26.5948631922404
30
0
10
6.0057686856603967
20
26.594990768432616
30
0
0
SPLINE
5
218
100
AcDbEntity
8
0
100
AcDbSpline
70
4
71
3
72
8
73
4
74
0
42
0.000000001
43
0.0000000001
44
0.0000000001
40
0
40
0
40
0
40
0
40
1
40
1
40
1
40
1
41
1
41
1
41
1
41
1
10
6.0057686856603967
20
26.594990768432616
30
0
10
5.9865938401437147
20
26.595009339650471
30
0
10
5.9674189567780829
20
26.594998842875164
30
0
10
5.9482441364940346
20
26.594961700439455
30
0
0
SPLINE
5
219
100
AcDbEntity
8
0
100
AcDbSpline
70
4
71
3
72
8
73
4
74
0
42
0.000000001
43
0.0000000001
44
0.0000000001
40
0
40
0
40
0
40
0
40
1
40
1
40
1
40
1
41
1
41
1
41
1
41
1
10
5.9482441364940346
20
26.594961700439455
30
0
10
5.8964518359518392
20
26.594942725499472
30
0
10
5.8446697798586236
20
26.595330298741658
30
0
10
5.7928798511839252
20
26.595793368021646
30
0
0
SPLINE
5
220
100
AcDbEntity
8
0
100
AcDbSpline
70
4
71
3
72
8
73
4
74
0
42
0.000000001
43
0.0000000001
44
0.0000000001
40
0
40
0
40
0
40
0
40
1
40
1
40
1
40
1
41
1
41
1
41
1
41
1
10
5.7928798511839252
20
26.595793368021646
30
0
10
5.7386593386745783
20
26.596207990646363
30
0
10
5.6844385486062707
20
26.596245536804201
30
0
10
5.6302166735347452
20
26.596323858896895
30
0
0
SPLINE
5
221
100
AcDbEntity
8
0
100
AcDbSpline
70
4
71
3
72
8
73
4
74
0
42
0.000000001
43
0.0000000001
44
0.0000000001
40
0
40
0
40
0
40
0
40
1
40
1
40
1
40
1
41
1
41
1
41
1
41
1
10
5.6302166735347452
20
26.596323858896895
30
0
10
5.527658081771567
20
26.596529353459676
30
0
10
5.425104233743383
20
26.59707155227661
30
0
10
5.3225477110561066
20
26.597736078898112
30
0
0
SPLINE
5
222
100
AcDbEntity
8
0
100
AcDbSpline
70
4
71
3
72
8
73
4
74
0
42
0.000000001
43
0.0000000001
44
0.0000000001
40
0
40
0
40
0
40
0
40
1
40
1
40
1
40
1
41
1
41
1
41
1
41
1
10
5.3225477110561066
20
26.597736078898112
30
0
10
5.2057412103033407
20
26.598476909001668
30
0
10
5.0889344067589786
20
26.598839451471967
30
0
10
4.9721260892566379
20
26.599171311060591
30
0
0
SPLINE
5
223
100
AcDbEntity
8
0
100
AcDbSpline
70
4
71
3
72
8
73
4
74
0
42
0.000000001
43
0.0000000001
44
0.0000000001
40
0
40
0
40
0
40
0
40
1
40
1
40
1
40
1
41
1
41
1
41
1
41
1
10
4.9721260892566379
20
26.599171311060591
30
0
10
4.7319515938775076
20
26.599861675898239
30
0
10
4.4917835580524148
20
26.601074457168579
30
0
10
4.2516121915197704
20
26.602499999999999
30
0
0
SPLINE
5
224
100
AcDbEntity
8
0
100
AcDbSpline
70
4
71
3
72
8
73
4
74
0
42
0.000000001
43
0.0000000001
44
0.0000000001
40
0
40
0
40
0
40
0
40
1
40
1
40
1
40
1
41
1
41
1
41
1
41
1
10
4.2516121915197704
20
26.602499999999999
30
0
10
4.2516121915197704
20
26.781490608851115
30
0
10
4.2516121915197704
20
26.960481217702231
30
0
10
4.2516121915197704
20
27.144895833333337
30
0
0
SPLINE
5
225
100
AcDbEntity
8
0
100
AcDbSpline
70
4
71
3
72
8
73
4
74
0
42
0.000000001
43
0.0000000001
44
0.0000000001
40
0
40
0
40
0
40
0
40
1
40
1
40
1
40
1
41
1
41
1
41
1
41
1
10
4.2516121915197704
20
27.144895833333337
30
0
10
4.291880243938798
20
27.145227289199831
30
0
10
4.3321480944967607
20
27.145558745066328
30
0
10
4.3736363970454875
20
27.145900293986003
30
0
0
SPLINE
5
226
100
AcDbEntity
8
0
100
AcDbSpline
70
4
71
3
72
8
73
4
74
0
42
0.000000001
43
0.0000000001
44
0.0000000001
40
0
40
0
40
0
40
0
40
1
40
1
40
1
40
1
41
1
41
1
41
1
41
1
10
4.3736363970454875
20
27.145900293986003
30
0
10
4.5064885309553482
20
27.147003262837728
30
0
10
4.6393400592820191
20
27.148176479339597
30
0
10
4.7721912848170938
20
27.149384819666547
30
0
0
SPLINE
5
227
100
AcDbEntity
8
0
100
AcDbSpline
70
4
71
3
72
8
73
4
74
0
42
0.000000001
43
0.0000000001
44
0.0000000001
40
0
40
0
40
0
40
0
40
1
40
1
40
1
40
1
41
1
41
1
41
1
41
1
10
4.7721912848170938
20
27.149384819666547
30
0
10
4.8527608985917112
20
27.150115556716919
30
0
10
4.9333306132968602
20
27.150822474161785
30
0
10
5.0139009335851998
20
27.151474889119463
30
0
0
SPLINE
5
228
100
AcDbEntity
8
0
100
AcDbSpline
70
4
71
3
72
8
73
4
74
0
42
0.000000001
43
0.0000000001
44
0.0000000001
40
0
40
0
40
0
40
0
40
1
40
1
40
1
40
1
41
1
41
1
41
1
41
1
10
5.0139009335851998
20
27.151474889119463
30
0
10
5.0916147179619813
20
27.152105099360149
30
0
10
5.1693277958250388
20
27.152797482808431
30
0
10
5.2470406718270324
20
27.153533871968591
30
0
0
SPLINE
5
229
100
AcDbEntity
8
0
100
AcDbSpline
70
4
71
3
72
8
73
4
74
0
42
0.000000001
43
0.0000000001
44
0.0000000001
40
0
40
0
40
0
40
0
40
1
40
1
40
1
40
1
41
1
41
1
41
1
41
1
10
5.2470406718270324
20
27.153533871968591
30
0
10
5.2767312549766245
20
27.153803962071738
30
0
10
5.3064220904525463
20
27.15405144373576
30
0
10
5.3361131277895311
20
27.154276316960654
30
0
0
SPLINE
5
230
100
AcDbEntity
8
0
100
AcDbSpline
70
4
71
3
72
8
73
4
74
0
42
0.000000001
43
0.0000000001
44
0.0000000001
40
0
40
0
40
0
40
0
40
1
40
1
40
1
40
1
41
1
41
1
41
1
41
1
10
5.3361131277895311
20
27.154276316960654
30
0
10
5.3776090001281442
20
27.154594449996949
30
0
10
5.4191034594393113
20
27.15499211629232
30
0
10
5.4605984738684032
20
27.15540875752767
30
0
0
SPLINE
5
231
100
AcDbEntity
8
0
100
AcDbSpline
70
4
71
3
72
8
73
4
74
0
42
0.000000001
43
0.0000000001
44
0.0000000001
40
0
40
0
40
0
40
0
40
1
40
1
40
1
40
1
41
1
41
1
41
1
41
1
10
5.4605984738684032
20
27.15540875752767
30
0
10
5.4729497467693031
20
27.155485061009728
30
0
10
5.4853010196702021
20
27.155560960769655
30
0
10
5.498026542983089
20
27.155639282862346
30
0
0
SPLINE
5
232
100
AcDbEntity
8
0
100
AcDbSpline
70
4
71
3
72
8
73
4
74
0
42
0.000000001
43
0.0000000001
44
0.0000000001
40
0
40
0
40
0
40
0
40
1
40
1
40
1
40
1
41
1
41
1
41
1
41
1
10
5.498026542983089
20
27.155639282862346
30
0
10
5.5093236469443969
20
27.155768877665203
30
0
10
5.5206207509057066
20
27.15589847246806
30
0
10
5.5322601607656816
20
27.156032104492187
30
0
0
SPLINE
5
233
100
AcDbEntity
8
0
100
AcDbSpline
70
4
71
3
72
8
73
4
74
0
42
0.000000001
43
0.0000000001
44
0.0000000001
40
0
40
0
40
0
40
0
40
1
40
1
40
1
40
1
41
1
41
1
41
1
41
1
10
5.5322601607656816
20
27.156032104492187
30
0
10
5.5420767652209939
20
27.156117289861044
30
0
10
5.5518933696763062
20
27.1562024752299
30
0
10
5.5620074668741566
20
27.156290486653649
30
0
0
SPLINE
5
234
100
AcDbEntity
8
0
100
AcDbSpline
70
4
71
3
72
8
73
4
74
0
42
0.000000001
43
0.0000000001
44
0.0000000001
40
0
40
0
40
0
40
0
40
1
40
1
40
1
40
1
41
1
41
1
41
1
41
1
10
5.5620074668741566
20
27.156290486653649
30
0
10
5.5877580248531045
20
27.158125000000002
30
0
10
5.5877580248531045
20
27.158125000000002
30
0
10
5.6274455248531039
20
27.171354166666667
30
0
0
SPLINE
5
235
100
AcDbEntity
8
0
100
AcDbSpline
70
4
71
3
72
8
73
4
74
0
42
0.000000001
43
0.0000000001
44
0.0000000001
40
0
40
0
40
0
40
0
40
1
40
1
40
1
40
1
41
1
41
1
41
1
41
1
10
5.6274455248531039
20
27.171354166666667
30
0
10
5.6430809763288838
20
27.21144821484884
30
0
10
5.6426800297912294
20
27.251988375981647
30
0
10
5.6433909339921016
20
27.294641215006511
30
0
0
SPLINE
5
236
100
AcDbEntity
8
0
100
AcDbSpline
70
4
71
3
72
8
73
4
74
0
42
0.000000001
43
0.0000000001
44
0.0000000001
40
0
40
0
40
0
40
0
40
1
40
1
40
1
40
1
41
1
41
1
41
1
41
1
10
5.6433909339921016
20
27.294641215006511
30
0
10
5.6437867330726332
20
27.315691286722821
30
0
10
5.6437867330726332
20
27.315691286722821
30
0
10
5.6441905056651773
20
27.337166881561281
30
0
0
SPLINE
5
237
100
AcDbEntity
8
0
100
AcDbSpline
70
4
71
3
72
8
73
4
74
0
42
0.000000001
43
0.0000000001
44
0.0000000001
40
0
40
0
40
0
40
0
40
1
40
1
40
1
40
1
41
1
41
1
41
1
41
1
10
5.6441905056651773
20
27.337166881561281
30
0
10
5.6445221633927369
20
27.359762401580809
30
0
10
5.6445221633927369
20
27.359762401580809
30
0
10
5.6448604825353961
20
27.382814127604167
30
0
0
SPLINE
5
238
100
AcDbEntity
8
0
100
AcDbSpline
70
4
71
3
72
8
73
4
74
0
42
0.000000001
43
0.0000000001
44
0.0000000001
40
0
40
0
40
0
40
0
40
1
40
1
40
1
40
1
41
1
41
1
41
1
41
1
10
5.6448604825353961
20
27.382814127604167
30
0
10
5.645135417304072
20
27.398301715850831
30
0
10
5.645410301607483
20
27.413789707819621
30
0
10
5.645693563145036
20
27.42974682490031
30
0
0
SPLINE
5
239
100
AcDbEntity
8
0
100
AcDbSpline
70
4
71
3
72
8
73
4
74
0
42
0.000000001
43
0.0000000001
44
0.0000000001
40
0
40
0
40
0
40
0
40
1
40
1
40
1
40
1
41
1
41
1
41
1
41
1
10
5.645693563145036
20
27.42974682490031
30
0
10
5.6465584368721977
20
27.479214089711512
30
0
10
5.6473382766263027
20
27.528682363828025
30
0
10
5.6481160977697709
20
27.578151041666668
30
0
0
SPLINE
5
240
100
AcDbEntity
8
0
100
AcDbSpline
70
4
71
3
72
8
73
4
74
0
42
0.000000001
43
0.0000000001
44
0.0000000001
40
0
40
0
40
0
40
0
40
1
40
1
40
1
40
1
41
1
41
1
41
1
41
1
10
5.6481160977697709
20
27.578151041666668
30
0
10
5.6486875664409339
20
27.611689046223962
30
0
10
5.6492645358260809
20
27.645227050781251
30
0
10
5.6498472582515413
20
27.678765055338541
30
0
0
SPLINE
5
241
100
AcDbEntity
8
0
100
AcDbSpline
70
4
71
3
72
8
73
4
74
0
42
0.000000001
43
0.0000000001
44
0.0000000001
40
0
40
0
40
0
40
0
40
1
40
1
40
1
40
1
41
1
41
1
41
1
41
1
10
5.6498472582515413
20
27.678765055338541
30
0
10
5.6512636668698333
20
27.760981249809266
30
0
10
5.6526102315601046
20
27.843198453585309
30
0
10
5.6539038581864371
20
27.925416666666667
30
0
0
SPLINE
5
242
100
AcDbEntity
8
0
100
AcDbSpline
70
4
71
3
72
8
73
4
74
0
42
0.000000001
43
0.0000000001
44
0.0000000001
40
0
40
0
40
0
40
0
40
1
40
1
40
1
40
1
41
1
41
1
41
1
41
1
10
5.6539038581864371
20
27.925416666666667
30
0
10
5.6629260888910622
20
27.929664025306703
30
0
10
5.6719482943630561
20
27.933911383946736
30
0
10
5.6812439206457475
20
27.938287328084314
30
0
0
SPLINE
5
243
100
AcDbEntity
8
0
100
AcDbSpline
70
4
71
3
72
8
73
4
74
0
42
0.000000001
43
0.0000000001
44
0.0000000001
40
0
40
0
40
0
40
0
40
1
40
1
40
1
40
1
41
1
41
1
41
1
41
1
10
5.6812439206457475
20
27.938287328084314
30
0
10
5.6931118876950286
20
27.944016145070396
30
0
10
5.7049798799769427
20
27.949744962056478
30
0
10
5.71720748774373
20
27.955647379557291
30
0
0
SPLINE
5
244
100
AcDbEntity
8
0
100
AcDbSpline
70
4
71
3
72
8
73
4
74
0
42
0.000000001
43
0.0000000001
44
0.0000000001
40
0
40
0
40
0
40
0
40
1
40
1
40
1
40
1
41
1
41
1
41
1
41
1
10
5.71720748774373
20
27.955647379557291
30
0
10
5.7289582239803014
20
27.9612589152654
30
0
10
5.7407089602168737
20
27.966870450973509
30
0
10
5.7528157793697066
20
27.972652155558269
30
0
0
SPLINE
5
245
100
AcDbEntity
8
0
100
AcDbSpline
70
4
71
3
72
8
73
4
74
0
42
0.000000001
43
0.0000000001
44
0.0000000001
40
0
40
0
40
0
40
0
40
1
40
1
40
1
40
1
41
1
41
1
41
1
41
1
10
5.7528157793697066
20
27.972652155558269
30
0
10
5.8361626481231399
20
28.019869880676271
30
0
10
5.8874460190749511
20
28.103628495534263
30
0
10
5.9143530769364379
20
28.194134114583335
30
0
0
SPLINE
5
246
100
AcDbEntity
8
0
100
AcDbSpline
70
4
71
3
72
8
73
4
74
0
42
0.000000001
43
0.0000000001
44
0.0000000001
40
0
40
0
40
0
40
0
40
1
40
1
40
1
40
1
41
1
41
1
41
1
41
1
10
5.9143530769364379
20
28.194134114583335
30
0
10
5.9294205166117688
20
28.323714181582137
30
0
10
5.9072531186755839
20
28.425233945846561
30
0
10
5.8391121915197708
20
28.538092447916668
30
0
0
SPLINE
5
247
100
AcDbEntity
8
0
100
AcDbSpline
70
4
71
3
72
8
73
4
74
0
42
0.000000001
43
0.0000000001
44
0.0000000001
40
0
40
0
40
0
40
0
40
1
40
1
40
1
40
1
41
1
41
1
41
1
41
1
10
5.8391121915197708
20
28.538092447916668
30
0
10
5.7611655099408177
20
28.619356060028078
30
0
10
5.6561372489945434
20
28.657939178148908
30
0
10
5.5455900561031051
20
28.661289062500003
30
0
0
SPLINE
5
248
100
AcDbEntity
8
0
100
AcDbSpline
70
4
71
3
72
8
73
4
74
0
42
0.000000001
43
0.0000000001
44
0.0000000001
40
0
40
0
40
0
40
0
40
1
40
1
40
1
40
1
41
1
41
1
41
1
41
1
10
5.5455900561031051
20
28.661289062500003
30
0
10
5.4285824512656866
20
28.655741920471193
30
0
10
5.33955919893745
20
28.618364316622419
30
0
10
5.2570288581864375
20
28.533958333333334
30
0
0
SPLINE
5
249
100
AcDbEntity
8
0
100
AcDbSpline
70
4
71
3
72
8
73
4
74
0
42
0.000000001
43
0.0000000001
44
0.0000000001
40
0
40
0
40
0
40
0
40
1
40
1
40
1
40
1
41
1
41
1
41
1
41
1
10
5.2570288581864375
20
28.533958333333334
30
0
10
5.188108141741786
20
28.429736860593163
30
0
10
5.1658994884507203
20
28.341286187171939
30
0
10
5.1776538581864369
20
28.216458333333335
30
0
0
SPLINE
5
250
100
AcDbEntity
8
0
100
AcDbSpline
70
4
71
3
72
8
73
4
74
0
42
0.000000001
43
0.0000000001
44
0.0000000001
40
0
40
0
40
0
40
0
40
1
40
1
40
1
40
1
41
1
41
1
41
1
41
1
10
5.1776538581864369
20
28.216458333333335
30
0
10
5.2002391842222551
20
28.127407526969911
30
0
10
5.2414659757630364
20
28.053068758646646
30
0
10
5.3099455248531049
20
27.991562500000001
30
0
0
SPLINE
5
251
100
AcDbEntity
8
0
100
AcDbSpline
70
4
71
3
72
8
73
4
74
0
42
0.000000001
43
0.0000000001
44
0.0000000001
40
0
40
0
40
0
40
0
40
1
40
1
40
1
40
1
41
1
41
1
41
1
41
1
10
5.3099455248531049
20
27.991562500000001
30
0
10
5.3281284629520123
20
27.982002158164981
30
0
10
5.3464543691492414
20
27.972709484100342
30
0
10
5.364903410595292
20
27.963673375447591
30
0
0
SPLINE
5
252
100
AcDbEntity
8
0
100
AcDbSpline
70
4
71
3
72
8
73
4
74
0
42
0.000000001
43
0.0000000001
44
0.0000000001
40
0
40
0
40
0
40
0
40
1
40
1
40
1
40
1
41
1
41
1
41
1
41
1
10
5.364903410595292
20
27.963673375447591
30
0
10
5.3967304407771763
20
27.9441049639384
30
0
10
5.4127130428171499
20
27.934259998003643
30
0
10
5.4250709266678836
20
27.898613958358766
30
0
0
SPLINE
5
253
100
AcDbEntity
8
0
100
AcDbSpline
70
4
71
3
72
8
73
4
74
0
42
0.000000001
43
0.0000000001
44
0.0000000001
40
0
40
0
40
0
40
0
40
1
40
1
40
1
40
1
41
1
41
1
41
1
41
1
10
5.4250709266678836
20
27.898613958358766
30
0
10
5.4280389403518381
20
27.865369661649069
30
0
10
5.427694615842535
20
27.833647599220278
30
0
10
5.4261141446447709
20
27.80030802408854
30
0
0
SPLINE
5
254
100
AcDbEntity
8
0
100
AcDbSpline
70
4
71
3
72
8
73
4
74
0
42
0.000000001
43
0.0000000001
44
0.0000000001
40
0
40
0
40
0
40
0
40
1
40
1
40
1
40
1
41
1
41
1
41
1
41
1
10
5.4261141446447709
20
27.80030802408854
30
0
10
5.4258895237462053
20
27.782389826774597
30
0
10
5.4258895237462053
20
27.782389826774597
30
0
10
5.4256603609737102
20
27.764109692573548
30
0
0
SPLINE
5
255
100
AcDbEntity
8
0
100
AcDbSpline
70
4
71
3
72
8
73
4
74
0
42
0.000000001
43
0.0000000001
44
0.0000000001
40
0
40
0
40
0
40
0
40
1
40
1
40
1
40
1
41
1
41
1
41
1
41
1
10
5.4256603609737102
20
27.764109692573548
30
0
10
5.4250693117793736
20
27.7260724067688
30
0
10
5.4237419743554138
20
27.688101936976114
30
0
10
5.4223934415197705
20
27.650084635416668
30
0
0
SPLINE
5
256
100
AcDbEntity
8
0
100
AcDbSpline
70
4
71
3
72
8
73
4
74
0
42
0.000000001
43
0.0000000001
44
0.0000000001
40
0
40
0
40
0
40
0
40
1
40
1
40
1
40
1
41
1
41
1
41
1
41
1
10
5.4223934415197705
20
27.650084635416668
30
0
10
5.4218624459918674
20
27.624255906740824
30
0
10
5.4213795943276422
20
27.598426370620729
30
0
10
5.4209465014156049
20
27.572595825195311
30
0
0
SPLINE
5
257
100
AcDbEntity
8
0
100
AcDbSpline
70
4
71
3
72
8
73
4
74
0
42
0.000000001
43
0.0000000001
44
0.0000000001
40
0
40
0
40
0
40
0
40
1
40
1
40
1
40
1
41
1
41
1
41
1
41
1
10
5.4209465014156049
20
27.572595825195311
30
0
10
5.4197815612173414
20
27.509378592173263
30
0
10
5.4179562325493835
20
27.44621101697286
30
0
10
5.415778858186437
20
27.383020833333337
30
0
0
SPLINE
5
258
100
AcDbEntity
8
0
100
AcDbSpline
70
4
71
3
72
8
73
4
74
0
42
0.000000001
43
0.0000000001
44
0.0000000001
40
0
40
0
40
0
40
0
40
1
40
1
40
1
40
1
41
1
41
1
41
1
41
1
10
5.415778858186437
20
27.383020833333337
30
0
10
5.3991570126231849
20
27.382972790400189
30
0
10
5.3825352175251986
20
27.382924343744914
30
0
10
5.3654096781428997
20
27.382874685923259
30
0
0
SPLINE
5
259
100
AcDbEntity
8
0
100
AcDbSpline
70
4
71
3
72
8
73
4
74
0
42
0.000000001
43
0.0000000001
44
0.0000000001
40
0
40
0
40
0
40
0
40
1
40
1
40
1
40
1
41
1
41
1
41
1
41
1
10
5.3654096781428997
20
27.382874685923259
30
0
10
5.2088995285050412
20
27.382386182149254
30
0
10
5.0523928105052649
20
27.38162274360657
30
0
10
4.8958851841307025
20
27.380588003794351
30
0
0
SPLINE
5
260
100
AcDbEntity
8
0
100
AcDbSpline
70
4
71
3
72
8
73
4
74
0
42
0.000000001
43
0.0000000001
44
0.0000000001
40
0
40
0
40
0
40
0
40
1
40
1
40
1
40
1
41
1
41
1
41
1
41
1
10
4.8958851841307025
20
27.380588003794351
30
0
10
4.8154194278733273
20
27.380064779917397
30
0
10
4.7349554883655252
20
27.379639660517373
30
0
10
4.6544881172196408
20
27.379435780843096
30
0
0
SPLINE
5
261
100
AcDbEntity
8
0
100
AcDbSpline
70
4
71
3
72
8
73
4
74
0
42
0.000000001
43
0.0000000001
44
0.0000000001
40
0
40
0
40
0
40
0
40
1
40
1
40
1
40
1
41
1
41
1
41
1
41
1
10
4.6544881172196408
20
27.379435780843096
30
0
10
4.5768580042537383
20
27.37923553466797
30
0
10
4.4992332406060234
20
27.378780943552652
30
0
10
4.4216055499728855
20
27.37814831097921
30
0
0
SPLINE
5
262
100
AcDbEntity
8
0
100
AcDbSpline
70
4
71
3
72
8
73
4
74
0
42
0.000000001
43
0.0000000001
44
0.0000000001
40
0
40
0
40
0
40
0
40
1
40
1
40
1
40
1
41
1
41
1
41
1
41
1
10
4.4216055499728855
20
27.37814831097921
30
0
10
4.3919630602217055
20
27.377951698303225
30
0
10
4.3623198639568024
20
27.377847537994384
30
0
10
4.3326765667613678
20
27.377836637496952
30
0
0
SPLINE
5
263
100
AcDbEntity
8
0
100
AcDbSpline
70
4
71
3
72
8
73
4
74
0
42
0.000000001
43
0.0000000001
44
0.0000000001
40
0
40
0
40
0
40
0
40
1
40
1
40
1
40
1
41
1
41
1
41
1
41
1
10
4.3326765667613678
20
27.377836637496952
30
0
10
4.2912100652075145
20
27.377805147171021
30
0
10
4.2497585013723711
20
27.37744825681051
30
0
10
4.2082944221512815
20
27.377013448079424
30
0
0
SPLINE
5
264
100
AcDbEntity
8
0
100
AcDbSpline
70
4
71
3
72
8
73
4
74
0
42
0.000000001
43
0.0000000001
44
0.0000000001
40
0
40
0
40
0
40
0
40
1
40
1
40
1
40
1
41
1
41
1
41
1
41
1
10
4.2082944221512815
20
27.377013448079424
30
0
10
4.1898388706859286
20
27.377113167444868
30
0
10
4.1898388706859286
20
27.377113167444868
30
0
10
4.1710104818360341
20
27.377214905420942
30
0
0
SPLINE
5
265
100
AcDbEntity
8
0
100
AcDbSpline
70
4
71
3
72
8
73
4
74
0
42
0.000000001
43
0.0000000001
44
0.0000000001
40
0
40
0
40
0
40
0
40
1
40
1
40
1
40
1
41
1
41
1
41
1
41
1
10
4.1710104818360341
20
27.377214905420942
30
0
10
4.0880044050232902
20
27.37586485862732
30
0
10
4.0880044050232902
20
27.37586485862732
30
0
10
4.045960177105302
20
27.345362440745035
30
0
0
SPLINE
5
266
100
AcDbEntity
8
0
100
AcDbSpline
70
4
71
3
72
8
73
4
74
0
42
0.000000001
43
0.0000000001
44
0.0000000001
40
0
40
0
40
0
40
0
40
1
40
1
40
1
40
1
41
1
41
1
41
1
41
1
10
4.045960177105302
20
27.345362440745035
30
0
10
4.0155566711442008
20
27.30035469055176
30
0
10
4.0116857833878532
20
27.263680168787641
30
0
10
4.0107709490474406
20
27.210747756958007
30
0
0
SPLINE
5
267
100
AcDbEntity
8
0
100
AcDbSpline
70
4
71
3
72
8
73
4
74
0
42
0.000000001
43
0.0000000001
44
0.0000000001
40
0
40
0
40
0
40
0
40
1
40
1
40
1
40
1
41
1
41
1
41
1
41
1
10
4.0107709490474406
20
27.210747756958007
30
0
10
4.0105071166372639
20
27.19724284807841
30
0
10
4.0102432842270872
20
27.18373834292094
30
0
10
4.0099713773743648
20
27.169824059804281
30
0
0
SPLINE
5
268
100
AcDbEntity
8
0
100
AcDbSpline
70
4
71
3
72
8
73
4
74
0
42
0.000000001
43
0.0000000001
44
0.0000000001
40
0
40
0
40
0
40
0
40
1
40
1
40
1
40
1
41
1
41
1
41
1
41
1
10
4.0099713773743648
20
27.169824059804281
30
0
10
4.0096397196468052
20
27.147994400660199
30
0
10
4.0096397196468052
20
27.147994400660199
30
0
10
4.0093014005041452
20
27.125723876953124
30
0
0
SPLINE
5
269
100
AcDbEntity
8
0
100
AcDbSpline
70
4
71
3
72
8
73
4
74
0
42
0.000000001
43
0.0000000001
44
0.0000000001
40
0
40
0
40
0
40
0
40
1
40
1
40
1
40
1
41
1
41
1
41
1
41
1
10
4.0093014005041452
20
27.125723876953124
30
0
10
4.0090264657354693
20
27.11080472946167
30
0
10
4.0087515309667925
20
27.095885581970215
30
0
10
4.0084683198945061
20
27.08051386197408
30
0
0
SPLINE
5
270
100
AcDbEntity
8
0
100
AcDbSpline
70
4
71
3
72
8
73
4
74
0
42
0.000000001
43
0.0000000001
44
0.0000000001
40
0
40
0
40
0
40
0
40
1
40
1
40
1
40
1
41
1
41
1
41
1
41
1
10
4.0084683198945061
20
27.08051386197408
30
0
10
4.0076025377925575
20
27.032797943751021
30
0
10
4.006823152225846
20
26.985080814361574
30
0
10
4.0060457852697704
20
26.937363281250001
30
0
0
SPLINE
5
271
100
AcDbEntity
8
0
100
AcDbSpline
70
4
71
3
72
8
73
4
74
0
42
0.000000001
43
0.0000000001
44
0.0000000001
40
0
40
0
40
0
40
0
40
1
40
1
40
1
40
1
41
1
41
1
41
1
41
1
10
4.0060457852697704
20
26.937363281250001
30
0
10
4.0054745184596712
20
26.905039672851565
30
0
10
4.004897397678727
20
26.872716064453126
30
0
10
4.0043146247879999
20
26.840392456054687
30
0
0
SPLINE
5
272
100
AcDbEntity
8
0
100
AcDbSpline
70
4
71
3
72
8
73
4
74
0
42
0.000000001
43
0.0000000001
44
0.0000000001
40
0
40
0
40
0
40
0
40
1
40
1
40
1
40
1
41
1
41
1
41
1
41
1
10
4.0043146247879999
20
26.840392456054687
30
0
10
4.0028971563991247
20
26.761096181869508
30
0
10
4.0015507431046506
20
26.681798696517944
30
0
10
4.0002580248531041
20
26.602499999999999
30
0
0
SPLINE
5
273
100
AcDbEntity
8
0
100
AcDbSpline
70
4
71
3
72
8
73
4
74
0
42
0.000000001
43
0.0000000001
44
0.0000000001
40
0
40
0
40
0
40
0
40
1
40
1
40
1
40
1
41
1
41
1
41
1
41
1
10
4.0002580248531041
20
26.602499999999999
30
0
10
3.8123516165431677
20
26.600952129364014
30
0
10
3.6244462175385497
20
26.599791428248089
30
0
10
3.4365347627020215
20
26.599072802861528
30
0
0
SPLINE
5
274
100
AcDbEntity
8
0
100
AcDbSpline
70
4
71
3
72
8
73
4
74
0
42
0.000000001
43
0.0000000001
44
0.0000000001
40
0
40
0
40
0
40
0
40
1
40
1
40
1
40
1
41
1
41
1
41
1
41
1
10
3.4365347627020215
20
26.599072802861528
30
0
10
3.3492760788615876
20
26.598728024164835
30
0
10
3.2620218359645543
20
26.598260110219321
30
0
10
3.1747657763179475
20
26.597509994506837
30
0
0
SPLINE
5
275
100
AcDbEntity
8
0
100
AcDbSpline
70
4
71
3
72
8
73
4
74
0
42
0.000000001
43
0.0000000001
44
0.0000000001
40
0
40
0
40
0
40
0
40
1
40
1
40
1
40
1
41
1
41
1
41
1
41
1
10
3.1747657763179475
20
26.597509994506837
30
0
10
3.0905327879604041
20
26.596790561676027
30
0
10
3.0063040386851965
20
26.596395721435545
30
0
10
2.9220682242727616
20
26.596224139531451
30
0
0
SPLINE
5
276
100
AcDbEntity
8
0
100
AcDbSpline
70
4
71
3
72
8
73
4
74
0
42
0.000000001
43
0.0000000001
44
0.0000000001
40
0
40
0
40
0
40
0
40
1
40
1
40
1
40
1
41
1
41
1
41
1
41
1
10
2.9220682242727616
20
26.596224139531451
30
0
10
2.8899575792964631
20
26.596102215449015
30
0
10
2.857847136181229
20
26.595864019393922
30
0
10
2.8257381060934401
20
26.595506321589152
30
0
0
SPLINE
5
277
100
AcDbEntity
8
0
100
AcDbSpline
70
4
71
3
72
8
73
4
74
0
42
0.000000001
43
0.0000000001
44
0.0000000001
40
0
40
0
40
0
40
0
40
1
40
1
40
1
40
1
41
1
41
1
41
1
41
1
10
2.8257381060934401
20
26.595506321589152
30
0
10
2.7807031046565704
20
26.595025084813436
30
0
10
2.7356850595490467
20
26.594960085550944
30
0
10
2.6906480395015411
20
26.594990768432616
30
0
0
SPLINE
5
278
100
AcDbEntity
8
0
100
AcDbSpline
70
4
71
3
72
8
73
4
74
0
42
0.000000001
43
0.0000000001
44
0.0000000001
40
0
40
0
40
0
40
0
40
1
40
1
40
1
40
1
41
1
41
1
41
1
41
1
10
2.6906480395015411
20
26.594990768432616
30
0
10
2.6774212951676377
20
26.594752976099652
30
0
10
2.6641945508337352
20
26.594515183766685
30
0
10
2.6505669104274441
20
26.594270124435425
30
0
0
SPLINE
5
279
100
AcDbEntity
8
0
100
AcDbSpline
70
4
71
3
72
8
73
4
74
0
42
0.000000001
43
0.0000000001
44
0.0000000001
40
0
40
0
40
0
40
0
40
1
40
1
40
1
40
1
41
1
41
1
41
1
41
1
10
2.6505669104274441
20
26.594270124435425
30
0
10
2.5668890399949085
20
26.594884185791017
30
0
10
2.5000811023728389
20
26.607653109232583
30
0
10
2.439216358186437
20
26.668645833333336
30
0
0
SPLINE
5
280
100
AcDbEntity
8
0
100
AcDbSpline
70
4
71
3
72
8
73
4
74
0
42
0.000000001
43
0.0000000001
44
0.0000000001
40
0
40
0
40
0
40
0
40
1
40
1
40
1
40
1
41
1
41
1
41
1
41
1
10
2.439216358186437
20
26.668645833333336
30
0
10
2.3802600084956813
20
26.748496014277137
30
0
10
2.3787642180141146
20
26.815058085123699
30
0
10
2.3795801404333448
20
26.912387415568034
30
0
0
SPLINE
5
281
100
AcDbEntity
8
0
100
AcDbSpline
70
4
71
3
72
8
73
4
74
0
42
0.000000001
43
0.0000000001
44
0.0000000001
40
0
40
0
40
0
40
0
40
1
40
1
40
1
40
1
41
1
41
1
41
1
41
1
10
2.3795801404333448
20
26.912387415568034
30
0
10
2.3794977811193796
20
26.927527399063109
30
0
10
2.3794150180832876
20
26.942667382558191
30
0
10
2.3793298327144319
20
26.958265994389855
30
0
0
SPLINE
5
282
100
AcDbEntity
8
0
100
AcDbSpline
70
4
71
3
72
8
73
4
74
0
42
0.000000001
43
0.0000000001
44
0.0000000001
40
0
40
0
40
0
40
0
40
1
40
1
40
1
40
1
41
1
41
1
41
1
41
1
10
2.3793298327144319
20
26.958265994389855
30
0
10
2.3791190897639924
20
27.008954922358196
30
0
10
2.3792862307246851
20
27.059635372161868
30
0
10
2.3794525642411246
20
27.110324300130209
30
0
0
SPLINE
5
283
100
AcDbEntity
8
0
100
AcDbSpline
70
4
71
3
72
8
73
4
74
0
42
0.000000001
43
0.0000000001
44
0.0000000001
40
0
40
0
40
0
40
0
40
1
40
1
40
1
40
1
41
1
41
1
41
1
41
1
10
2.3794525642411246
20
27.110324300130209
30
0
10
2.3794097696956329
20
27.146681496302286
30
0
10
2.3792886530574497
20
27.183038692474362
30
0
10
2.3791715736405381
20
27.219395888646446
30
0
0
SPLINE
5
284
100
AcDbEntity
8
0
100
AcDbSpline
70
4
71
3
72
8
73
4
74
0
42
0.000000001
43
0.0000000001
44
0.0000000001
40
0
40
0
40
0
40
0
40
1
40
1
40
1
40
1
41
1
41
1
41
1
41
1
10
2.3791715736405381
20
27.219395888646446
30
0
10
2.3789366073624629
20
27.307869170506795
30
0
10
2.3789870726283722
20
27.396340030034384
30
0
10
2.3791404870367385
20
27.484813715616863
30
0
0
SPLINE
5
285
100
AcDbEntity
8
0
100
AcDbSpline
70
4
71
3
72
8
73
4
74
0
42
0.000000001
43
0.0000000001
44
0.0000000001
40
0
40
0
40
0
40
0
40
1
40
1
40
1
40
1
41
1
41
1
41
1
41
1
10
2.3791404870367385
20
27.484813715616863
30
0
10
2.379259988786413
20
27.556727325121564
30
0
10
2.3792761376715044
20
27.628640530904136
30
0
10
2.3792188091294308
20
27.700554342269896
30
0
0
SPLINE
5
286
100
AcDbEntity
8
0
100
AcDbSpline
70
4
71
3
72
8
73
4
74
0
42
0.000000001
43
0.0000000001
44
0.0000000001
40
0
40
0
40
0
40
0
40
1
40
1
40
1
40
1
41
1
41
1
41
1
41
1
10
2.3792188091294308
20
27.700554342269896
30
0
10
2.3792062937434846
20
27.715915969212851
30
0
10
2.3792062937434846
20
27.715915969212851
30
0
10
2.379194182079666
20
27.731588058471679
30
0
0
SPLINE
5
287
100
AcDbEntity
8
0
100
AcDbSpline
70
4
71
3
72
8
73
4
74
0
42
0.000000001
43
0.0000000001
44
0.0000000001
40
0
40
0
40
0
40
0
40
1
40
1
40
1
40
1
41
1
41
1
41
1
41
1
10
2.379194182079666
20
27.731588058471679
30
0
10
2.379177225750321
20
27.752393676439922
30
0
10
2.3791598656988477
20
27.773199294408162
30
0
10
2.3791425056473745
20
27.794004912376408
30
0
0
SPLINE
5
288
100
AcDbEntity
8
0
100
AcDbSpline
70
4
71
3
72
8
73
4
74
0
42
0.000000001
43
0.0000000001
44
0.0000000001
40
0
40
0
40
0
40
0
40
1
40
1
40
1
40
1
41
1
41
1
41
1
41
1
10
2.3791425056473745
20
27.794004912376408
30
0
10
2.3789919172939
20
27.989029345512392
30
0
10
2.3791651140865024
20
28.184052365620932
30
0
10
2.3794493344641063
20
28.37907639503479
30
0
0
SPLINE
5
289
100
AcDbEntity
8
0
100
AcDbSpline
70
4
71
3
72
8
73
4
74
0
42
0.000000001
43
0.0000000001
44
0.0000000001
40
0
40
0
40
0
40
0
40
1
40
1
40
1
40
1
41
1
41
1
41
1
41
1
10
2.3794493344641063
20
28.37907639503479
30
0
10
2.3796859156306915
20
28.546360475222272
30
0
10
2.3796447359737094
20
28.713642738660177
30
0
10
2.3794008878088335
20
28.880926818847659
30
0
0
SPLINE
5
290
100
AcDbEntity
8
0
100
AcDbSpline
70
4
71
3
72
8
73
4
74
0
42
0.000000001
43
0.0000000001
44
0.0000000001
40
0
40
0
40
0
40
0
40
1
40
1
40
1
40
1
41
1
41
1
41
1
41
1
10
2.3794008878088335
20
28.880926818847659
30
0
10
2.3791174748754829
20
29.075260483423868
30
0
10
2.3790064512904818
20
29.269593138694763
30
0
10
2.3791687475856484
20
29.463927005132042
30
0
0
SPLINE
5
291
100
AcDbEntity
8
0
100
AcDbSpline
70
4
71
3
72
8
73
4
74
0
42
0.000000001
43
0.0000000001
44
0.0000000001
40
0
40
0
40
0
40
0
40
1
40
1
40
1
40
1
41
1
41
1
41
1
41
1
10
2.3791687475856484
20
29.463927005132042
30
0
10
2.3791857039149935
20
29.484655411243441
30
0
10
2.3792022565222117
20
29.505383918285371
30
0
10
2.3792188091294308
20
29.52611232439677
30
0
0
SPLINE
5
292
100
AcDbEntity
8
0
100
AcDbSpline
70
4
71
3
72
8
73
4
74
0
42
0.000000001
43
0.0000000001
44
0.0000000001
40
0
40
0
40
0
40
0
40
1
40
1
40
1
40
1
41
1
41
1
41
1
41
1
10
2.3792188091294308
20
29.52611232439677
30
0
10
2.3792268835719756
20
29.536310749053957
30
0
10
2.3792349580145213
20
29.546509072780612
30
0
10
2.3792434361791948
20
29.557016546726228
30
0
0
SPLINE
5
293
100
AcDbEntity
8
0
100
AcDbSpline
70
4
71
3
72
8
73
4
74
0
42
0.000000001
43
0.0000000001
44
0.0000000001
40
0
40
0
40
0
40
0
40
1
40
1
40
1
40
1
41
1
41
1
41
1
41
1
10
2.3792434361791948
20
29.557016546726228
30
0
10
2.3792890567795766
20
29.628831143379209
30
0
10
2.3792119458532666
20
29.700645033518477
30
0
10
2.3790871957159379
20
29.77245952924093
30
0
0
SPLINE
5
294
100
AcDbEntity
8
0
100
AcDbSpline
70
4
71
3
72
8
73
4
74
0
42
0.000000001
43
0.0000000001
44
0.0000000001
40
0
40
0
40
0
40
0
40
1
40
1
40
1
40
1
41
1
41
1
41
1
41
1
10
2.3790871957159379
20
29.77245952924093
30
0
10
2.3789390296952262
20
29.859996276696524
30
0
10
2.3789794019079533
20
29.947530500888824
30
0
10
2.3792611999527944
20
30.035066945552828
30
0
0
SPLINE
5
295
100
AcDbEntity
8
0
100
AcDbSpline
70
4
71
3
72
8
73
4
74
0
42
0.000000001
43
0.0000000001
44
0.0000000001
40
0
40
0
40
0
40
0
40
1
40
1
40
1
40
1
41
1
41
1
41
1
41
1
10
2.3792611999527944
20
30.035066945552828
30
0
10
2.3794000803645785
20
30.079717855850859
30
0
10
2.3794263223028511
20
30.124361145893733
30
0
10
2.3792793674485226
20
30.169012611309686
30
0
0
SPLINE
5
296
100
AcDbEntity
8
0
100
AcDbSpline
70
4
71
3
72
8
73
4
74
0
42
0.000000001
43
0.0000000001
44
0.0000000001
40
0
40
0
40
0
40
0
40
1
40
1
40
1
40
1
41
1
41
1
41
1
41
1
10
2.3792793674485226
20
30.169012611309686
30
0
10
2.3791352386490838
20
30.217439030011498
30
0
10
2.3793161061621051
20
30.265853589375816
30
0
10
2.3795801404333448
20
30.314279251098633
30
0
0
SPLINE
5
297
100
AcDbEntity
8
0
100
AcDbSpline
70
4
71
3
72
8
73
4
74
0
42
0.000000001
43
0.0000000001
44
0.0000000001
40
0
40
0
40
0
40
0
40
1
40
1
40
1
40
1
41
1
41
1
41
1
41
1
10
2.3795801404333448
20
30.314279251098633
30
0
10
2.3794622535721799
20
30.328359060287475
30
0
10
2.3793439629888868
20
30.342438869476318
30
0
10
2.379222442628576
20
30.356945362488432
30
0
0
SPLINE
5
298
100
AcDbEntity
8
0
100
AcDbSpline
70
4
71
3
72
8
73
4
74
0
42
0.000000001
43
0.0000000001
44
0.0000000001
40
0
40
0
40
0
40
0
40
1
40
1
40
1
40
1
41
1
41
1
41
1
41
1
10
2.379222442628576
20
30.356945362488432
30
0
10
2.380102556866043
20
30.440060747067136
30
0
10
2.386737730027868
20
30.492143096725147
30
0
10
2.439216358186437
20
30.558020833333334
30
0
0
SPLINE
5
299
100
AcDbEntity
8
0
100
AcDbSpline
70
4
71
3
72
8
73
4
74
0
42
0.000000001
43
0.0000000001
44
0.0000000001
40
0
40
0
40
0
40
0
40
1
40
1
40
1
40
1
41
1
41
1
41
1
41
1
10
2.439216358186437
20
30.558020833333334
30
0
10
2.5168404153204293
20
30.629347733656566
30
0
10
2.5940014031744338
20
30.633651209672294
30
0
10
2.6956800320959431
20
30.632566105524699
30
0
0
SPLINE
5
300
100
AcDbEntity
8
0
100
AcDbSpline
70
4
71
3
72
8
73
4
74
0
42
0.000000001
43
0.0000000001
44
0.0000000001
40
0
40
0
40
0
40
0
40
1
40
1
40
1
40
1
41
1
41
1
41
1
41
1
10
2.6956800320959431
20
30.632566105524699
30
0
10
2.710605841002498
20
30.632669281760855
30
0
10
2.7255316499090529
20
30.632772483229637
30
0
10
2.7409098294592238
20
30.632878788312276
30
0
0
SPLINE
5
301
100
AcDbEntity
8
0
100
AcDbSpline
70
4
71
3
72
8
73
4
74
0
42
0.000000001
43
0.0000000001
44
0.0000000001
40
0
40
0
40
0
40
0
40
1
40
1
40
1
40
1
41
1
41
1
41
1
41
1
10
2.7409098294592238
20
30.632878788312276
30
0
10
2.7907971671438552
20
30.633142090837161
30
0
10
2.8406709801372227
20
30.632933845917385
30
0
10
2.8905583178218541
20
30.632725575764972
30
0
0
SPLINE
5
302
100
AcDbEntity
8
0
100
AcDbSpline
70
4
71
3
72
8
73
4
74
0
42
0.000000001
43
0.0000000001
44
0.0000000001
40
0
40
0
40
0
40
0
40
1
40
1
40
1
40
1
41
1
41
1
41
1
41
1
10
2.8905583178218541
20
30.632725575764972
30
0
10
2.9263749300655064
20
30.632778841853145
30
0
10
2.9621909367259676
20
30.632930616140367
30
0
10
2.9980073471085564
20
30.633076814015709
30
0
0
SPLINE
5
303
100
AcDbEntity
8
0
100
AcDbSpline
70
4
71
3
72
8
73
4
74
0
42
0.000000001
43
0.0000000001
44
0.0000000001
40
0
40
0
40
0
40
0
40
1
40
1
40
1
40
1
41
1
41
1
41
1
41
1
10
2.9980073471085564
20
30.633076814015709
30
0
10
3.0851132221238151
20
30.633370521863302
30
0
10
3.172215059917801
20
30.633307591676715
30
0
10
3.2593211367941239
20
30.63311567227046
30
0
0
SPLINE
5
304
100
AcDbEntity
8
0
100
AcDbSpline
70
4
71
3
72
8
73
4
74
0
42
0.000000001
43
0.0000000001
44
0.0000000001
40
0
40
0
40
0
40
0
40
1
40
1
40
1
40
1
41
1
41
1
41
1
41
1
10
3.2593211367941239
20
30.63311567227046
30
0
10
3.3301307681417796
20
30.632966118454938
30
0
10
3.4009395920451819
20
30.632946083744372
30
0
10
3.4717494252539014
20
30.633018021980924
30
0
0
SPLINE
5
305
100
AcDbEntity
8
0
100
AcDbSpline
70
4
71
3
72
8
73
4
74
0
42
0.000000001
43
0.0000000001
44
0.0000000001
40
0
40
0
40
0
40
0
40
1
40
1
40
1
40
1
41
1
41
1
41
1
41
1
10
3.4717494252539014
20
30.633018021980924
30
0
10
3.4868823436117506
20
30.633033237258594
30
0
10
3.4868823436117506
20
30.633033237258594
30
0
10
3.5023210814810133
20
30.633048730095229
30
0
0
SPLINE
5
306
100
AcDbEntity
8
0
100
AcDbSpline
70
4
71
3
72
8
73
4
74
0
42
0.000000001
43
0.0000000001
44
0.0000000001
40
0
40
0
40
0
40
0
40
1
40
1
40
1
40
1
41
1
41
1
41
1
41
1
10
3.5023210814810133
20
30.633048730095229
30
0
10
3.5228176501608228
20
30.633069875041645
30
0
10
3.5433144207016958
20
30.633091322779656
30
0
10
3.5638109893815058
20
30.633113073309268
30
0
0
SPLINE
5
307
100
AcDbEntity
8
0
100
AcDbSpline
70
4
71
3
72
8
73
4
74
0
42
0.000000001
43
0.0000000001
44
0.0000000001
40
0
40
0
40
0
40
0
40
1
40
1
40
1
40
1
41
1
41
1
41
1
41
1
10
3.5638109893815058
20
30.633113073309268
30
0
10
3.7558836081838942
20
30.633301561077438
30
0
10
3.9479540065145828
20
30.633085014621418
30
0
10
4.1400262215948445
20
30.632729411125187
30
0
0
SPLINE
5
308
100
AcDbEntity
8
0
100
AcDbSpline
70
4
71
3
72
8
73
4
74
0
42
0.000000001
43
0.0000000001
44
0.0000000001
40
0
40
0
40
0
40
0
40
1
40
1
40
1
40
1
41
1
41
1
41
1
41
1
10
4.1400262215948445
20
30.632729411125187
30
0
10
4.3047341508881587
20
30.632433886528013
30
0
10
4.4694390522655185
20
30.632485209703447
30
0
10
4.6341469815588336
20
30.632790171305338
30
0
0
SPLINE
5
309
100
AcDbEntity
8
0
100
AcDbSpline
70
4
71
3
72
8
73
4
74
0
42
0.000000001
43
0.0000000001
44
0.0000000001
40
0
40
0
40
0
40
0
40
1
40
1
40
1
40
1
41
1
41
1
41
1
41
1
10
4.6341469815588336
20
30.632790171305338
30
0
10
4.8255450816170713
20
30.633144361774129
30
0
10
5.0169413649257351
20
30.633283393581713
30
0
10
5.2083396668450375
20
30.633080397049586
30
0
0
SPLINE
5
310
100
AcDbEntity
8
0
100
AcDbSpline
70
4
71
3
72
8
73
4
74
0
42
0.000000001
43
0.0000000001
44
0.0000000001
40
0
40
0
40
0
40
0
40
1
40
1
40
1
40
1
41
1
41
1
41
1
41
1
10
5.2083396668450375
20
30.633080397049586
30
0
10
5.2287597301817277
20
30.633059327801071
30
0
10
5.2491798439836845
20
30.633038536111513
30
0
10
5.2695999577856405
20
30.633018021980924
30
0
0
SPLINE
5
311
100
AcDbEntity
8
0
100
AcDbSpline
70
4
71
3
72
8
73
4
74
0
42
0.000000001
43
0.0000000001
44
0.0000000001
40
0
40
0
40
0
40
0
40
1
40
1
40
1
40
1
41
1
41
1
41
1
41
1
10
5.2695999577856405
20
30.633018021980924
30
0
10
5.2796462801313737
20
30.633007827997211
30
0
10
5.2896926529423727
20
30.632997608780862
30
0
10
5.3000434322373415
20
30.632987086772921
30
0
0
SPLINE
5
312
100
AcDbEntity
8
0
100
AcDbSpline
70
4
71
3
72
8
73
4
74
0
42
0.000000001
43
0.0000000001
44
0.0000000001
40
0
40
0
40
0
40
0
40
1
40
1
40
1
40
1
41
1
41
1
41
1
41
1
10
5.3000434322373415
20
30.632987086772921
30
0
10
5.3707454716380774
20
30.632930061022442
30
0
10
5.4414462998724318
20
30.633026247819267
30
0
10
5.5121481374121046
20
30.633182034095128
30
0
0
SPLINE
5
313
100
AcDbEntity
8
0
100
AcDbSpline
70
4
71
3
72
8
73
4
74
0
42
0.000000001
43
0.0000000001
44
0.0000000001
40
0
40
0
40
0
40
0
40
1
40
1
40
1
40
1
41
1
41
1
41
1
41
1
10
5.5121481374121046
20
30.633182034095128
30
0
10
5.5983435685650846
20
30.633367796738945
30
0
10
5.6845350634273224
20
30.633316852053007
30
0
10
5.7707300656255427
20
30.632965033451715
30
0
0
SPLINE
5
314
100
AcDbEntity
8
0
100
AcDbSpline
70
4
71
3
72
8
73
4
74
0
42
0.000000001
43
0.0000000001
44
0.0000000001
40
0
40
0
40
0
40
0
40
1
40
1
40
1
40
1
41
1
41
1
41
1
41
1
10
5.7707300656255427
20
30.632965033451715
30
0
10
5.8146875327047054
20
30.632791508634885
30
0
10
5.8586328881200505
20
30.632758302489918
30
0
10
5.9025911374108331
20
30.632941819429398
30
0
0
SPLINE
5
315
100
AcDbEntity
8
0
100
AcDbSpline
70
4
71
3
72
8
73
4
74
0
42
0.000000001
43
0.0000000001
44
0.0000000001
40
0
40
0
40
0
40
0
40
1
40
1
40
1
40
1
41
1
41
1
41
1
41
1
10
5.9025911374108331
20
30.632941819429398
30
0
10
5.950290490410362
20
30.633122586011886
30
0
10
5.9979711838778194
20
30.632895845572158
30
0
10
6.0456693509435988
20
30.632566105524699
30
0
0
SPLINE
5
316
100
AcDbEntity
8
0
100
AcDbSpline
70
4
71
3
72
8
73
4
74
0
42
0.000000001
43
0.0000000001
44
0.0000000001
40
0
40
0
40
0
40
0
40
1
40
1
40
1
40
1
41
1
41
1
41
1
41
1
10
6.0456693509435988
20
30.632566105524699
30
0
10
6.059495709373687
20
30.632713665962221
30
0
10
6.0733220678037743
20
30.63286120116711
30
0
10
6.0875674062188807
20
30.633013227780662
30
0
0
SPLINE
5
317
100
AcDbEntity
8
0
100
AcDbSpline
70
4
71
3
72
8
73
4
74
0
42
0.000000001
43
0.0000000001
44
0.0000000001
40
0
40
0
40
0
40
0
40
1
40
1
40
1
40
1
41
1
41
1
41
1
41
1
10
6.0875674062188807
20
30.633013227780662
30
0
10
6.1722059082206426
20
30.631878339648249
30
0
10
6.2406244700368587
20
30.620048751433693
30
0
10
6.3021330248531049
20
30.558020833333334
30
0
0
SPLINE
5
318
100
AcDbEntity
8
0
100
AcDbSpline
70
4
71
3
72
8
73
4
74
0
42
0.000000001
43
0.0000000001
44
0.0000000001
40
0
40
0
40
0
40
0
40
1
40
1
40
1
40
1
41
1
41
1
41
1
41
1
10
4.1457788581864374
20
29.962708333333335
30
0
10
4.1457788581864374
20
29.866664555072788
30
0
10
4.1457788581864374
20
29.770620877742768
30
0
10
4.1457788581864374
20
29.67166666666667
30
0
0
SPLINE
5
319
100
AcDbEntity
8
0
100
AcDbSpline
70
4
71
3
72
8
73
4
74
0
42
0.000000001
43
0.0000000001
44
0.0000000001
40
0
40
0
40
0
40
0
40
1
40
1
40
1
40
1
41
1
41
1
41
1
41
1
10
4.1457788581864374
20
29.67166666666667
30
0
10
4.0497351808564206
20
29.67166666666667
30
0
10
3.9536913016653399
20
29.67166666666667
30
0
10
3.8547371915197708
20
29.67166666666667
30
0
0
SPLINE
5
320
100
AcDbEntity
8
0
100
AcDbSpline
70
4
71
3
72
8
73
4
74
0
42
0.000000001
43
0.0000000001
44
0.0000000001
40
0
40
0
40
0
40
0
40
1
40
1
40
1
40
1
41
1
41
1
41
1
41
1
10
3.8547371915197708
20
29.67166666666667
30
0
10
3.8547371915197708
20
29.767710444927218
30
0
10
3.8547371915197708
20
29.863754122257234
30
0
10
3.8547371915197708
20
29.962708333333335
30
0
0
SPLINE
5
321
100
AcDbEntity
8
0
100
AcDbSpline
70
4
71
3
72
8
73
4
74
0
42
0.000000001
43
0.0000000001
44
0.0000000001
40
0
40
0
40
0
40
0
40
1
40
1
40
1
40
1
41
1
41
1
41
1
41
1
10
3.8547371915197708
20
29.962708333333335
30
0
10
3.9507808688497881
20
29.962708333333335
30
0
10
4.0468247480408683
20
29.962708333333335
30
0
10
4.1457788581864374
20
29.962708333333335
30
0
0
SPLINE
5
322
100
AcDbEntity
8
0
100
AcDbSpline
70
4
71
3
72
8
73
4
74
0
42
0.000000001
43
0.0000000001
44
0.0000000001
40
0
40
0
40
0
40
0
40
1
40
1
40
1
40
1
41
1
41
1
41
1
41
1
10
5.6671330248531042
20
28.401666666666667
30
0
10
5.7050895914650299
20
28.34726228396098
30
0
10
5.7130390063143111
20
28.305435056686402
30
0
10
5.7022729988114378
20
28.241573079427084
30
0
0
SPLINE
5
323
100
AcDbEntity
8
0
100
AcDbSpline
70
4
71
3
72
8
73
4
74
0
42
0.000000001
43
0.0000000001
44
0.0000000001
40
0
40
0
40
0
40
0
40
1
40
1
40
1
40
1
41
1
41
1
41
1
41
1
10
5.7022729988114378
20
28.241573079427084
30
0
10
5.6880442918555278
20
28.200411388079324
30
0
10
5.6603292977031412
20
28.177441617647808
30
0
10
5.6274455248531039
20
28.150312500000002
30
0
0
SPLINE
5
324
100
AcDbEntity
8
0
100
AcDbSpline
70
4
71
3
72
8
73
4
74
0
42
0.000000001
43
0.0000000001
44
0.0000000001
40
0
40
0
40
0
40
0
40
1
40
1
40
1
40
1
41
1
41
1
41
1
41
1
10
5.6274455248531039
20
28.150312500000002
30
0
10
5.6230798756297773
20
28.145946850776674
30
0
10
5.6187142768717147
20
28.141581201553343
30
0
10
5.6142163581864377
20
28.137083333333337
30
0
0
SPLINE
5
325
100
AcDbEntity
8
0
100
AcDbSpline
70
4
71
3
72
8
73
4
74
0
42
0.000000001
43
0.0000000001
44
0.0000000001
40
0
40
0
40
0
40
0
40
1
40
1
40
1
40
1
41
1
41
1
41
1
41
1
10
5.6142163581864377
20
28.137083333333337
30
0
10
5.5505126400010134
20
28.129887188275656
30
0
10
5.4983644584036213
20
28.127493519783023
30
0
10
5.4422371915197711
20
28.160234375000002
30
0
0
SPLINE
5
326
100
AcDbEntity
8
0
100
AcDbSpline
70
4
71
3
72
8
73
4
74
0
42
0.000000001
43
0.0000000001
44
0.0000000001
40
0
40
0
40
0
40
0
40
1
40
1
40
1
40
1
41
1
41
1
41
1
41
1
10
5.4422371915197711
20
28.160234375000002
30
0
10
5.4105354161278747
20
28.195898985862733
30
0
10
5.3906790498113981
20
28.223444542884828
30
0
10
5.3873051439937294
20
28.271803792317712
30
0
0
SPLINE
5
327
100
AcDbEntity
8
0
100
AcDbSpline
70
4
71
3
72
8
73
4
74
0
42
0.000000001
43
0.0000000001
44
0.0000000001
40
0
40
0
40
0
40
0
40
1
40
1
40
1
40
1
41
1
41
1
41
1
41
1
10
5.3873051439937294
20
28.271803792317712
30
0
10
5.3927480752484342
20
28.328905240694681
30
0
10
5.3975461613353426
20
28.355820991198222
30
0
10
5.4347957852697704
20
28.401666666666667
30
0
0
SPLINE
5
328
100
AcDbEntity
8
0
100
AcDbSpline
70
4
71
3
72
8
73
4
74
0
42
0.000000001
43
0.0000000001
44
0.0000000001
40
0
40
0
40
0
40
0
40
1
40
1
40
1
40
1
41
1
41
1
41
1
41
1
10
5.4347957852697704
20
28.401666666666667
30
0
10
5.5069841781473494
20
28.458008713722229
30
0
10
5.5959784129476891
20
28.462656362851462
30
0
10
5.6671330248531042
20
28.401666666666667
30
0
0
SPLINE
5
329
100
AcDbEntity
8
0
100
AcDbSpline
70
4
71
3
72
8
73
4
74
0
42
0.000000001
43
0.0000000001
44
0.0000000001
40
0
40
0
40
0
40
0
40
1
40
1
40
1
40
1
41
1
41
1
41
1
41
1
10
1.6682637392696076
20
27.508713863690698
30
0
10
1.6564858243332636
20
27.508716061981232
30
0
10
1.6447079093969197
20
27.508718260271774
30
0
10
1.6325730883296663
20
27.508720525105023
30
0
0
SPLINE
5
330
100
AcDbEntity
8
0
100
AcDbSpline
70
4
71
3
72
8
73
4
74
0
42
0.000000001
43
0.0000000001
44
0.0000000001
40
0
40
0
40
0
40
0
40
1
40
1
40
1
40
1
41
1
41
1
41
1
41
1
10
1.6325730883296663
20
27.508720525105023
30
0
10
1.612508104912076
20
27.508906678399558
30
0
10
1.612508104912076
20
27.508906678399558
30
0
10
1.5920377718623813
20
27.509096592218075
30
0
0
SPLINE
5
331
100
AcDbEntity
8
0
100
AcDbSpline
70
4
71
3
72
8
73
4
74
0
42
0.000000001
43
0.0000000001
44
0.0000000001
40
0
40
0
40
0
40
0
40
1
40
1
40
1
40
1
41
1
41
1
41
1
41
1
10
1.5920377718623813
20
27.509096592218075
30
0
10
1.5776091467555697
20
27.508947976149699
30
0
10
1.5631805216487582
20
27.508799359958115
30
0
10
1.5483146654781033
20
27.508646240289817
30
0
0
SPLINE
5
332
100
AcDbEntity
8
0
100
AcDbSpline
70
4
71
3
72
8
73
4
74
0
42
0.000000001
43
0.0000000001
44
0.0000000001
40
0
40
0
40
0
40
0
40
1
40
1
40
1
40
1
41
1
41
1
41
1
41
1
10
1.5483146654781033
20
27.508646240289817
30
0
10
1.5334895473933552
20
27.508665491772312
30
0
10
1.5186644419249229
20
27.508684743251727
30
0
10
1.5033900820430446
20
27.508704578138751
30
0
0
SPLINE
5
333
100
AcDbEntity
8
0
100
AcDbSpline
70
4
71
3
72
8
73
4
74
0
42
0.000000001
43
0.0000000001
44
0.0000000001
40
0
40
0
40
0
40
0
40
1
40
1
40
1
40
1
41
1
41
1
41
1
41
1
10
1.5033900820430446
20
27.508704578138751
30
0
10
1.4720302088276871
20
27.508682607006875
30
0
10
1.4406702094491652
20
27.508529395660833
30
0
10
1.4093115221675567
20
27.508255437215169
30
0
0
SPLINE
5
334
100
AcDbEntity
8
0
100
AcDbSpline
70
4
71
3
72
8
73
4
74
0
42
0.000000001
43
0.0000000001
44
0.0000000001
40
0
40
0
40
0
40
0
40
1
40
1
40
1
40
1
41
1
41
1
41
1
41
1
10
1.4093115221675567
20
27.508255437215169
30
0
10
1.3612269047117564
20
27.507872587797856
30
0
10
1.3131616154527992
20
27.507982719665552
30
0
10
1.2650761400874788
20
27.508155314127606
30
0
0
SPLINE
5
335
100
AcDbEntity
8
0
100
AcDbSpline
70
4
71
3
72
8
73
4
74
0
42
0.000000001
43
0.0000000001
44
0.0000000001
40
0
40
0
40
0
40
0
40
1
40
1
40
1
40
1
41
1
41
1
41
1
41
1
10
1.2650761400874788
20
27.508155314127606
30
0
10
1.2346386205371551
20
27.508072796419732
30
0
10
1.2042011514520978
20
27.50796178954149
30
0
10
1.173763884228104
20
27.507819417416272
30
0
0
SPLINE
5
336
100
AcDbEntity
8
0
100
AcDbSpline
70
4
71
3
72
8
73
4
74
0
42
0.000000001
43
0.0000000001
44
0.0000000001
40
0
40
0
40
0
40
0
40
1
40
1
40
1
40
1
41
1
41
1
41
1
41
1
10
1.173763884228104
20
27.507819417416272
30
0
10
1.1593352591212924
20
27.507858253296774
30
0
10
1.1449066340144809
20
27.50789708937441
30
0
10
1.1300407778438259
20
27.507937102317811
30
0
0
SPLINE
5
337
100
AcDbEntity
8
0
100
AcDbSpline
70
4
71
3
72
8
73
4
74
0
42
0.000000001
43
0.0000000001
44
0.0000000001
40
0
40
0
40
0
40
0
40
1
40
1
40
1
40
1
41
1
41
1
41
1
41
1
10
1.1300407778438259
20
27.507937102317811
30
0
10
1.116664101204905
20
27.507769301366061
30
0
10
1.1032874750312505
20
27.507601500217184
30
0
10
1.0895054613765409
20
27.507428614298504
30
0
0
SPLINE
5
338
100
AcDbEntity
8
0
100
AcDbSpline
70
4
71
3
72
8
73
4
74
0
42
0.000000001
43
0.0000000001
44
0.0000000001
40
0
40
0
40
0
40
0
40
1
40
1
40
1
40
1
41
1
41
1
41
1
41
1
10
1.0895054613765409
20
27.507428614298504
30
0
10
1.0718385810868281
20
27.507321398771218
30
0
10
1.0718385810868281
20
27.507321398771218
30
0
10
1.0538148104365996
20
27.507212017377221
30
0
0
SPLINE
5
339
100
AcDbEntity
8
0
100
AcDbSpline
70
4
71
3
72
8
73
4
74
0
42
0.000000001
43
0.0000000001
44
0.0000000001
40
0
40
0
40
0
40
0
40
1
40
1
40
1
40
1
41
1
41
1
41
1
41
1
10
1.0538148104365996
20
27.507212017377221
30
0
10
1.0172170463419294
20
27.500980187853177
30
0
10
1.0054140785551402
20
27.492432505699497
30
0
10
0.98400802485310357
20
27.462395833333332
30
0
0
SPLINE
5
340
100
AcDbEntity
8
0
100
AcDbSpline
70
4
71
3
72
8
73
4
74
0
42
0.000000001
43
0.0000000001
44
0.0000000001
40
0
40
0
40
0
40
0
40
1
40
1
40
1
40
1
41
1
41
1
41
1
41
1
10
0.98400802485310357
20
27.462395833333332
30
0
10
0.97974058103723616
20
27.42490203951796
30
0
10
0.97781649184389252
20
27.39037021617095
30
0
10
0.97780685297810366
20
27.352841796875001
30
0
0
SPLINE
5
341
100
AcDbEntity
8
0
100
AcDbSpline
70
4
71
3
72
8
73
4
74
0
42
0.000000001
43
0.0000000001
44
0.0000000001
40
0
40
0
40
0
40
0
40
1
40
1
40
1
40
1
41
1
41
1
41
1
41
1
10
0.97780685297810366
20
27.352841796875001
30
0
10
0.9776557599719693
20
27.336770464281241
30
0
10
0.9776557599719693
20
27.336770464281241
30
0
10
0.97750163904988141
20
27.320374463399251
30
0
0
SPLINE
5
342
100
AcDbEntity
8
0
100
AcDbSpline
70
4
71
3
72
8
73
4
74
0
42
0.000000001
43
0.0000000001
44
0.0000000001
40
0
40
0
40
0
40
0
40
1
40
1
40
1
40
1
41
1
41
1
41
1
41
1
10
0.97750163904988141
20
27.320374463399251
30
0
10
0.97735877188208975
20
27.297734685341517
30
0
10
0.97732102386318909
20
27.27509402414163
30
0
10
0.97738052241169715
20
27.252453867594401
30
0
0
SPLINE
5
343
100
AcDbEntity
8
0
100
AcDbSpline
70
4
71
3
72
8
73
4
74
0
42
0.000000001
43
0.0000000001
44
0.0000000001
40
0
40
0
40
0
40
0
40
1
40
1
40
1
40
1
41
1
41
1
41
1
41
1
10
0.97738052241169715
20
27.252453867594401
30
0
10
0.97739339105450407
20
27.217775020003319
30
0
10
0.97684256267709824
20
27.183134778340658
30
0
10
0.97625656000935312
20
27.148461507161457
30
0
0
SPLINE
5
344
100
AcDbEntity
8
0
100
AcDbSpline
70
4
71
3
72
8
73
4
74
0
42
0.000000001
43
0.0000000001
44
0.0000000001
40
0
40
0
40
0
40
0
40
1
40
1
40
1
40
1
41
1
41
1
41
1
41
1
10
0.97625656000935312
20
27.148461507161457
30
0
10
0.97618767492138714
20
27.126464656591416
30
0
10
0.97615209690891991
20
27.104467654625573
30
0
10
0.97615320714476983
20
27.082470703124997
30
0
0
SPLINE
5
345
100
AcDbEntity
8
0
100
AcDbSpline
70
4
71
3
72
8
73
4
74
0
42
0.000000001
43
0.0000000001
44
0.0000000001
40
0
40
0
40
0
40
0
40
1
40
1
40
1
40
1
41
1
41
1
41
1
41
1
10
0.97615320714476983
20
27.082470703124997
30
0
10
0.97582785757544976
20
27.066904590924583
30
0
10
0.97582785757544976
20
27.066904590924583
30
0
10
0.97549594752156077
20
27.051023979187011
30
0
0
SPLINE
5
346
100
AcDbEntity
8
0
100
AcDbSpline
70
4
71
3
72
8
73
4
74
0
42
0.000000001
43
0.0000000001
44
0.0000000001
40
0
40
0
40
0
40
0
40
1
40
1
40
1
40
1
41
1
41
1
41
1
41
1
10
0.97549594752156077
20
27.051023979187011
30
0
10
0.97606867782437101
20
27.006041108369828
30
0
10
0.97743028116388464
20
26.979856650034584
30
0
10
1.0089935798661243
20
26.946555226643881
30
0
0
SPLINE
5
347
100
AcDbEntity
8
0
100
AcDbSpline
70
4
71
3
72
8
73
4
74
0
42
0.000000001
43
0.0000000001
44
0.0000000001
40
0
40
0
40
0
40
0
40
1
40
1
40
1
40
1
41
1
41
1
41
1
41
1
10
1.0089935798661243
20
26.946555226643881
30
0
10
1.0687704947805732
20
26.927201847632727
30
0
10
1.124928141754501
20
26.927564894755683
30
0
10
1.1874064623531033
20
26.927958170572918
30
0
0
SPLINE
5
348
100
AcDbEntity
8
0
100
AcDbSpline
70
4
71
3
72
8
73
4
74
0
42
0.000000001
43
0.0000000001
44
0.0000000001
40
0
40
0
40
0
40
0
40
1
40
1
40
1
40
1
41
1
41
1
41
1
41
1
10
1.1874064623531033
20
26.927958170572918
30
0
10
1.2006632335202228
20
26.927920220692954
30
0
10
1.2139199542220769
20
26.927882220347719
30
0
10
1.2275784289058378
20
26.927843109766645
30
0
0
SPLINE
5
349
100
AcDbEntity
8
0
100
AcDbSpline
70
4
71
3
72
8
73
4
74
0
42
0.000000001
43
0.0000000001
44
0.0000000001
40
0
40
0
40
0
40
0
40
1
40
1
40
1
40
1
41
1
41
1
41
1
41
1
10
1.2275784289058378
20
26.927843109766645
30
0
10
1.2555548331356381
20
26.927816161314645
30
0
10
1.2835314896917671
20
26.927889033158621
30
0
10
1.3115074145015415
20
26.928055063883463
30
0
0
SPLINE
5
350
100
AcDbEntity
8
0
100
AcDbSpline
70
4
71
3
72
8
73
4
74
0
42
0.000000001
43
0.0000000001
44
0.0000000001
40
0
40
0
40
0
40
0
40
1
40
1
40
1
40
1
41
1
41
1
41
1
41
1
10
1.3115074145015415
20
26.928055063883463
30
0
10
1.3542753395653107
20
26.928267472187677
30
0
10
1.3970267372544942
20
26.928056931098304
30
0
10
1.4397941576656037
20
26.927803141276044
30
0
0
SPLINE
5
351
100
AcDbEntity
8
0
100
AcDbSpline
70
4
71
3
72
8
73
4
74
0
42
0.000000001
43
0.0000000001
44
0.0000000001
40
0
40
0
40
0
40
0
40
1
40
1
40
1
40
1
41
1
41
1
41
1
41
1
10
1.4397941576656037
20
26.927803141276044
30
0
10
1.4670104540602702
20
26.927829383214316
30
0
10
1.4942267252223029
20
26.927880201737086
30
0
10
1.5214429206864366
20
26.927958170572918
30
0
0
SPLINE
5
352
100
AcDbEntity
8
0
100
AcDbSpline
70
4
71
3
72
8
73
4
74
0
42
0.000000001
43
0.0000000001
44
0.0000000001
40
0
40
0
40
0
40
0
40
1
40
1
40
1
40
1
41
1
41
1
41
1
41
1
10
1.5214429206864366
20
26.927958170572918
30
0
10
1.5405862254119251
20
26.927837659517927
30
0
10
1.5405862254119251
20
26.927837659517927
30
0
10
1.5601162707027127
20
26.927714726130169
30
0
0
SPLINE
5
353
100
AcDbEntity
8
0
100
AcDbSpline
70
4
71
3
72
8
73
4
74
0
42
0.000000001
43
0.0000000001
44
0.0000000001
40
0
40
0
40
0
40
0
40
1
40
1
40
1
40
1
41
1
41
1
41
1
41
1
10
1.5601162707027127
20
26.927714726130169
30
0
10
1.6253064369873538
20
26.928396310011546
30
0
10
1.67255404858205
20
26.929206075668336
30
0
10
1.7248413581864375
20
26.972916666666666
30
0
0
SPLINE
5
354
100
AcDbEntity
8
0
100
AcDbSpline
70
4
71
3
72
8
73
4
74
0
42
0.000000001
43
0.0000000001
44
0.0000000001
40
0
40
0
40
0
40
0
40
1
40
1
40
1
40
1
41
1
41
1
41
1
41
1
10
1.7248413581864375
20
26.972916666666666
30
0
10
1.7448580274200776
20
27.012950005133945
30
0
10
1.7404986926631461
20
27.054559121529262
30
0
10
1.7407576993322704
20
27.098490397135421
30
0
0
SPLINE
5
355
100
AcDbEntity
8
0
100
AcDbSpline
70
4
71
3
72
8
73
4
74
0
42
0.000000001
43
0.0000000001
44
0.0000000001
40
0
40
0
40
0
40
0
40
1
40
1
40
1
40
1
41
1
41
1
41
1
41
1
10
1.7407576993322704
20
27.098490397135421
30
0
10
1.7408708109176485
20
27.113221384882927
30
0
10
1.7408708109176485
20
27.113221384882927
30
0
10
1.7409862060563097
20
27.12824996630351
30
0
0
SPLINE
5
356
100
AcDbEntity
8
0
100
AcDbSpline
70
4
71
3
72
8
73
4
74
0
42
0.000000001
43
0.0000000001
44
0.0000000001
40
0
40
0
40
0
40
0
40
1
40
1
40
1
40
1
41
1
41
1
41
1
41
1
10
1.7409862060563097
20
27.12824996630351
30
0
10
1.7411112337526014
20
27.14904508749644
30
0
10
1.7411976681367891
20
27.169840486248336
30
0
10
1.7412486254390414
20
27.190635935465494
30
0
0
SPLINE
5
357
100
AcDbEntity
8
0
100
AcDbSpline
70
4
71
3
72
8
73
4
74
0
42
0.000000001
43
0.0000000001
44
0.0000000001
40
0
40
0
40
0
40
0
40
1
40
1
40
1
40
1
41
1
41
1
41
1
41
1
10
1.7412486254390414
20
27.190635935465494
30
0
10
1.7413769459939332
20
27.222402230699856
30
0
10
1.7417872979955207
20
27.254157171249389
30
0
10
1.7422046394364366
20
27.285920817057292
30
0
0
SPLINE
5
358
100
AcDbEntity
8
0
100
AcDbSpline
70
4
71
3
72
8
73
4
74
0
42
0.000000001
43
0.0000000001
44
0.0000000001
40
0
40
0
40
0
40
0
40
1
40
1
40
1
40
1
41
1
41
1
41
1
41
1
10
1.7422046394364366
20
27.285920817057292
30
0
10
1.7422910359716748
20
27.306126239001753
30
0
10
1.7423604887938826
20
27.326331736644111
30
0
10
1.7424113451656043
20
27.346537272135414
30
0
0
SPLINE
5
359
100
AcDbEntity
8
0
100
AcDbSpline
70
4
71
3
72
8
73
4
74
0
42
0.000000001
43
0.0000000001
44
0.0000000001
40
0
40
0
40
0
40
0
40
1
40
1
40
1
40
1
41
1
41
1
41
1
41
1
10
1.7424113451656043
20
27.346537272135414
30
0
10
1.7425746823068788
20
27.356019796530404
30
0
10
1.7427380194481545
20
27.365502320925398
30
0
10
1.7429063084936469
20
27.375272194544475
30
0
0
SPLINE
5
360
100
AcDbEntity
8
0
100
AcDbSpline
70
4
71
3
72
8
73
4
74
0
42
0.000000001
43
0.0000000001
44
0.0000000001
40
0
40
0
40
0
40
0
40
1
40
1
40
1
40
1
41
1
41
1
41
1
41
1
10
1.7429063084936469
20
27.375272194544475
30
0
10
1.7426271598752674
20
27.437959996461867
30
0
10
1.7372142302211457
20
27.493534939934811
30
0
10
1.6682637392696076
20
27.508713863690698
30
0
0
SPLINE
5
361
100
AcDbEntity
8
0
100
AcDbSpline
70
4
71
3
72
8
73
4
74
0
42
0.000000001
43
0.0000000001
44
0.0000000001
40
0
40
0
40
0
40
0
40
1
40
1
40
1
40
1
41
1
41
1
41
1
41
1
10
7.6518439216630005
20
27.507428614298504
30
0
10
7.6317789398224498
20
27.507680315873976
30
0
10
7.6317789398224498
20
27.507680315873976
30
0
10
7.6113086051957159
20
27.507937102317811
30
0
0
SPLINE
5
362
100
AcDbEntity
8
0
100
AcDbSpline
70
4
71
3
72
8
73
4
74
0
42
0.000000001
43
0.0000000001
44
0.0000000001
40
0
40
0
40
0
40
0
40
1
40
1
40
1
40
1
41
1
41
1
41
1
41
1
10
7.6113086051957159
20
27.507937102317811
30
0
10
7.5968799800889037
20
27.507898266240179
30
0
10
7.5824513549820924
20
27.507859430162547
30
0
10
7.5675854988114377
20
27.507819417366992
30
0
0
SPLINE
5
363
100
AcDbEntity
8
0
100
AcDbSpline
70
4
71
3
72
8
73
4
74
0
42
0.000000001
43
0.0000000001
44
0.0000000001
40
0
40
0
40
0
40
0
40
1
40
1
40
1
40
1
41
1
41
1
41
1
41
1
10
7.5675854988114377
20
27.507819417366992
30
0
10
7.5527603870348479
20
27.507888762704095
30
0
10
7.5379352752582571
20
27.507958107991925
30
0
10
7.5226609153763793
20
27.508029554734243
30
0
0
SPLINE
5
364
100
AcDbEntity
8
0
100
AcDbSpline
70
4
71
3
72
8
73
4
74
0
42
0.000000001
43
0.0000000001
44
0.0000000001
40
0
40
0
40
0
40
0
40
1
40
1
40
1
40
1
41
1
41
1
41
1
41
1
10
7.5226609153763793
20
27.508029554734243
30
0
10
7.4913015089647317
20
27.508114571704844
30
0
10
7.4599416735983235
20
27.508096694778654
30
0
10
7.4285823555008914
20
27.507984135994921
30
0
0
SPLINE
5
365
100
AcDbEntity
8
0
100
AcDbSpline
70
4
71
3
72
8
73
4
74
0
42
0.000000001
43
0.0000000001
44
0.0000000001
40
0
40
0
40
0
40
0
40
1
40
1
40
1
40
1
41
1
41
1
41
1
41
1
10
7.4285823555008914
20
27.507984135994921
30
0
10
7.3804962997850119
20
27.507871529702875
30
0
10
7.3324309852934224
20
27.508252002767986
30
0
10
7.2843469734208135
20
27.508672078450523
30
0
0
SPLINE
5
366
100
AcDbEntity
8
0
100
AcDbSpline
70
4
71
3
72
8
73
4
74
0
42
0.000000001
43
0.0000000001
44
0.0000000001
40
0
40
0
40
0
40
0
40
1
40
1
40
1
40
1
41
1
41
1
41
1
41
1
10
7.2843469734208135
20
27.508672078450523
30
0
10
7.2539095548010213
20
27.508693403179446
30
0
10
7.2234721361812291
20
27.508685765478297
30
0
10
7.1930347175614386
20
27.50864624033294
30
0
0
SPLINE
5
367
100
AcDbEntity
8
0
100
AcDbSpline
70
4
71
3
72
8
73
4
74
0
42
0.000000001
43
0.0000000001
44
0.0000000001
40
0
40
0
40
0
40
0
40
1
40
1
40
1
40
1
41
1
41
1
41
1
41
1
10
7.1930347175614386
20
27.50864624033294
30
0
10
7.1713917799012208
20
27.508869164435502
30
0
10
7.1713917799012208
20
27.508869164435502
30
0
10
7.1493116111771604
20
27.509096592267355
30
0
0
SPLINE
5
368
100
AcDbEntity
8
0
100
AcDbSpline
70
4
71
3
72
8
73
4
74
0
42
0.000000001
43
0.0000000001
44
0.0000000001
40
0
40
0
40
0
40
0
40
1
40
1
40
1
40
1
41
1
41
1
41
1
41
1
10
7.1493116111771604
20
27.509096592267355
30
0
10
7.1359349345382395
20
27.508972490096156
30
0
10
7.1225583083645834
20
27.508848387924957
30
0
10
7.1087762947098749
20
27.508720525105797
30
0
0
SPLINE
5
369
100
AcDbEntity
8
0
100
AcDbSpline
70
4
71
3
72
8
73
4
74
0
42
0.000000001
43
0.0000000001
44
0.0000000001
40
0
40
0
40
0
40
0
40
1
40
1
40
1
40
1
41
1
41
1
41
1
41
1
10
7.1087762947098749
20
27.508720525105797
30
0
10
7.0911094144201625
20
27.508717227713205
30
0
10
7.0911094144201625
20
27.508717227713205
30
0
10
7.0730856437699341
20
27.508713863690698
30
0
0
SPLINE
5
370
100
AcDbEntity
8
0
100
AcDbSpline
70
4
71
3
72
8
73
4
74
0
42
0.000000001
43
0.0000000001
44
0.0000000001
40
0
40
0
40
0
40
0
40
1
40
1
40
1
40
1
41
1
41
1
41
1
41
1
10
7.0730856437699341
20
27.508713863690698
30
0
10
7.0429663581864377
20
27.502083333333335
30
0
10
7.0429663581864377
20
27.502083333333335
30
0
10
7.0193304462449095
20
27.478113745053609
30
0
0
SPLINE
5
371
100
AcDbEntity
8
0
100
AcDbSpline
70
4
71
3
72
8
73
4
74
0
42
0.000000001
43
0.0000000001
44
0.0000000001
40
0
40
0
40
0
40
0
40
1
40
1
40
1
40
1
41
1
41
1
41
1
41
1
10
7.0193304462449095
20
27.478113745053609
30
0
10
6.995849765461319
20
27.435769173105559
30
0
10
6.9976046950833348
20
27.394641419649126
30
0
10
6.9980078620926882
20
27.347467447916671
30
0
0
SPLINE
5
372
100
AcDbEntity
8
0
100
AcDbSpline
70
4
71
3
72
8
73
4
74
0
42
0.000000001
43
0.0000000001
44
0.0000000001
40
0
40
0
40
0
40
0
40
1
40
1
40
1
40
1
41
1
41
1
41
1
41
1
10
6.9980078620926882
20
27.347467447916671
30
0
10
6.9979699122127235
20
27.337684226234753
30
0
10
6.997931911867493
20
27.327901004552842
30
0
10
6.9978928012864134
20
27.31782132466634
30
0
0
SPLINE
5
373
100
AcDbEntity
8
0
100
AcDbSpline
70
4
71
3
72
8
73
4
74
0
42
0.000000001
43
0.0000000001
44
0.0000000001
40
0
40
0
40
0
40
0
40
1
40
1
40
1
40
1
41
1
41
1
41
1
41
1
10
6.9978928012864134
20
27.31782132466634
30
0
10
6.9978658528344173
20
27.297184020976228
30
0
10
6.9979386742131258
20
27.276546389261881
30
0
10
6.9981047554032347
20
27.255909729003911
30
0
0
SPLINE
5
374
100
AcDbEntity
8
0
100
AcDbSpline
70
4
71
3
72
8
73
4
74
0
42
0.000000001
43
0.0000000001
44
0.0000000001
40
0
40
0
40
0
40
0
40
1
40
1
40
1
40
1
41
1
41
1
41
1
41
1
10
6.9981047554032347
20
27.255909729003911
30
0
10
6.9983172141727152
20
27.224375094572704
30
0
10
6.9981066226180735
20
27.192862891952196
30
0
10
6.9978528327958136
20
27.161328938802086
30
0
0
SPLINE
5
375
100
AcDbEntity
8
0
100
AcDbSpline
70
4
71
3
72
8
73
4
74
0
42
0.000000001
43
0.0000000001
44
0.0000000001
40
0
40
0
40
0
40
0
40
1
40
1
40
1
40
1
41
1
41
1
41
1
41
1
10
6.9978528327958136
20
27.161328938802086
30
0
10
6.9978790747340858
20
27.141243990063664
30
0
10
6.9979298932568579
20
27.121159041325249
30
0
10
6.9980078620926882
20
27.10107421875
30
0
0
SPLINE
5
376
100
AcDbEntity
8
0
100
AcDbSpline
70
4
71
3
72
8
73
4
74
0
42
0.000000001
43
0.0000000001
44
0.0000000001
40
0
40
0
40
0
40
0
40
1
40
1
40
1
40
1
41
1
41
1
41
1
41
1
10
6.9980078620926882
20
27.10107421875
30
0
10
6.9978873510376953
20
27.086974929968516
30
0
10
6.9978873510376953
20
27.086974929968516
30
0
10
6.9977644176499387
20
27.072590815226238
30
0
0
SPLINE
5
377
100
AcDbEntity
8
0
100
AcDbSpline
70
4
71
3
72
8
73
4
74
0
42
0.000000001
43
0.0000000001
44
0.0000000001
40
0
40
0
40
0
40
0
40
1
40
1
40
1
40
1
41
1
41
1
41
1
41
1
10
6.9977644176499387
20
27.072590815226238
30
0
10
6.9983416393614162
20
27.031847884654997
30
0
10
7.0010870507574419
20
27.003337684075039
30
0
10
7.0209715766922978
20
26.967387288411459
30
0
0
SPLINE
5
378
100
AcDbEntity
8
0
100
AcDbSpline
70
4
71
3
72
8
73
4
74
0
42
0.000000001
43
0.0000000001
44
0.0000000001
40
0
40
0
40
0
40
0
40
1
40
1
40
1
40
1
41
1
41
1
41
1
41
1
10
7.0209715766922978
20
26.967387288411459
30
0
10
7.0577062025881157
20
26.932432774305344
30
0
10
7.0936671454922697
20
26.93151213645935
30
0
10
7.1419719429032344
20
26.931097513834636
30
0
0
SPLINE
5
379
100
AcDbEntity
8
0
100
AcDbSpline
70
4
71
3
72
8
73
4
74
0
42
0.000000001
43
0.0000000001
44
0.0000000001
40
0
40
0
40
0
40
0
40
1
40
1
40
1
40
1
41
1
41
1
41
1
41
1
10
7.1419719429032344
20
26.931097513834636
30
0
10
7.1539389228042305
20
26.93097039182981
30
0
10
7.1659058522399608
20
26.930843320290251
30
0
10
7.1782354755417845
20
26.930712362925213
30
0
0
SPLINE
5
380
100
AcDbEntity
8
0
100
AcDbSpline
70
4
71
3
72
8
73
4
74
0
42
0.000000001
43
0.0000000001
44
0.0000000001
40
0
40
0
40
0
40
0
40
1
40
1
40
1
40
1
41
1
41
1
41
1
41
1
10
7.1782354755417845
20
26.930712362925213
30
0
10
7.1911342461125392
20
26.93065614461899
30
0
10
7.2040330166832947
20
26.930599926312766
30
0
10
7.2173226407385211
20
26.9305419921875
30
0
0
SPLINE
5
381
100
AcDbEntity
8
0
100
AcDbSpline
70
4
71
3
72
8
73
4
74
0
42
0.000000001
43
0.0000000001
44
0.0000000001
40
0
40
0
40
0
40
0
40
1
40
1
40
1
40
1
41
1
41
1
41
1
41
1
10
7.2173226407385211
20
26.9305419921875
30
0
10
7.2372639148648918
20
26.930428899526596
30
0
10
7.2372639148648918
20
26.930428899526596
30
0
10
7.2576080532090215
20
26.930313485463458
30
0
0
SPLINE
5
382
100
AcDbEntity
8
0
100
AcDbSpline
70
4
71
3
72
8
73
4
74
0
42
0.000000001
43
0.0000000001
44
0.0000000001
40
0
40
0
40
0
40
0
40
1
40
1
40
1
40
1
41
1
41
1
41
1
41
1
10
7.2576080532090215
20
26.930313485463458
30
0
10
7.2857423632558529
20
26.930188482999803
30
0
10
7.3138768751637482
20
26.930102035999298
30
0
10
7.3420114123042772
20
26.930051066080729
30
0
0
SPLINE
5
383
100
AcDbEntity
8
0
100
AcDbSpline
70
4
71
3
72
8
73
4
74
0
42
0.000000001
43
0.0000000001
44
0.0000000001
40
0
40
0
40
0
40
0
40
1
40
1
40
1
40
1
41
1
41
1
41
1
41
1
10
7.3420114123042772
20
26.930051066080729
30
0
10
7.3850118056154592
20
26.92992263197899
30
0
10
7.4280038216925002
20
26.929512197971345
30
0
10
7.4710022468583128
20
26.929095052083333
30
0
0
SPLINE
5
384
100
AcDbEntity
8
0
100
AcDbSpline
70
4
71
3
72
8
73
4
74
0
42
0.000000001
43
0.0000000001
44
0.0000000001
40
0
40
0
40
0
40
0
40
1
40
1
40
1
40
1
41
1
41
1
41
1
41
1
10
7.4710022468583128
20
26.929095052083333
30
0
10
7.4983390290753391
20
26.929008655548099
30
0
10
7.5256758743739471
20
26.928939215342204
30
0
10
7.5530127449051871
20
26.928888346354167
30
0
0
SPLINE
5
385
100
AcDbEntity
8
0
100
AcDbSpline
70
4
71
3
72
8
73
4
74
0
42
0.000000001
43
0.0000000001
44
0.0000000001
40
0
40
0
40
0
40
0
40
1
40
1
40
1
40
1
41
1
41
1
41
1
41
1
10
7.5530127449051871
20
26.928888346354167
30
0
10
7.5722805537498337
20
26.928643337488175
30
0
10
7.5722805537498337
20
26.928643337488175
30
0
10
7.591937613806758
20
26.928393383026123
30
0
0
SPLINE
5
386
100
AcDbEntity
8
0
100
AcDbSpline
70
4
71
3
72
8
73
4
74
0
42
0.000000001
43
0.0000000001
44
0.0000000001
40
0
40
0
40
0
40
0
40
1
40
1
40
1
40
1
41
1
41
1
41
1
41
1
10
7.591937613806758
20
26.928393383026123
30
0
10
7.6425246981373771
20
26.928560069799424
30
0
10
7.6840622248218802
20
26.930932997067771
30
0
10
7.7324139391597457
20
26.946497090657555
30
0
0
SPLINE
5
387
100
AcDbEntity
8
0
100
AcDbSpline
70
4
71
3
72
8
73
4
74
0
42
0.000000001
43
0.0000000001
44
0.0000000001
40
0
40
0
40
0
40
0
40
1
40
1
40
1
40
1
41
1
41
1
41
1
41
1
10
7.7324139391597457
20
26.946497090657555
30
0
10
7.7707040180977529
20
26.987079238891603
30
0
10
7.7663007722513218
20
27.02962120572726
30
0
10
7.7651961758947721
20
27.082470703124997
30
0
0
SPLINE
5
388
100
AcDbEntity
8
0
100
AcDbSpline
70
4
71
3
72
8
73
4
74
0
42
0.000000001
43
0.0000000001
44
0.0000000001
40
0
40
0
40
0
40
0
40
1
40
1
40
1
40
1
41
1
41
1
41
1
41
1
10
7.7651961758947721
20
27.082470703124997
30
0
10
7.7651967057800633
20
27.09318493326505
30
0
10
7.7651972356653554
20
27.103899138172469
30
0
10
7.7651977907832803
20
27.114938036600748
30
0
0
SPLINE
5
389
100
AcDbEntity
8
0
100
AcDbSpline
70
4
71
3
72
8
73
4
74
0
42
0.000000001
43
0.0000000001
44
0.0000000001
40
0
40
0
40
0
40
0
40
1
40
1
40
1
40
1
41
1
41
1
41
1
41
1
10
7.7651977907832803
20
27.114938036600748
30
0
10
7.7651268997009932
20
27.137579278151197
30
0
10
7.7648940781967193
20
27.160220519701639
30
0
10
7.7645114631669063
20
27.182858632405598
30
0
0
SPLINE
5
390
100
AcDbEntity
8
0
100
AcDbSpline
70
4
71
3
72
8
73
4
74
0
42
0.000000001
43
0.0000000001
44
0.0000000001
40
0
40
0
40
0
40
0
40
1
40
1
40
1
40
1
41
1
41
1
41
1
41
1
10
7.7645114631669063
20
27.182858632405598
30
0
10
7.7639579096651428
20
27.217532862424854
30
0
10
7.7639681162651719
20
27.252173104087515
30
0
10
7.7640592943843547
20
27.286850992838545
30
0
0
SPLINE
5
391
100
AcDbEntity
8
0
100
AcDbSpline
70
4
71
3
72
8
73
4
74
0
42
0.000000001
43
0.0000000001
44
0.0000000001
40
0
40
0
40
0
40
0
40
1
40
1
40
1
40
1
41
1
41
1
41
1
41
1
10
7.7640592943843547
20
27.286850992838545
30
0
10
7.7639204770541532
20
27.308848158816499
30
0
10
7.7637493114885032
20
27.330845160782339
30
0
10
7.7635425300614376
20
27.352841796875001
30
0
0
SPLINE
5
392
100
AcDbEntity
8
0
100
AcDbSpline
70
4
71
3
72
8
73
4
74
0
42
0.000000001
43
0.0000000001
44
0.0000000001
40
0
40
0
40
0
40
0
40
1
40
1
40
1
40
1
41
1
41
1
41
1
41
1
10
7.7635425300614376
20
27.352841796875001
30
0
10
7.763539868018662
20
27.36321922183037
30
0
10
7.7635372059758847
20
27.37359663416942
30
0
10
7.7635344556188919
20
27.384288520812987
30
0
0
SPLINE
5
393
100
AcDbEntity
8
0
100
AcDbSpline
70
4
71
3
72
8
73
4
74
0
42
0.000000001
43
0.0000000001
44
0.0000000001
40
0
40
0
40
0
40
0
40
1
40
1
40
1
40
1
41
1
41
1
41
1
41
1
10
7.7635344556188919
20
27.384288520812987
30
0
10
7.7619755204733556
20
27.455893248195448
30
0
10
7.7619755204733556
20
27.455893248195448
30
0
10
7.7412635281896938
20
27.484956027666726
30
0
0
SPLINE
5
394
100
AcDbEntity
8
0
100
AcDbSpline
70
4
71
3
72
8
73
4
74
0
42
0.000000001
43
0.0000000001
44
0.0000000001
40
0
40
0
40
0
40
0
40
1
40
1
40
1
40
1
41
1
41
1
41
1
41
1
10
7.7412635281896938
20
27.484956027666726
30
0
10
7.7100147290246035
20
27.507625034218364
30
0
10
7.6902842577761756
20
27.507195330253452
30
0
10
7.6518439216630005
20
27.507428614298504
30
0
0
SPLINE
5
395
100
AcDbEntity
8
0
100
AcDbSpline
70
4
71
3
72
8
73
4
74
0
42
0.000000001
43
0.0000000001
44
0.0000000001
40
0
40
0
40
0
40
0
40
1
40
1
40
1
40
1
41
1
41
1
41
1
41
1
10
1.599377440136307
20
30.295569152832034
30
0
10
1.5874104744286666
20
30.295696252585817
30
0
10
1.5754435087210272
20
30.295823352462811
30
0
10
1.5631139074977574
20
30.295954303741457
30
0
0
SPLINE
5
396
100
AcDbEntity
8
0
100
AcDbSpline
70
4
71
3
72
8
73
4
74
0
42
0.000000001
43
0.0000000001
44
0.0000000001
40
0
40
0
40
0
40
0
40
1
40
1
40
1
40
1
41
1
41
1
41
1
41
1
10
1.5631139074977574
20
30.295954303741457
30
0
10
1.5502151432351607
20
30.296010526138129
30
0
10
1.537316378972563
20
30.296066748485515
30
0
10
1.5240267423010201
20
30.29612467452845
30
0
0
SPLINE
5
397
100
AcDbEntity
8
0
100
AcDbSpline
70
4
71
3
72
8
73
4
74
0
42
0.000000001
43
0.0000000001
44
0.0000000001
40
0
40
0
40
0
40
0
40
1
40
1
40
1
40
1
41
1
41
1
41
1
41
1
10
1.5240267423010201
20
30.29612467452845
30
0
10
1.5040854618664912
20
30.29623778532531
30
0
10
1.5040854618664912
20
30.29623778532531
30
0
10
1.4837413298305202
20
30.296353181252492
30
0
0
SPLINE
5
398
100
AcDbEntity
8
0
100
AcDbSpline
70
4
71
3
72
8
73
4
74
0
42
0.000000001
43
0.0000000001
44
0.0000000001
40
0
40
0
40
0
40
0
40
1
40
1
40
1
40
1
41
1
41
1
41
1
41
1
10
1.4837413298305202
20
30.296353181252492
30
0
10
1.455607019783689
20
30.296478167995037
30
0
10
1.4274725078757933
20
30.29656462445778
30
0
10
1.3993379707352649
20
30.296615600585941
30
0
0
SPLINE
5
399
100
AcDbEntity
8
0
100
AcDbSpline
70
4
71
3
72
8
73
4
74
0
42
0.000000001
43
0.0000000001
44
0.0000000001
40
0
40
0
40
0
40
0
40
1
40
1
40
1
40
1
41
1
41
1
41
1
41
1
10
1.3993379707352649
20
30.296615600585941
30
0
10
1.3563375774240827
20
30.296744017438808
30
0
10
1.3133455613470413
20
30.297154470568056
30
0
10
1.2703471361812291
20
30.297571614583333
30
0
0
SPLINE
5
400
100
AcDbEntity
8
0
100
AcDbSpline
70
4
71
3
72
8
73
4
74
0
42
0.000000001
43
0.0000000001
44
0.0000000001
40
0
40
0
40
0
40
0
40
1
40
1
40
1
40
1
41
1
41
1
41
1
41
1
10
1.2703471361812291
20
30.297571614583333
30
0
10
1.2430103539642023
20
30.297658001656337
30
0
10
1.2156735212819114
20
30.297727460983829
30
0
10
1.1883366381343541
20
30.297778320312503
30
0
0
SPLINE
5
401
100
AcDbEntity
8
0
100
AcDbSpline
70
4
71
3
72
8
73
4
74
0
42
0.000000001
43
0.0000000001
44
0.0000000001
40
0
40
0
40
0
40
0
40
1
40
1
40
1
40
1
41
1
41
1
41
1
41
1
10
1.1883366381343541
20
30.297778320312503
30
0
10
1.169068848214182
20
30.298023327207197
30
0
10
1.169068848214182
20
30.298023327207197
30
0
10
1.1494117692327832
20
30.298273283640548
30
0
0
SPLINE
5
402
100
AcDbEntity
8
0
100
AcDbSpline
70
4
71
3
72
8
73
4
74
0
42
0.000000001
43
0.0000000001
44
0.0000000001
40
0
40
0
40
0
40
0
40
1
40
1
40
1
40
1
41
1
41
1
41
1
41
1
10
1.1494117692327832
20
30.298273283640548
30
0
10
1.0988246801710455
20
30.298106615594591
30
0
10
1.0572871739880574
20
30.295733660567883
30
0
10
1.0089354438797959
20
30.280169576009115
30
0
0
SPLINE
5
403
100
AcDbEntity
8
0
100
AcDbSpline
70
4
71
3
72
8
73
4
74
0
42
0.000000001
43
0.0000000001
44
0.0000000001
40
0
40
0
40
0
40
0
40
1
40
1
40
1
40
1
41
1
41
1
41
1
41
1
10
1.0089354438797959
20
30.280169576009115
30
0
10
0.97064537755810587
20
30.239587453007701
30
0
10
0.97504862340453635
20
30.197045479863881
30
0
10
0.97615320714476983
20
30.144195963541666
30
0
0
SPLINE
5
404
100
AcDbEntity
8
0
100
AcDbSpline
70
4
71
3
72
8
73
4
74
0
42
0.000000001
43
0.0000000001
44
0.0000000001
40
0
40
0
40
0
40
0
40
1
40
1
40
1
40
1
41
1
41
1
41
1
41
1
10
0.97615320714476983
20
30.144195963541666
30
0
10
0.97615265202684487
20
30.133481746017935
30
0
10
0.97615214737418632
20
30.122767528494201
30
0
10
0.97615159225626136
20
30.111728630065922
30
0
0
SPLINE
5
405
100
AcDbEntity
8
0
100
AcDbSpline
70
4
71
3
72
8
73
4
74
0
42
0.000000001
43
0.0000000001
44
0.0000000001
40
0
40
0
40
0
40
0
40
1
40
1
40
1
40
1
41
1
41
1
41
1
41
1
10
0.97615159225626136
20
30.111728630065922
30
0
10
0.97622249595486488
20
30.089087388515473
30
0
10
0.97645529222650684
20
30.066446146965028
30
0
10
0.97683791987263513
20
30.043808034261069
30
0
0
SPLINE
5
406
100
AcDbEntity
8
0
100
AcDbSpline
70
4
71
3
72
8
73
4
74
0
42
0.000000001
43
0.0000000001
44
0.0000000001
40
0
40
0
40
0
40
0
40
1
40
1
40
1
40
1
41
1
41
1
41
1
41
1
10
0.97683791987263513
20
30.043808034261069
30
0
10
0.97739147337439936
20
30.009133804241817
30
0
10
0.97738127939068553
20
29.974493562579156
30
0
10
0.97729008865518718
20
29.939815673828125
30
0
0
SPLINE
5
407
100
AcDbEntity
8
0
100
AcDbSpline
70
4
71
3
72
8
73
4
74
0
42
0.000000001
43
0.0000000001
44
0.0000000001
40
0
40
0
40
0
40
0
40
1
40
1
40
1
40
1
41
1
41
1
41
1
41
1
10
0.97729008865518718
20
29.939815673828125
30
0
10
0.97742891860170489
20
29.917818495233853
30
0
10
0.97760004631840536
20
29.89582151850065
30
0
10
0.97780685297810366
20
29.873824869791669
30
0
0
SPLINE
5
408
100
AcDbEntity
8
0
100
AcDbSpline
70
4
71
3
72
8
73
4
74
0
42
0.000000001
43
0.0000000001
44
0.0000000001
40
0
40
0
40
0
40
0
40
1
40
1
40
1
40
1
41
1
41
1
41
1
41
1
10
0.97780685297810366
20
29.873824869791669
30
0
10
0.97780952763719675
20
29.863447444836304
30
0
10
0.97781220229628985
20
29.853070019880935
30
0
10
0.97781492742064935
20
29.842378145853679
30
0
0
SPLINE
5
409
100
AcDbEntity
8
0
100
AcDbSpline
70
4
71
3
72
8
73
4
74
0
42
0.000000001
43
0.0000000001
44
0.0000000001
40
0
40
0
40
0
40
0
40
1
40
1
40
1
40
1
41
1
41
1
41
1
41
1
10
0.97781492742064935
20
29.842378145853679
30
0
10
0.97937384994986942
20
29.770773434241615
30
0
10
0.97937384994986942
20
29.770773434241615
30
0
10
1.0000858548498481
20
29.74171063899994
30
0
0
SPLINE
5
410
100
AcDbEntity
8
0
100
AcDbSpline
70
4
71
3
72
8
73
4
74
0
42
0.000000001
43
0.0000000001
44
0.0000000001
40
0
40
0
40
0
40
0
40
1
40
1
40
1
40
1
41
1
41
1
41
1
41
1
10
1.0000858548498481
20
29.74171063899994
30
0
10
1.0313346540149382
20
29.719041641553243
30
0
10
1.0510651094929713
20
29.719471353292466
30
0
10
1.0895054613765409
20
29.719238052368166
30
0
0
SPLINE
5
411
100
AcDbEntity
8
0
100
AcDbSpline
70
4
71
3
72
8
73
4
74
0
42
0.000000001
43
0.0000000001
44
0.0000000001
40
0
40
0
40
0
40
0
40
1
40
1
40
1
40
1
41
1
41
1
41
1
41
1
10
1.0895054613765409
20
29.719238052368166
30
0
10
1.1095704511022897
20
29.718986331621807
30
0
10
1.1095704511022897
20
29.718986331621807
30
0
10
1.1300407778438259
20
29.718729564348859
30
0
0
SPLINE
5
412
100
AcDbEntity
8
0
100
AcDbSpline
70
4
71
3
72
8
73
4
74
0
42
0.000000001
43
0.0000000001
44
0.0000000001
40
0
40
0
40
0
40
0
40
1
40
1
40
1
40
1
41
1
41
1
41
1
41
1
10
1.1300407778438259
20
29.718729564348859
30
0
10
1.1444694029506375
20
29.71876842260361
30
0
10
1.158898028057449
20
29.718807230393093
30
0
10
1.173763884228104
20
29.718847249348958
30
0
0
SPLINE
5
413
100
AcDbEntity
8
0
100
AcDbSpline
70
4
71
3
72
8
73
4
74
0
42
0.000000001
43
0.0000000001
44
0.0000000001
40
0
40
0
40
0
40
0
40
1
40
1
40
1
40
1
41
1
41
1
41
1
41
1
10
1.173763884228104
20
29.718847249348958
30
0
10
1.1885889896965363
20
29.718777910073602
30
0
10
1.2034141203976012
20
29.718708570798242
30
0
10
1.2186884676631626
20
29.71863711198171
30
0
0
SPLINE
5
414
100
AcDbEntity
8
0
100
AcDbSpline
70
4
71
3
72
8
73
4
74
0
42
0.000000001
43
0.0000000001
44
0.0000000001
40
0
40
0
40
0
40
0
40
1
40
1
40
1
40
1
41
1
41
1
41
1
41
1
10
1.2186884676631626
20
29.71863711198171
30
0
10
1.2500478866911269
20
29.718552078008649
30
0
10
1.281407709441218
20
29.71856999317805
30
0
10
1.3127670275386505
20
29.718682530721029
30
0
0
SPLINE
5
415
100
AcDbEntity
8
0
100
AcDbSpline
70
4
71
3
72
8
73
4
74
0
42
0.000000001
43
0.0000000001
44
0.0000000001
40
0
40
0
40
0
40
0
40
1
40
1
40
1
40
1
41
1
41
1
41
1
41
1
10
1.3127670275386505
20
29.718682530721029
30
0
10
1.3608530832545296
20
29.718795118729275
30
0
10
1.4089183977461195
20
29.718414661089582
30
0
10
1.4570024096187284
20
29.717994588216147
30
0
0
SPLINE
5
416
100
AcDbEntity
8
0
100
AcDbSpline
70
4
71
3
72
8
73
4
74
0
42
0.000000001
43
0.0000000001
44
0.0000000001
40
0
40
0
40
0
40
0
40
1
40
1
40
1
40
1
41
1
41
1
41
1
41
1
10
1.4570024096187284
20
29.717994588216147
30
0
10
1.4874398282385204
20
29.717973241408664
30
0
10
1.517877272090945
20
29.717980912129086
30
0
10
1.5483146654781033
20
29.718020426432293
30
0
0
SPLINE
5
417
100
AcDbEntity
8
0
100
AcDbSpline
70
4
71
3
72
8
73
4
74
0
42
0.000000001
43
0.0000000001
44
0.0000000001
40
0
40
0
40
0
40
0
40
1
40
1
40
1
40
1
41
1
41
1
41
1
41
1
10
1.5483146654781033
20
29.718020426432293
30
0
10
1.5699576031383211
20
29.717797521352768
30
0
10
1.5699576031383211
20
29.717797521352768
30
0
10
1.5920377718623813
20
29.717570074399315
30
0
0
SPLINE
5
418
100
AcDbEntity
8
0
100
AcDbSpline
70
4
71
3
72
8
73
4
74
0
42
0.000000001
43
0.0000000001
44
0.0000000001
40
0
40
0
40
0
40
0
40
1
40
1
40
1
40
1
41
1
41
1
41
1
41
1
10
1.5920377718623813
20
29.717570074399315
30
0
10
1.6054144264227488
20
29.717694168488187
30
0
10
1.6187910809831152
20
29.717818262577058
30
0
10
1.6325730883296663
20
29.717946141560873
30
0
0
SPLINE
5
419
100
AcDbEntity
8
0
100
AcDbSpline
70
4
71
3
72
8
73
4
74
0
42
0.000000001
43
0.0000000001
44
0.0000000001
40
0
40
0
40
0
40
0
40
1
40
1
40
1
40
1
41
1
41
1
41
1
41
1
10
1.6325730883296663
20
29.717946141560873
30
0
10
1.6502399591571426
20
29.717949421803155
30
0
10
1.6502399591571426
20
29.717949421803155
30
0
10
1.6682637392696076
20
29.717952802975972
30
0
0
SPLINE
5
420
100
AcDbEntity
8
0
100
AcDbSpline
70
4
71
3
72
8
73
4
74
0
42
0.000000001
43
0.0000000001
44
0.0000000001
40
0
40
0
40
0
40
0
40
1
40
1
40
1
40
1
41
1
41
1
41
1
41
1
10
1.6682637392696076
20
29.717952802975972
30
0
10
1.698383024853104
20
29.724583333333335
30
0
10
1.698383024853104
20
29.724583333333335
30
0
10
1.7220189367946315
20
29.748552921613062
30
0
0
SPLINE
5
421
100
AcDbEntity
8
0
100
AcDbSpline
70
4
71
3
72
8
73
4
74
0
42
0.000000001
43
0.0000000001
44
0.0000000001
40
0
40
0
40
0
40
0
40
1
40
1
40
1
40
1
41
1
41
1
41
1
41
1
10
1.7220189367946315
20
29.748552921613062
30
0
10
1.745499630194538
20
29.790897468328478
30
0
10
1.7437447131888406
20
29.832025247017544
30
0
10
1.7433415209468539
20
29.879199218750003
30
0
0
SPLINE
5
422
100
AcDbEntity
8
0
100
AcDbSpline
70
4
71
3
72
8
73
4
74
0
42
0.000000001
43
0.0000000001
44
0.0000000001
40
0
40
0
40
0
40
0
40
1
40
1
40
1
40
1
41
1
41
1
41
1
41
1
10
1.7433415209468539
20
29.879199218750003
30
0
10
1.7433794960594506
20
29.888982440431914
30
0
10
1.7434174585557316
20
29.898765662113828
30
0
10
1.7434565817531278
20
29.908845342000326
30
0
0
SPLINE
5
423
100
AcDbEntity
8
0
100
AcDbSpline
70
4
71
3
72
8
73
4
74
0
42
0.000000001
43
0.0000000001
44
0.0000000001
40
0
40
0
40
0
40
0
40
1
40
1
40
1
40
1
41
1
41
1
41
1
41
1
10
1.7434565817531278
20
29.908845342000326
30
0
10
1.7434835302051244
20
29.929482633074123
30
0
10
1.7434107088264161
20
29.950120277404789
30
0
10
1.7432446276363067
20
29.970756937662763
30
0
0
SPLINE
5
424
100
AcDbEntity
8
0
100
AcDbSpline
70
4
71
3
72
8
73
4
74
0
42
0.000000001
43
0.0000000001
44
0.0000000001
40
0
40
0
40
0
40
0
40
1
40
1
40
1
40
1
41
1
41
1
41
1
41
1
10
1.7432446276363067
20
29.970756937662763
30
0
10
1.743032168866826
20
30.002291572093966
30
0
10
1.7432427730377842
20
30.033803774714471
30
0
10
1.7434965502437283
20
30.065337727864584
30
0
0
SPLINE
5
425
100
AcDbEntity
8
0
100
AcDbSpline
70
4
71
3
72
8
73
4
74
0
42
0.000000001
43
0.0000000001
44
0.0000000001
40
0
40
0
40
0
40
0
40
1
40
1
40
1
40
1
41
1
41
1
41
1
41
1
10
1.7434965502437283
20
30.065337727864584
30
0
10
1.7434703209217717
20
30.085422689219318
30
0
10
1.743419477166368
20
30.105507625341417
30
0
10
1.7433415209468539
20
30.12559244791667
30
0
0
SPLINE
5
426
100
AcDbEntity
8
0
100
AcDbSpline
70
4
71
3
72
8
73
4
74
0
42
0.000000001
43
0.0000000001
44
0.0000000001
40
0
40
0
40
0
40
0
40
1
40
1
40
1
40
1
41
1
41
1
41
1
41
1
10
1.7433415209468539
20
30.12559244791667
30
0
10
1.7434218616501818
20
30.134991969565551
30
0
10
1.7435021897371938
20
30.144391491214435
30
0
10
1.7435849653896029
20
30.154075851440432
30
0
0
SPLINE
5
427
100
AcDbEntity
8
0
100
AcDbSpline
70
4
71
3
72
8
73
4
74
0
42
0.000000001
43
0.0000000001
44
0.0000000001
40
0
40
0
40
0
40
0
40
1
40
1
40
1
40
1
41
1
41
1
41
1
41
1
10
1.7435849653896029
20
30.154075851440432
30
0
10
1.7430077562944424
20
30.194818782011666
30
0
10
1.7402623070494661
20
30.223329007824265
30
0
10
1.7203778063472441
20
30.259279378255211
30
0
0
SPLINE
5
428
100
AcDbEntity
8
0
100
AcDbSpline
70
4
71
3
72
8
73
4
74
0
42
0.000000001
43
0.0000000001
44
0.0000000001
40
0
40
0
40
0
40
0
40
1
40
1
40
1
40
1
41
1
41
1
41
1
41
1
10
1.7203778063472441
20
30.259279378255211
30
0
10
1.6836432056840589
20
30.294233889010115
30
0
10
1.6476822627799048
20
30.295154508670873
30
0
10
1.599377440136307
20
30.295569152832034
30
0
0
SPLINE
5
429
100
AcDbEntity
8
0
100
AcDbSpline
70
4
71
3
72
8
73
4
74
0
42
0.000000001
43
0.0000000001
44
0.0000000001
40
0
40
0
40
0
40
0
40
1
40
1
40
1
40
1
41
1
41
1
41
1
41
1
10
7.5539429206864384
20
30.298708496093752
30
0
10
7.5340577970535891
20
30.298765451228586
30
0
10
7.5340577970535891
20
30.298765451228586
30
0
10
7.5137709541337037
20
30.298823556900025
30
0
0
SPLINE
5
430
100
AcDbEntity
8
0
100
AcDbSpline
70
4
71
3
72
8
73
4
74
0
42
0.000000001
43
0.0000000001
44
0.0000000001
40
0
40
0
40
0
40
0
40
1
40
1
40
1
40
1
41
1
41
1
41
1
41
1
10
7.5137709541337037
20
30.298823556900025
30
0
10
7.485794549903904
20
30.298850515960076
30
0
10
7.4578178933477748
20
30.298777619413254
30
0
10
7.4298419685379997
20
30.298611602764723
30
0
0
SPLINE
5
431
100
AcDbEntity
8
0
100
AcDbSpline
70
4
71
3
72
8
73
4
74
0
42
0.000000001
43
0.0000000001
44
0.0000000001
40
0
40
0
40
0
40
0
40
1
40
1
40
1
40
1
41
1
41
1
41
1
41
1
10
7.4298419685379997
20
30.298611602764723
30
0
10
7.3870740308579155
20
30.298399179250701
30
0
10
7.3443226457850477
20
30.298609732161715
30
0
10
7.3015552253739378
20
30.298863525390626
30
0
0
SPLINE
5
432
100
AcDbEntity
8
0
100
AcDbSpline
70
4
71
3
72
8
73
4
74
0
42
0.000000001
43
0.0000000001
44
0.0000000001
40
0
40
0
40
0
40
0
40
1
40
1
40
1
40
1
41
1
41
1
41
1
41
1
10
7.3015552253739378
20
30.298863525390626
30
0
10
7.2743389289792715
20
30.298837298828488
30
0
10
7.247122657817239
20
30.298786448826533
30
0
10
7.2199064623531051
20
30.298708496093752
30
0
0
SPLINE
5
433
100
AcDbEntity
8
0
100
AcDbSpline
70
4
71
3
72
8
73
4
74
0
42
0.000000001
43
0.0000000001
44
0.0000000001
40
0
40
0
40
0
40
0
40
1
40
1
40
1
40
1
41
1
41
1
41
1
41
1
10
7.2199064623531051
20
30.298708496093752
30
0
10
7.2007631450112992
20
30.298829001099321
30
0
10
7.2007631450112992
20
30.298829001099321
30
0
10
7.1812331123368285
20
30.298951940536504
30
0
0
SPLINE
5
434
100
AcDbEntity
8
0
100
AcDbSpline
70
4
71
3
72
8
73
4
74
0
42
0.000000001
43
0.0000000001
44
0.0000000001
40
0
40
0
40
0
40
0
40
1
40
1
40
1
40
1
41
1
41
1
41
1
41
1
10
7.1812331123368285
20
30.298951940536504
30
0
10
7.1160429397440295
20
30.298270335759348
30
0
10
7.0687953391886094
20
30.297460590111246
30
0
10
7.0165080248531044
20
30.253750000000004
30
0
0
SPLINE
5
435
100
AcDbEntity
8
0
100
AcDbSpline
70
4
71
3
72
8
73
4
74
0
42
0.000000001
43
0.0000000001
44
0.0000000001
40
0
40
0
40
0
40
0
40
1
40
1
40
1
40
1
41
1
41
1
41
1
41
1
10
7.0165080248531044
20
30.253750000000004
30
0
10
6.9964913303868315
20
30.213716661532722
30
0
10
7.0008506714519205
20
30.172107532521089
30
0
10
7.0005916837072713
20
30.128176269531252
30
0
0
SPLINE
5
436
100
AcDbEntity
8
0
100
AcDbSpline
70
4
71
3
72
8
73
4
74
0
42
0.000000001
43
0.0000000001
44
0.0000000001
40
0
40
0
40
0
40
0
40
1
40
1
40
1
40
1
41
1
41
1
41
1
41
1
10
7.0005916837072713
20
30.128176269531252
30
0
10
7.0005162886000019
20
30.11835561523835
30
0
10
7.0004408934927334
20
30.108534948329133
30
0
10
7.0003631769832317
20
30.09841670036316
30
0
0
SPLINE
5
437
100
AcDbEntity
8
0
100
AcDbSpline
70
4
71
3
72
8
73
4
74
0
42
0.000000001
43
0.0000000001
44
0.0000000001
40
0
40
0
40
0
40
0
40
1
40
1
40
1
40
1
41
1
41
1
41
1
41
1
10
7.0003631769832317
20
30.09841670036316
30
0
10
7.0002381240543068
20
30.077621579170231
30
0
10
7.0001517275190697
20
30.056826180418334
30
0
10
7.0001007576005003
20
30.036030731201173
30
0
0
SPLINE
5
438
100
AcDbEntity
8
0
100
AcDbSpline
70
4
71
3
72
8
73
4
74
0
42
0.000000001
43
0.0000000001
44
0.0000000001
40
0
40
0
40
0
40
0
40
1
40
1
40
1
40
1
41
1
41
1
41
1
41
1
10
7.0001007576005003
20
30.036030731201173
30
0
10
6.9999724244292914
20
30.00426443596681
30
0
10
6.9995620913521783
20
29.972509495417277
30
0
10
6.9991447436031056
20
29.940745849609378
30
0
0
SPLINE
5
439
100
AcDbEntity
8
0
100
AcDbSpline
70
4
71
3
72
8
73
4
74
0
42
0.000000001
43
0.0000000001
44
0.0000000001
40
0
40
0
40
0
40
0
40
1
40
1
40
1
40
1
41
1
41
1
41
1
41
1
10
6.9991447436031056
20
29.940745849609378
30
0
10
6.9990583470678667
20
29.920540440281233
30
0
10
6.9989889068619746
20
29.900334930022559
30
0
10
6.9989380378739385
20
29.880129394531249
30
0
0
SPLINE
5
440
100
AcDbEntity
8
0
100
AcDbSpline
70
4
71
3
72
8
73
4
74
0
42
0.000000001
43
0.0000000001
44
0.0000000001
40
0
40
0
40
0
40
0
40
1
40
1
40
1
40
1
41
1
41
1
41
1
41
1
10
6.9989380378739385
20
29.880129394531249
30
0
10
6.9987746818081877
20
29.870646870136262
30
0
10
6.9986113762077036
20
29.861164345741273
30
0
10
6.9984430745458948
20
29.851394472122195
30
0
0
SPLINE
5
441
100
AcDbEntity
8
0
100
AcDbSpline
70
4
71
3
72
8
73
4
74
0
42
0.000000001
43
0.0000000001
44
0.0000000001
40
0
40
0
40
0
40
0
40
1
40
1
40
1
40
1
41
1
41
1
41
1
41
1
10
6.9984430745458948
20
29.851394472122195
30
0
10
6.9986920197026281
20
29.79548980752627
30
0
10
7.0034114809052497
20
29.764608244101211
30
0
10
7.0429663581864377
20
29.724583333333335
30
0
0
SPLINE
5
442
100
AcDbEntity
8
0
100
AcDbSpline
70
4
71
3
72
8
73
4
74
0
42
0.000000001
43
0.0000000001
44
0.0000000001
40
0
40
0
40
0
40
0
40
1
40
1
40
1
40
1
41
1
41
1
41
1
41
1
10
7.0429663581864377
20
29.724583333333335
30
0
10
7.0730856437699341
20
29.717952802975972
30
0
10
7.0730856437699341
20
29.717952802975972
30
0
10
7.1087762947098749
20
29.717946141560873
30
0
0
SPLINE
5
443
100
AcDbEntity
8
0
100
AcDbSpline
70
4
71
3
72
8
73
4
74
0
42
0.000000001
43
0.0000000001
44
0.0000000001
40
0
40
0
40
0
40
0
40
1
40
1
40
1
40
1
41
1
41
1
41
1
41
1
10
7.1087762947098749
20
29.717946141560873
30
0
10
7.1221529713487968
20
29.717822047472001
30
0
10
7.135529597522452
20
29.71769795338313
30
0
10
7.1493116111771604
20
29.717570074399315
30
0
0
SPLINE
5
444
100
AcDbEntity
8
0
100
AcDbSpline
70
4
71
3
72
8
73
4
74
0
42
0.000000001
43
0.0000000001
44
0.0000000001
40
0
40
0
40
0
40
0
40
1
40
1
40
1
40
1
41
1
41
1
41
1
41
1
10
7.1493116111771604
20
29.717570074399315
30
0
10
7.1637402362839717
20
29.71771869460742
30
0
10
7.1781688613907839
20
29.717867314815525
30
0
10
7.1930347175614386
20
29.718020426432293
30
0
0
SPLINE
5
445
100
AcDbEntity
8
0
100
AcDbSpline
70
4
71
3
72
8
73
4
74
0
42
0.000000001
43
0.0000000001
44
0.0000000001
40
0
40
0
40
0
40
0
40
1
40
1
40
1
40
1
41
1
41
1
41
1
41
1
10
7.1930347175614386
20
29.718020426432293
30
0
10
7.2078598230298692
20
29.718001199165979
30
0
10
7.2226849537309352
20
29.717981921434404
30
0
10
7.2379593009964971
20
29.717962088584898
30
0
0
SPLINE
5
446
100
AcDbEntity
8
0
100
AcDbSpline
70
4
71
3
72
8
73
4
74
0
42
0.000000001
43
0.0000000001
44
0.0000000001
40
0
40
0
40
0
40
0
40
1
40
1
40
1
40
1
41
1
41
1
41
1
41
1
10
7.2379593009964971
20
29.717962088584898
30
0
10
7.269319174211855
20
29.717984040975573
30
0
10
7.3006791735903764
20
29.718137253522876
30
0
10
7.3320378608719849
20
29.718411229451501
30
0
0
SPLINE
5
447
100
AcDbEntity
8
0
100
AcDbSpline
70
4
71
3
72
8
73
4
74
0
42
0.000000001
43
0.0000000001
44
0.0000000001
40
0
40
0
40
0
40
0
40
1
40
1
40
1
40
1
41
1
41
1
41
1
41
1
10
7.3320378608719849
20
29.718411229451501
30
0
10
7.3801224657114686
20
29.718794058958693
30
0
10
7.428187767586742
20
29.718683943748477
30
0
10
7.4762732429520629
20
29.718511352539064
30
0
0
SPLINE
5
448
100
AcDbEntity
8
0
100
AcDbSpline
70
4
71
3
72
8
73
4
74
0
42
0.000000001
43
0.0000000001
44
0.0000000001
40
0
40
0
40
0
40
0
40
1
40
1
40
1
40
1
41
1
41
1
41
1
41
1
10
7.4762732429520629
20
29.718511352539064
30
0
10
7.5067107561942281
20
29.718593863248827
30
0
10
7.5371482079318506
20
29.718704886833827
30
0
10
7.5675854988114377
20
29.718847249348958
30
0
0
SPLINE
5
449
100
AcDbEntity
8
0
100
AcDbSpline
70
4
71
3
72
8
73
4
74
0
42
0.000000001
43
0.0000000001
44
0.0000000001
40
0
40
0
40
0
40
0
40
1
40
1
40
1
40
1
41
1
41
1
41
1
41
1
10
7.5675854988114377
20
29.718847249348958
30
0
10
7.582014123918249
20
29.718808391094207
30
0
10
7.5964427490250603
20
29.718769583304724
30
0
10
7.6113086051957159
20
29.718729564348859
30
0
0
SPLINE
5
450
100
AcDbEntity
8
0
100
AcDbSpline
70
4
71
3
72
8
73
4
74
0
42
0.000000001
43
0.0000000001
44
0.0000000001
40
0
40
0
40
0
40
0
40
1
40
1
40
1
40
1
41
1
41
1
41
1
41
1
10
7.6113086051957159
20
29.718729564348859
30
0
10
7.624685256602004
20
29.718897361358007
30
0
10
7.6380619143164497
20
29.719065158367158
30
0
10
7.6518439216630005
20
29.719238052368166
30
0
0
SPLINE
5
451
100
AcDbEntity
8
0
100
AcDbSpline
70
4
71
3
72
8
73
4
74
0
42
0.000000001
43
0.0000000001
44
0.0000000001
40
0
40
0
40
0
40
0
40
1
40
1
40
1
40
1
41
1
41
1
41
1
41
1
10
7.6518439216630005
20
29.719238052368166
30
0
10
7.6695107893363978
20
29.719345291058225
30
0
10
7.6695107893363978
20
29.719345291058225
30
0
10
7.6875345726029423
20
29.71945464928945
30
0
0
SPLINE
5
452
100
AcDbEntity
8
0
100
AcDbSpline
70
4
71
3
72
8
73
4
74
0
42
0.000000001
43
0.0000000001
44
0.0000000001
40
0
40
0
40
0
40
0
40
1
40
1
40
1
40
1
41
1
41
1
41
1
41
1
10
7.6875345726029423
20
29.71945464928945
30
0
10
7.7241323114649791
20
29.72568645358086
30
0
10
7.7359353171007186
20
29.734234159390134
30
0
10
7.7573413581864381
20
29.764270833333335
30
0
0
SPLINE
5
453
100
AcDbEntity
8
0
100
AcDbSpline
70
4
71
3
72
8
73
4
74
0
42
0.000000001
43
0.0000000001
44
0.0000000001
40
0
40
0
40
0
40
0
40
1
40
1
40
1
40
1
41
1
41
1
41
1
41
1
10
7.7573413581864381
20
29.764270833333335
30
0
10
7.7616087893859884
20
29.801764608224236
30
0
10
7.7635328911956494
20
29.836296425263086
30
0
10
7.7635425300614376
20
29.873824869791669
30
0
0
SPLINE
5
454
100
AcDbEntity
8
0
100
AcDbSpline
70
4
71
3
72
8
73
4
74
0
42
0.000000001
43
0.0000000001
44
0.0000000001
40
0
40
0
40
0
40
0
40
1
40
1
40
1
40
1
41
1
41
1
41
1
41
1
10
7.7635425300614376
20
29.873824869791669
30
0
10
7.763643246115878
20
29.884539099931718
30
0
10
7.7637439747866335
20
29.895253304839137
30
0
10
7.7638477439896603
20
29.906292203267416
30
0
0
SPLINE
5
455
100
AcDbEntity
8
0
100
AcDbSpline
70
4
71
3
72
8
73
4
74
0
42
0.000000001
43
0.0000000001
44
0.0000000001
40
0
40
0
40
0
40
0
40
1
40
1
40
1
40
1
41
1
41
1
41
1
41
1
10
7.7638477439896603
20
29.906292203267416
30
0
10
7.7639906111574515
20
29.928931981325153
30
0
10
7.7640283844089852
20
29.951572642525036
30
0
10
7.7639688606278447
20
29.974212799072269
30
0
0
SPLINE
5
456
100
AcDbEntity
8
0
100
AcDbSpline
70
4
71
3
72
8
73
4
74
0
42
0.000000001
43
0.0000000001
44
0.0000000001
40
0
40
0
40
0
40
0
40
1
40
1
40
1
40
1
41
1
41
1
41
1
41
1
10
7.7639688606278447
20
29.974212799072269
30
0
10
7.7639559793687205
20
30.008891646663347
30
0
10
7.7645067951298099
20
30.043531888326012
30
0
10
7.765092823030189
20
30.07820515950521
30
0
0
SPLINE
5
457
100
AcDbEntity
8
0
100
AcDbSpline
70
4
71
3
72
8
73
4
74
0
42
0.000000001
43
0.0000000001
44
0.0000000001
40
0
40
0
40
0
40
0
40
1
40
1
40
1
40
1
41
1
41
1
41
1
41
1
10
7.765092823030189
20
30.07820515950521
30
0
10
7.7651616955018383
20
30.10020201007525
30
0
10
7.7651972735143051
20
30.122198999424779
30
0
10
7.7651961758947721
20
30.144195963541666
30
0
0
SPLINE
5
458
100
AcDbEntity
8
0
100
AcDbSpline
70
4
71
3
72
8
73
4
74
0
42
0.000000001
43
0.0000000001
44
0.0000000001
40
0
40
0
40
0
40
0
40
1
40
1
40
1
40
1
41
1
41
1
41
1
41
1
10
7.7651961758947721
20
30.144195963541666
30
0
10
7.7654130756076523
20
30.154573388497035
30
0
10
7.7656299753205325
20
30.164950800836088
30
0
10
7.7658534355179807
20
30.175642687479659
30
0
0
SPLINE
5
459
100
AcDbEntity
8
0
100
AcDbSpline
70
4
71
3
72
8
73
4
74
0
42
0.000000001
43
0.0000000001
44
0.0000000001
40
0
40
0
40
0
40
0
40
1
40
1
40
1
40
1
41
1
41
1
41
1
41
1
10
7.7658534355179807
20
30.175642687479659
30
0
10
7.7652807052151704
20
30.220625558296842
30
0
10
7.7639191144919737
20
30.24681002609432
30
0
10
7.7323558031734176
20
30.280111440022786
30
0
0
SPLINE
5
460
100
AcDbEntity
8
0
100
AcDbSpline
70
4
71
3
72
8
73
4
74
0
42
0.000000001
43
0.0000000001
44
0.0000000001
40
0
40
0
40
0
40
0
40
1
40
1
40
1
40
1
41
1
41
1
41
1
41
1
10
7.7323558031734176
20
30.280111440022786
30
0
10
7.6725788756426514
20
30.299464828299048
30
0
10
7.6164212286687238
20
30.299101790096223
30
0
10
7.5539429206864384
20
30.298708496093752
30
0
0
SPLINE
5
461
100
AcDbEntity
8
0
100
AcDbSpline
70
4
71
3
72
8
73
4
74
0
42
0.000000001
43
0.0000000001
44
0.0000000001
40
0
40
0
40
0
40
0
40
1
40
1
40
1
40
1
41
1
41
1
41
1
41
1
10
3.1130770352697708
20
25.99876424153646
30
0
10
3.0974461572087146
20
25.998774133778142
30
0
10
3.0974461572087146
20
25.998774133778142
30
0
10
3.0814995053625438
20
25.99878422578022
30
0
0
SPLINE
5
462
100
AcDbEntity
8
0
100
AcDbSpline
70
4
71
3
72
8
73
4
74
0
42
0.000000001
43
0.0000000001
44
0.0000000001
40
0
40
0
40
0
40
0
40
1
40
1
40
1
40
1
41
1
41
1
41
1
41
1
10
3.0814995053625438
20
25.99878422578022
30
0
10
3.0594817747887308
20
25.99875328209794
30
0
10
3.0374640000578101
20
25.998624712320748
30
0
10
3.0154473355627394
20
25.998405736287435
30
0
0
SPLINE
5
463
100
AcDbEntity
8
0
100
AcDbSpline
70
4
71
3
72
8
73
4
74
0
42
0.000000001
43
0.0000000001
44
0.0000000001
40
0
40
0
40
0
40
0
40
1
40
1
40
1
40
1
41
1
41
1
41
1
41
1
10
3.0154473355627394
20
25.998405736287435
30
0
10
2.981737130901847
20
25.998093604675184
30
0
10
2.9480407663401302
20
25.998133747527223
30
0
10
2.9143294766760208
20
25.998221639046683
30
0
0
SPLINE
5
464
100
AcDbEntity
8
0
100
AcDbSpline
70
4
71
3
72
8
73
4
74
0
42
0.000000001
43
0.0000000001
44
0.0000000001
40
0
40
0
40
0
40
0
40
1
40
1
40
1
40
1
41
1
41
1
41
1
41
1
10
2.9143294766760208
20
25.998221639046683
30
0
10
2.892935358009372
20
25.998147861587739
30
0
10
2.8715412898079888
20
25.998053803005799
30
0
10
2.8501473477697701
20
25.997937418619792
30
0
0
SPLINE
5
465
100
AcDbEntity
8
0
100
AcDbSpline
70
4
71
3
72
8
73
4
74
0
42
0.000000001
43
0.0000000001
44
0.0000000001
40
0
40
0
40
0
40
0
40
1
40
1
40
1
40
1
41
1
41
1
41
1
41
1
10
2.8501473477697701
20
25.997937418619792
30
0
10
2.8400592906491298
20
25.997949475826463
30
0
10
2.8299712587611214
20
25.997961532885292
30
0
10
2.8195775082922312
20
25.997973955472311
30
0
0
SPLINE
5
466
100
AcDbEntity
8
0
100
AcDbSpline
70
4
71
3
72
8
73
4
74
0
42
0.000000001
43
0.0000000001
44
0.0000000001
40
0
40
0
40
0
40
0
40
1
40
1
40
1
40
1
41
1
41
1
41
1
41
1
10
2.8195775082922312
20
25.997973955472311
30
0
10
2.7695738734023112
20
25.997303428806674
30
0
10
2.746420030913387
20
25.995913556638794
30
0
10
2.7037996915197704
20
25.967500000000001
30
0
0
SPLINE
5
467
100
AcDbEntity
8
0
100
AcDbSpline
70
4
71
3
72
8
73
4
74
0
42
0.000000001
43
0.0000000001
44
0.0000000001
40
0
40
0
40
0
40
0
40
1
40
1
40
1
40
1
41
1
41
1
41
1
41
1
10
2.7037996915197704
20
25.967500000000001
30
0
10
2.6914004261509907
20
25.930302197585505
30
0
10
2.6887696213738455
20
25.907026544560988
30
0
10
2.6884388720210728
20
25.868494415283205
30
0
0
SPLINE
5
468
100
AcDbEntity
8
0
100
AcDbSpline
70
4
71
3
72
8
73
4
74
0
42
0.000000001
43
0.0000000001
44
0.0000000001
40
0
40
0
40
0
40
0
40
1
40
1
40
1
40
1
41
1
41
1
41
1
41
1
10
2.6884388720210728
20
25.868494415283205
30
0
10
2.6883117500162457
20
25.856527447998523
30
0
10
2.6881846784766852
20
25.844560480713845
30
0
10
2.6880537211116486
20
25.832230882644652
30
0
0
SPLINE
5
469
100
AcDbEntity
8
0
100
AcDbSpline
70
4
71
3
72
8
73
4
74
0
42
0.000000001
43
0.0000000001
44
0.0000000001
40
0
40
0
40
0
40
0
40
1
40
1
40
1
40
1
41
1
41
1
41
1
41
1
10
2.6880537211116486
20
25.832230882644652
30
0
10
2.687997502805425
20
25.819332112073901
30
0
10
2.6879412844992014
20
25.806433354119459
30
0
10
2.6878833503739372
20
25.793143717447915
30
0
0
SPLINE
5
470
100
AcDbEntity
8
0
100
AcDbSpline
70
4
71
3
72
8
73
4
74
0
42
0.000000001
43
0.0000000001
44
0.0000000001
40
0
40
0
40
0
40
0
40
1
40
1
40
1
40
1
41
1
41
1
41
1
41
1
10
2.6878833503739372
20
25.793143717447915
30
0
10
2.6878079552666678
20
25.779849526286128
30
0
10
2.6877325601593984
20
25.766555335124334
30
0
10
2.6876548436498968
20
25.752858304977416
30
0
0
SPLINE
5
471
100
AcDbEntity
8
0
100
AcDbSpline
70
4
71
3
72
8
73
4
74
0
42
0.000000001
43
0.0000000001
44
0.0000000001
40
0
40
0
40
0
40
0
40
1
40
1
40
1
40
1
41
1
41
1
41
1
41
1
10
2.6876548436498968
20
25.752858304977416
30
0
10
2.6875298411862394
20
25.724723994930585
30
0
10
2.6874433941857356
20
25.696589483022692
30
0
10
2.6873924242671663
20
25.668454945882164
30
0
0
SPLINE
5
472
100
AcDbEntity
8
0
100
AcDbSpline
70
4
71
3
72
8
73
4
74
0
42
0.000000001
43
0.0000000001
44
0.0000000001
40
0
40
0
40
0
40
0
40
1
40
1
40
1
40
1
41
1
41
1
41
1
41
1
10
2.6873924242671663
20
25.668454945882164
30
0
10
2.6872639901654258
20
25.625454552570979
30
0
10
2.6868535561577813
20
25.582462536493935
30
0
10
2.6864364102697702
20
25.539464111328126
30
0
0
SPLINE
5
473
100
AcDbEntity
8
0
100
AcDbSpline
70
4
71
3
72
8
73
4
74
0
42
0.000000001
43
0.0000000001
44
0.0000000001
40
0
40
0
40
0
40
0
40
1
40
1
40
1
40
1
41
1
41
1
41
1
41
1
10
2.6864364102697702
20
25.539464111328126
30
0
10
2.6863500137345331
20
25.512127329111102
30
0
10
2.686280573528641
20
25.484790496428808
30
0
10
2.6862297045406036
20
25.457453613281249
30
0
0
SPLINE
5
474
100
AcDbEntity
8
0
100
AcDbSpline
70
4
71
3
72
8
73
4
74
0
42
0.000000001
43
0.0000000001
44
0.0000000001
40
0
40
0
40
0
40
0
40
1
40
1
40
1
40
1
41
1
41
1
41
1
41
1
10
2.6862297045406036
20
25.457453613281249
30
0
10
2.6860663484748537
20
25.444608386357626
30
0
10
2.6859030428743691
20
25.43176320989927
30
0
10
2.6857347412125598
20
25.418528744379678
30
0
0
SPLINE
5
475
100
AcDbEntity
8
0
100
AcDbSpline
70
4
71
3
72
8
73
4
74
0
42
0.000000001
43
0.0000000001
44
0.0000000001
40
0
40
0
40
0
40
0
40
1
40
1
40
1
40
1
41
1
41
1
41
1
41
1
10
2.6857347412125598
20
25.418528744379678
30
0
10
2.6859505306895901
20
25.353039514621099
30
0
10
2.686161828757955
20
25.305608321428302
30
0
10
2.7302580248531036
20
25.253125000000001
30
0
0
SPLINE
5
476
100
AcDbEntity
8
0
100
AcDbSpline
70
4
71
3
72
8
73
4
74
0
42
0.000000001
43
0.0000000001
44
0.0000000001
40
0
40
0
40
0
40
0
40
1
40
1
40
1
40
1
41
1
41
1
41
1
41
1
10
2.7302580248531036
20
25.253125000000001
30
0
10
2.7702913633203838
20
25.233108305533726
30
0
10
2.8119005049483317
20
25.237467646598816
30
0
10
2.8558317553218537
20
25.237208658854165
30
0
0
SPLINE
5
477
100
AcDbEntity
8
0
100
AcDbSpline
70
4
71
3
72
8
73
4
74
0
42
0.000000001
43
0.0000000001
44
0.0000000001
40
0
40
0
40
0
40
0
40
1
40
1
40
1
40
1
41
1
41
1
41
1
41
1
10
2.8558317553218537
20
25.237208658854165
30
0
10
2.8656524222310722
20
25.237133263746898
30
0
10
2.8754730639076564
20
25.237057868639631
30
0
10
2.8855913244899445
20
25.236980152130126
30
0
0
SPLINE
5
478
100
AcDbEntity
8
0
100
AcDbSpline
70
4
71
3
72
8
73
4
74
0
42
0.000000001
43
0.0000000001
44
0.0000000001
40
0
40
0
40
0
40
0
40
1
40
1
40
1
40
1
41
1
41
1
41
1
41
1
10
2.8855913244899445
20
25.236980152130126
30
0
10
2.9063864582991932
20
25.236855099201204
30
0
10
2.9271818444347715
20
25.236768702665966
30
0
10
2.947977293651932
20
25.236717732747394
30
0
0
SPLINE
5
479
100
AcDbEntity
8
0
100
AcDbSpline
70
4
71
3
72
8
73
4
74
0
42
0.000000001
43
0.0000000001
44
0.0000000001
40
0
40
0
40
0
40
0
40
1
40
1
40
1
40
1
41
1
41
1
41
1
41
1
10
2.947977293651932
20
25.236717732747394
30
0
10
2.9797435888862944
20
25.236589399576186
30
0
10
3.0114985357439847
20
25.236179066499073
30
0
10
3.0432621752437288
20
25.235761718749998
30
0
0
SPLINE
5
480
100
AcDbEntity
8
0
100
AcDbSpline
70
4
71
3
72
8
73
4
74
0
42
0.000000001
43
0.0000000001
44
0.0000000001
40
0
40
0
40
0
40
0
40
1
40
1
40
1
40
1
41
1
41
1
41
1
41
1
10
3.0432621752437288
20
25.235761718749998
30
0
10
3.0634675940341087
20
25.235675322214767
30
0
10
3.083673091676467
20
25.235605882008869
30
0
10
3.1038786303218542
20
25.235555013020836
30
0
0
SPLINE
5
481
100
AcDbEntity
8
0
100
AcDbSpline
70
4
71
3
72
8
73
4
74
0
42
0.000000001
43
0.0000000001
44
0.0000000001
40
0
40
0
40
0
40
0
40
1
40
1
40
1
40
1
41
1
41
1
41
1
41
1
10
3.1038786303218542
20
25.235555013020836
30
0
10
3.1133611547661255
20
25.235391656955084
30
0
10
3.1228436791118321
20
25.2352283513546
30
0
10
3.1326135527309118
20
25.235060049692791
30
0
0
SPLINE
5
482
100
AcDbEntity
8
0
100
AcDbSpline
70
4
71
3
72
8
73
4
74
0
42
0.000000001
43
0.0000000001
44
0.0000000001
40
0
40
0
40
0
40
0
40
1
40
1
40
1
40
1
41
1
41
1
41
1
41
1
10
3.1326135527309118
20
25.235060049692791
30
0
10
3.1885181984023587
20
25.235308994849525
30
0
10
3.2193997555192642
20
25.240028456052144
30
0
10
3.2594246915197704
20
25.279583333333335
30
0
0
SPLINE
5
483
100
AcDbEntity
8
0
100
AcDbSpline
70
4
71
3
72
8
73
4
74
0
42
0.000000001
43
0.0000000001
44
0.0000000001
40
0
40
0
40
0
40
0
40
1
40
1
40
1
40
1
41
1
41
1
41
1
41
1
10
3.2594246915197704
20
25.279583333333335
30
0
10
3.2660552218771315
20
25.30970261891683
30
0
10
3.2660552218771315
20
25.30970261891683
30
0
10
3.2660618832922319
20
25.345393269856771
30
0
0
SPLINE
5
484
100
AcDbEntity
8
0
100
AcDbSpline
70
4
71
3
72
8
73
4
74
0
42
0.000000001
43
0.0000000001
44
0.0000000001
40
0
40
0
40
0
40
0
40
1
40
1
40
1
40
1
41
1
41
1
41
1
41
1
10
3.2660618832922319
20
25.345393269856771
30
0
10
3.2661859899974206
20
25.358769946495695
30
0
10
3.2663100840862924
20
25.372146572669347
30
0
10
3.2664379504537915
20
25.385928586324056
30
0
0
SPLINE
5
485
100
AcDbEntity
8
0
100
AcDbSpline
70
4
71
3
72
8
73
4
74
0
42
0.000000001
43
0.0000000001
44
0.0000000001
40
0
40
0
40
0
40
0
40
1
40
1
40
1
40
1
41
1
41
1
41
1
41
1
10
3.2664379504537915
20
25.385928586324056
30
0
10
3.2662893302456872
20
25.400357211430872
30
0
10
3.266140722653899
20
25.414785836537682
30
0
10
3.2659875984208124
20
25.429651692708333
30
0
0
SPLINE
5
486
100
AcDbEntity
8
0
100
AcDbSpline
70
4
71
3
72
8
73
4
74
0
42
0.000000001
43
0.0000000001
44
0.0000000001
40
0
40
0
40
0
40
0
40
1
40
1
40
1
40
1
41
1
41
1
41
1
41
1
10
3.2659875984208124
20
25.429651692708333
30
0
10
3.2660068509197568
20
25.444476823409403
30
0
10
3.2660261034187017
20
25.459301903645198
30
0
10
3.2660459362682044
20
25.474576276143392
30
0
0
SPLINE
5
487
100
AcDbEntity
8
0
100
AcDbSpline
70
4
71
3
72
8
73
4
74
0
42
0.000000001
43
0.0000000001
44
0.0000000001
40
0
40
0
40
0
40
0
40
1
40
1
40
1
40
1
41
1
41
1
41
1
41
1
10
3.2660459362682044
20
25.474576276143392
30
0
10
3.2660239712612165
20
25.505936149358746
30
0
10
3.2658707587139144
20
25.537296173969906
30
0
10
3.2655967954016067
20
25.568654836018879
30
0
0
SPLINE
5
488
100
AcDbEntity
8
0
100
AcDbSpline
70
4
71
3
72
8
73
4
74
0
42
0.000000001
43
0.0000000001
44
0.0000000001
40
0
40
0
40
0
40
0
40
1
40
1
40
1
40
1
41
1
41
1
41
1
41
1
10
3.2655967954016067
20
25.568654836018879
30
0
10
3.2652139406617815
20
25.616739453474683
30
0
10
3.2653240811046298
20
25.66480474273364
30
0
10
3.2654966723140415
20
25.712890218098959
30
0
0
SPLINE
5
489
100
AcDbEntity
8
0
100
AcDbSpline
70
4
71
3
72
8
73
4
74
0
42
0.000000001
43
0.0000000001
44
0.0000000001
40
0
40
0
40
0
40
0
40
1
40
1
40
1
40
1
41
1
41
1
41
1
41
1
10
3.2654966723140415
20
25.712890218098959
30
0
10
3.2654141489879622
20
25.743327737649281
30
0
10
3.2653031506355941
20
25.773765181501709
30
0
10
3.2651607755041456
20
25.804202473958334
30
0
0
SPLINE
5
490
100
AcDbEntity
8
0
100
AcDbSpline
70
4
71
3
72
8
73
4
74
0
42
0.000000001
43
0.0000000001
44
0.0000000001
40
0
40
0
40
0
40
0
40
1
40
1
40
1
40
1
41
1
41
1
41
1
41
1
10
3.2651607755041456
20
25.804202473958334
30
0
10
3.2651996085262631
20
25.818631099065144
30
0
10
3.2652384415483811
20
25.83305972417196
30
0
10
3.2652784605042475
20
25.847925580342611
30
0
0
SPLINE
5
491
100
AcDbEntity
8
0
100
AcDbSpline
70
4
71
3
72
8
73
4
74
0
42
0.000000001
43
0.0000000001
44
0.0000000001
40
0
40
0
40
0
40
0
40
1
40
1
40
1
40
1
41
1
41
1
41
1
41
1
10
3.2652784605042475
20
25.847925580342611
30
0
10
3.265110663495097
20
25.861302231748901
30
0
10
3.2649428538696306
20
25.874678883155187
30
0
10
3.2647699724849399
20
25.888460896809896
30
0
0
SPLINE
5
492
100
AcDbEntity
8
0
100
AcDbSpline
70
4
71
3
72
8
73
4
74
0
42
0.000000001
43
0.0000000001
44
0.0000000001
40
0
40
0
40
0
40
0
40
1
40
1
40
1
40
1
41
1
41
1
41
1
41
1
10
3.2647699724849399
20
25.888460896809896
30
0
10
3.264698501052095
20
25.900238808592164
30
0
10
3.2646270170029341
20
25.912016726682584
30
0
10
3.2645533755636547
20
25.924151547749837
30
0
0
SPLINE
5
493
100
AcDbEntity
8
0
100
AcDbSpline
70
4
71
3
72
8
73
4
74
0
42
0.000000001
43
0.0000000001
44
0.0000000001
40
0
40
0
40
0
40
0
40
1
40
1
40
1
40
1
41
1
41
1
41
1
41
1
10
3.2645533755636547
20
25.924151547749837
30
0
10
3.250391598166658
20
26.00731958967944
30
0
10
3.1831116462962168
20
25.999610076847798
30
0
10
3.1130770352697708
20
25.99876424153646
30
0
0
SPLINE
5
494
100
AcDbEntity
8
0
100
AcDbSpline
70
4
71
3
72
8
73
4
74
0
42
0.000000001
43
0.0000000001
44
0.0000000001
40
0
40
0
40
0
40
0
40
1
40
1
40
1
40
1
41
1
41
1
41
1
41
1
10
5.8924939460770629
20
25.996645507812502
30
0
10
5.876834990403685
20
25.996758618646322
30
0
10
5.876834990403685
20
25.996758618646322
30
0
10
5.8608596932109531
20
25.996874014536541
30
0
0
SPLINE
5
495
100
AcDbEntity
8
0
100
AcDbSpline
70
4
71
3
72
8
73
4
74
0
42
0.000000001
43
0.0000000001
44
0.0000000001
40
0
40
0
40
0
40
0
40
1
40
1
40
1
40
1
41
1
41
1
41
1
41
1
10
5.8608596932109531
20
25.996874014536541
30
0
10
5.8387634197589104
20
25.996999047358212
30
0
10
5.8166669002886948
20
25.997085476173474
30
0
10
5.7945703366613728
20
25.997136433968553
30
0
0
SPLINE
5
496
100
AcDbEntity
8
0
100
AcDbSpline
70
4
71
3
72
8
73
4
74
0
42
0.000000001
43
0.0000000001
44
0.0000000001
40
0
40
0
40
0
40
0
40
1
40
1
40
1
40
1
41
1
41
1
41
1
41
1
10
5.7945703366613728
20
25.997136433968553
30
0
10
5.7607426740940753
20
25.997264946232317
30
0
10
5.7269256092326177
20
25.997675376248083
30
0
10
5.6931004320796674
20
25.998092447916665
30
0
0
SPLINE
5
497
100
AcDbEntity
8
0
100
AcDbSpline
70
4
71
3
72
8
73
4
74
0
42
0.000000001
43
0.0000000001
44
0.0000000001
40
0
40
0
40
0
40
0
40
1
40
1
40
1
40
1
41
1
41
1
41
1
41
1
10
5.6931004320796674
20
25.998092447916665
30
0
10
5.6716461588160536
20
25.998178824048956
30
0
10
5.6501918098545412
20
25.998248287614743
30
0
10
5.6287374356603959
20
25.998299153645835
30
0
0
SPLINE
5
498
100
AcDbEntity
8
0
100
AcDbSpline
70
4
71
3
72
8
73
4
74
0
42
0.000000001
43
0.0000000001
44
0.0000000001
40
0
40
0
40
0
40
0
40
1
40
1
40
1
40
1
41
1
41
1
41
1
41
1
10
5.6287374356603959
20
25.998299153645835
30
0
10
5.6186078960911772
20
25.99846249157563
30
0
10
5.6084783312893247
20
25.998625829308295
30
0
10
5.5980418367402098
20
25.998794116973876
30
0
0
SPLINE
5
499
100
AcDbEntity
8
0
100
AcDbSpline
70
4
71
3
72
8
73
4
74
0
42
0.000000001
43
0.0000000001
44
0.0000000001
40
0
40
0
40
0
40
0
40
1
40
1
40
1
40
1
41
1
41
1
41
1
41
1
10
5.5980418367402098
20
25.998794116973876
30
0
10
5.5279876451905903
20
25.998499690587632
30
0
10
5.5279876451905903
20
25.998499690587632
30
0
10
5.4991147759771684
20
25.977932987213137
30
0
0
SPLINE
5
500
100
AcDbEntity
8
0
100
AcDbSpline
70
4
71
3
72
8
73
4
74
0
42
0.000000001
43
0.0000000001
44
0.0000000001
40
0
40
0
40
0
40
0
40
1
40
1
40
1
40
1
41
1
41
1
41
1
41
1
10
5.4991147759771684
20
25.977932987213137
30
0
10
5.4763873902178153
20
25.946648751969139
30
0
10
5.4768130647357633
20
25.926962854166824
30
0
10
5.476579410554602
20
25.888460896809896
30
0
0
SPLINE
5
501
100
AcDbEntity
8
0
100
AcDbSpline
70
4
71
3
72
8
73
4
74
0
42
0.000000001
43
0.0000000001
44
0.0000000001
40
0
40
0
40
0
40
0
40
1
40
1
40
1
40
1
41
1
41
1
41
1
41
1
10
5.476579410554602
20
25.888460896809896
30
0
10
5.4764116135454515
20
25.875084245403606
30
0
10
5.4762438165363019
20
25.86170759399732
30
0
10
5.4760709225352944
20
25.847925580342611
30
0
0
SPLINE
5
502
100
AcDbEntity
8
0
100
AcDbSpline
70
4
71
3
72
8
73
4
74
0
42
0.000000001
43
0.0000000001
44
0.0000000001
40
0
40
0
40
0
40
0
40
1
40
1
40
1
40
1
41
1
41
1
41
1
41
1
10
5.4760709225352944
20
25.847925580342611
30
0
10
5.4761097555574123
20
25.833496955235802
30
0
10
5.4761485885795294
20
25.819068330128985
30
0
10
5.4761886075353958
20
25.804202473958334
30
0
0
SPLINE
5
503
100
AcDbEntity
8
0
100
AcDbSpline
70
4
71
3
72
8
73
4
74
0
42
0.000000001
43
0.0000000001
44
0.0000000001
40
0
40
0
40
0
40
0
40
1
40
1
40
1
40
1
41
1
41
1
41
1
41
1
10
5.4761886075353958
20
25.804202473958334
30
0
10
5.4761192682600353
20
25.789377355873583
30
0
10
5.4760499289846765
20
25.774552237788839
30
0
10
5.4759784701681475
20
25.759277890523276
30
0
0
SPLINE
5
504
100
AcDbEntity
8
0
100
AcDbSpline
70
4
71
3
72
8
73
4
74
0
42
0.000000001
43
0.0000000001
44
0.0000000001
40
0
40
0
40
0
40
0
40
1
40
1
40
1
40
1
41
1
41
1
41
1
41
1
10
5.4759784701681475
20
25.759277890523276
30
0
10
5.4758934614277219
20
25.727918471495311
30
0
10
5.4759113261318548
20
25.696558648745217
30
0
10
5.4760238889074664
20
25.665199330647788
30
0
0
SPLINE
5
505
100
AcDbEntity
8
0
100
AcDbSpline
70
4
71
3
72
8
73
4
74
0
42
0.000000001
43
0.0000000001
44
0.0000000001
40
0
40
0
40
0
40
0
40
1
40
1
40
1
40
1
41
1
41
1
41
1
41
1
10
5.4760238889074664
20
25.665199330647788
30
0
10
5.4761365021483446
20
25.617113274931906
30
0
10
5.4757560192760169
20
25.569047960440319
30
0
10
5.4753359464025841
20
25.520963948567712
30
0
0
SPLINE
5
506
100
AcDbEntity
8
0
100
AcDbSpline
70
4
71
3
72
8
73
4
74
0
42
0.000000001
43
0.0000000001
44
0.0000000001
40
0
40
0
40
0
40
0
40
1
40
1
40
1
40
1
41
1
41
1
41
1
41
1
10
5.4753359464025841
20
25.520963948567712
30
0
10
5.4753146248277362
20
25.490526529947918
30
0
10
5.4753222703155213
20
25.460089111328124
30
0
10
5.4753617846187295
20
25.429651692708333
30
0
0
SPLINE
5
507
100
AcDbEntity
8
0
100
AcDbSpline
70
4
71
3
72
8
73
4
74
0
42
0.000000001
43
0.0000000001
44
0.0000000001
40
0
40
0
40
0
40
0
40
1
40
1
40
1
40
1
41
1
41
1
41
1
41
1
10
5.4753617846187295
20
25.429651692708333
30
0
10
5.4751388543065724
20
25.408008755048115
30
0
10
5.4751388543065724
20
25.408008755048115
30
0
10
5.4749114325857491
20
25.385928586324056
30
0
0
SPLINE
5
508
100
AcDbEntity
8
0
100
AcDbSpline
70
4
71
3
72
8
73
4
74
0
42
0.000000001
43
0.0000000001
44
0.0000000001
40
0
40
0
40
0
40
0
40
1
40
1
40
1
40
1
41
1
41
1
41
1
41
1
10
5.4749114325857491
20
25.385928586324056
30
0
10
5.4750975737190588
20
25.365863596598306
30
0
10
5.4750975737190588
20
25.365863596598306
30
0
10
5.47528749974731
20
25.345393269856771
30
0
0
SPLINE
5
509
100
AcDbEntity
8
0
100
AcDbSpline
70
4
71
3
72
8
73
4
74
0
42
0.000000001
43
0.0000000001
44
0.0000000001
40
0
40
0
40
0
40
0
40
1
40
1
40
1
40
1
41
1
41
1
41
1
41
1
10
5.47528749974731
20
25.345393269856771
30
0
10
5.475289694986377
20
25.333615332841873
30
0
10
5.4752918902254439
20
25.321837446292243
30
0
10
5.4752941611624095
20
25.30970261891683
30
0
0
SPLINE
5
510
100
AcDbEntity
8
0
100
AcDbSpline
70
4
71
3
72
8
73
4
74
0
42
0.000000001
43
0.0000000001
44
0.0000000001
40
0
40
0
40
0
40
0
40
1
40
1
40
1
40
1
41
1
41
1
41
1
41
1
10
5.4752941611624095
20
25.30970261891683
30
0
10
5.4819246915197706
20
25.279583333333335
30
0
10
5.4819246915197706
20
25.279583333333335
30
0
10
5.5058942797994952
20
25.255947421391806
30
0
0
SPLINE
5
511
100
AcDbEntity
8
0
100
AcDbSpline
70
4
71
3
72
8
73
4
74
0
42
0.000000001
43
0.0000000001
44
0.0000000001
40
0
40
0
40
0
40
0
40
1
40
1
40
1
40
1
41
1
41
1
41
1
41
1
10
5.5058942797994952
20
25.255947421391806
30
0
10
5.5482388517475467
20
25.232466740608217
30
0
10
5.5893666052039803
20
25.23422167023023
30
0
10
5.6365405769364374
20
25.234624837239586
30
0
0
SPLINE
5
512
100
AcDbEntity
8
0
100
AcDbSpline
70
4
71
3
72
8
73
4
74
0
42
0.000000001
43
0.0000000001
44
0.0000000001
40
0
40
0
40
0
40
0
40
1
40
1
40
1
40
1
41
1
41
1
41
1
41
1
10
5.6365405769364374
20
25.234624837239586
30
0
10
5.6512153968429901
20
25.234567861954371
30
0
10
5.6512153968429901
20
25.234567861954371
30
0
10
5.6661867001867634
20
25.234509776433313
30
0
0
SPLINE
5
513
100
AcDbEntity
8
0
100
AcDbSpline
70
4
71
3
72
8
73
4
74
0
42
0.000000001
43
0.0000000001
44
0.0000000001
40
0
40
0
40
0
40
0
40
1
40
1
40
1
40
1
41
1
41
1
41
1
41
1
10
5.6661867001867634
20
25.234509776433313
30
0
10
5.6868240038768789
20
25.234482827981314
30
0
10
5.7074616482075395
20
25.234555649360022
30
0
10
5.7280982958491977
20
25.234721730550127
30
0
0
SPLINE
5
514
100
AcDbEntity
8
0
100
AcDbSpline
70
4
71
3
72
8
73
4
74
0
42
0.000000001
43
0.0000000001
44
0.0000000001
40
0
40
0
40
0
40
0
40
1
40
1
40
1
40
1
41
1
41
1
41
1
41
1
10
5.7280982958491977
20
25.234721730550127
30
0
10
5.7596329302804019
20
25.234934189319613
30
0
10
5.7911451455172251
20
25.234723597764969
30
0
10
5.8226790860510214
20
25.234469807942709
30
0
0
SPLINE
5
515
100
AcDbEntity
8
0
100
AcDbSpline
70
4
71
3
72
8
73
4
74
0
42
0.000000001
43
0.0000000001
44
0.0000000001
40
0
40
0
40
0
40
0
40
1
40
1
40
1
40
1
41
1
41
1
41
1
41
1
10
5.8226790860510214
20
25.234469807942709
30
0
10
5.8427640410975954
20
25.234496049880981
30
0
10
5.8628489835278526
20
25.234546868403754
30
0
10
5.8829338061031047
20
25.234624837239586
30
0
0
SPLINE
5
516
100
AcDbEntity
8
0
100
AcDbSpline
70
4
71
3
72
8
73
4
74
0
42
0.000000001
43
0.0000000001
44
0.0000000001
40
0
40
0
40
0
40
0
40
1
40
1
40
1
40
1
41
1
41
1
41
1
41
1
10
5.8829338061031047
20
25.234624837239586
30
0
10
5.8970330909419904
20
25.234504326184592
30
0
10
5.8970330909419904
20
25.234504326184592
30
0
10
5.911417209626868
20
25.234381392796834
30
0
0
SPLINE
5
517
100
AcDbEntity
8
0
100
AcDbSpline
70
4
71
3
72
8
73
4
74
0
42
0.000000001
43
0.0000000001
44
0.0000000001
40
0
40
0
40
0
40
0
40
1
40
1
40
1
40
1
41
1
41
1
41
1
41
1
10
5.911417209626868
20
25.234381392796834
30
0
10
5.9521601401981066
20
25.234958614508312
30
0
10
5.9806703660106999
20
25.237704025904335
30
0
10
6.016620736441646
20
25.257588551839195
30
0
0
SPLINE
5
518
100
AcDbEntity
8
0
100
AcDbSpline
70
4
71
3
72
8
73
4
74
0
42
0.000000001
43
0.0000000001
44
0.0000000001
40
0
40
0
40
0
40
0
40
1
40
1
40
1
40
1
41
1
41
1
41
1
41
1
10
6.016620736441646
20
25.257588551839195
30
0
10
6.051679335158699
20
25.294432535966237
30
0
10
6.052469381512835
20
25.330369457403819
30
0
10
6.0527005755122847
20
25.378798853556319
30
0
0
SPLINE
5
519
100
AcDbEntity
8
0
100
AcDbSpline
70
4
71
3
72
8
73
4
74
0
42
0.000000001
43
0.0000000001
44
0.0000000001
40
0
40
0
40
0
40
0
40
1
40
1
40
1
40
1
41
1
41
1
41
1
41
1
10
6.0527005755122847
20
25.378798853556319
30
0
10
6.0527849786695187
20
25.390808527072274
30
0
10
6.0528693818267527
20
25.402818200588229
30
0
10
6.0529563334799157
20
25.415191779136663
30
0
0
SPLINE
5
520
100
AcDbEntity
8
0
100
AcDbSpline
70
4
71
3
72
8
73
4
74
0
42
0.000000001
43
0.0000000001
44
0.0000000001
40
0
40
0
40
0
40
0
40
1
40
1
40
1
40
1
41
1
41
1
41
1
41
1
10
6.0529563334799157
20
25.415191779136663
30
0
10
6.0529710567212449
20
25.428132032155993
30
0
10
6.0529857799625741
20
25.441072285175323
30
0
10
6.05300094477498
20
25.454404703776042
30
0
0
SPLINE
5
521
100
AcDbEntity
8
0
100
AcDbSpline
70
4
71
3
72
8
73
4
74
0
42
0.000000001
43
0.0000000001
44
0.0000000001
40
0
40
0
40
0
40
0
40
1
40
1
40
1
40
1
41
1
41
1
41
1
41
1
10
6.05300094477498
20
25.454404703776042
30
0
10
6.0530449757194855
20
25.467730259100598
30
0
10
6.053089006663992
20
25.481055814425151
30
0
10
6.0531343749380451
20
25.494785192807512
30
0
0
SPLINE
5
522
100
AcDbEntity
8
0
100
AcDbSpline
70
4
71
3
72
8
73
4
74
0
42
0.000000001
43
0.0000000001
44
0.0000000001
40
0
40
0
40
0
40
0
40
1
40
1
40
1
40
1
41
1
41
1
41
1
41
1
10
6.0531343749380451
20
25.494785192807512
30
0
10
6.0532013675785397
20
25.522975090344747
30
0
10
6.0532323784844424
20
25.55116508881251
30
0
10
6.053230258943274
20
25.579355087280273
30
0
0
SPLINE
5
523
100
AcDbEntity
8
0
100
AcDbSpline
70
4
71
3
72
8
73
4
74
0
42
0.000000001
43
0.0000000001
44
0.0000000001
40
0
40
0
40
0
40
0
40
1
40
1
40
1
40
1
41
1
41
1
41
1
41
1
10
6.053230258943274
20
25.579355087280273
30
0
10
6.0532591881569564
20
25.622499129970869
30
0
10
6.0534994406716365
20
25.665638681252794
30
0
10
6.0537502530432086
20
25.708781941731772
30
0
0
SPLINE
5
524
100
AcDbEntity
8
0
100
AcDbSpline
70
4
71
3
72
8
73
4
74
0
42
0.000000001
43
0.0000000001
44
0.0000000001
40
0
40
0
40
0
40
0
40
1
40
1
40
1
40
1
41
1
41
1
41
1
41
1
10
6.0537502530432086
20
25.708781941731772
30
0
10
6.0537890734490096
20
25.736161821285886
30
0
10
6.0538153280035996
20
25.763541726072631
30
0
10
6.0538277676916463
20
25.79092163085938
30
0
0
SPLINE
5
525
100
AcDbEntity
8
0
100
AcDbSpline
70
4
71
3
72
8
73
4
74
0
42
0.000000001
43
0.0000000001
44
0.0000000001
40
0
40
0
40
0
40
0
40
1
40
1
40
1
40
1
41
1
41
1
41
1
41
1
10
6.0538277676916463
20
25.79092163085938
30
0
10
6.0539228316363038
20
25.803835112055143
30
0
10
6.0540178829646454
20
25.816748605867229
30
0
10
6.0541158234294601
20
25.830053407351173
30
0
0
SPLINE
5
526
100
AcDbEntity
8
0
100
AcDbSpline
70
4
71
3
72
8
73
4
74
0
42
0.000000001
43
0.0000000001
44
0.0000000001
40
0
40
0
40
0
40
0
40
1
40
1
40
1
40
1
41
1
41
1
41
1
41
1
10
6.0541158234294601
20
25.830053407351173
30
0
10
6.0540751231925043
20
25.842104777793089
30
0
10
6.0540344229555467
20
25.854156135618688
30
0
10
6.0539924863195758
20
25.866572697957359
30
0
0
SPLINE
5
527
100
AcDbEntity
8
0
100
AcDbSpline
70
4
71
3
72
8
73
4
74
0
42
0.000000001
43
0.0000000001
44
0.0000000001
40
0
40
0
40
0
40
0
40
1
40
1
40
1
40
1
41
1
41
1
41
1
41
1
10
6.0539924863195758
20
25.866572697957359
30
0
10
6.0540113350963933
20
25.87714616785447
30
0
10
6.05403018387321
20
25.887719625135261
30
0
10
6.0540496130005863
20
25.898613499005634
30
0
0
SPLINE
5
528
100
AcDbEntity
8
0
100
AcDbSpline
70
4
71
3
72
8
73
4
74
0
42
0.000000001
43
0.0000000001
44
0.0000000001
40
0
40
0
40
0
40
0
40
1
40
1
40
1
40
1
41
1
41
1
41
1
41
1
10
6.0540496130005863
20
25.898613499005634
30
0
10
6.0503586465335237
20
25.931563835541411
30
0
10
6.0418609013374986
20
25.952704546029366
30
0
10
6.0243205248531044
20
25.980729166666666
30
0
0
SPLINE
5
529
100
AcDbEntity
8
0
100
AcDbSpline
70
4
71
3
72
8
73
4
74
0
42
0.000000001
43
0.0000000001
44
0.0000000001
40
0
40
0
40
0
40
0
40
1
40
1
40
1
40
1
41
1
41
1
41
1
41
1
10
6.0243205248531044
20
25.980729166666666
30
0
10
5.9827344773924684
20
26.001522189608465
30
0
10
5.9381664342151419
20
25.99639267872767
30
0
10
5.8924939460770629
20
25.996645507812502
30
0
0
SPLINE
5
530
100
AcDbEntity
8
0
100
AcDbSpline
70
4
71
3
72
8
73
4
74
0
42
0.000000001
43
0.0000000001
44
0.0000000001
40
0
40
0
40
0
40
0
40
1
40
1
40
1
40
1
41
1
41
1
41
1
41
1
10
3.1048088061031036
20
31.992041829427084
30
0
10
3.0950255852097106
20
31.992079799515949
30
0
10
3.085242364316318
20
31.992117769604814
30
0
10
3.0751626828527785
20
31.99215689023336
30
0
0
SPLINE
5
531
100
AcDbEntity
8
0
100
AcDbSpline
70
4
71
3
72
8
73
4
74
0
42
0.000000001
43
0.0000000001
44
0.0000000001
40
0
40
0
40
0
40
0
40
1
40
1
40
1
40
1
41
1
41
1
41
1
41
1
10
3.0751626828527785
20
31.99215689023336
30
0
10
3.0545253823167418
20
31.992183838315739
30
0
10
3.0338877411401604
20
31.992111017306648
30
0
10
3.0132510871903433
20
31.991944936098058
30
0
0
SPLINE
5
532
100
AcDbEntity
8
0
100
AcDbSpline
70
4
71
3
72
8
73
4
74
0
42
0.000000001
43
0.0000000001
44
0.0000000001
40
0
40
0
40
0
40
0
40
1
40
1
40
1
40
1
41
1
41
1
41
1
41
1
10
3.0132510871903433
20
31.991944936098058
30
0
10
2.9817164527591404
20
31.991732473305895
30
0
10
2.9502042375223176
20
31.991943077532294
30
0
10
2.9186702969885205
20
31.992196858723961
30
0
0
SPLINE
5
533
100
AcDbEntity
8
0
100
AcDbSpline
70
4
71
3
72
8
73
4
74
0
42
0.000000001
43
0.0000000001
44
0.0000000001
40
0
40
0
40
0
40
0
40
1
40
1
40
1
40
1
41
1
41
1
41
1
41
1
10
2.9186702969885205
20
31.992196858723961
30
0
10
2.8985853356337881
20
31.99217063190309
30
0
10
2.8785003995116885
20
31.992119781500712
30
0
10
2.8584155769364372
20
31.992041829427084
30
0
0
SPLINE
5
534
100
AcDbEntity
8
0
100
AcDbSpline
70
4
71
3
72
8
73
4
74
0
42
0.000000001
43
0.0000000001
44
0.0000000001
40
0
40
0
40
0
40
0
40
1
40
1
40
1
40
1
41
1
41
1
41
1
41
1
10
2.8584155769364372
20
31.992041829427084
30
0
10
2.8443162881549533
20
31.992162334432656
30
0
10
2.8443162881549533
20
31.992162334432656
30
0
10
2.8299321734126743
20
31.992285273869836
30
0
0
SPLINE
5
535
100
AcDbEntity
8
0
100
AcDbSpline
70
4
71
3
72
8
73
4
74
0
42
0.000000001
43
0.0000000001
44
0.0000000001
40
0
40
0
40
0
40
0
40
1
40
1
40
1
40
1
41
1
41
1
41
1
41
1
10
2.8299321734126743
20
31.992285273869836
30
0
10
2.7891892428414362
20
31.991708061916292
30
0
10
2.760679017028842
20
31.988962620063685
30
0
10
2.7247286465978959
20
31.969078114827475
30
0
0
SPLINE
5
536
100
AcDbEntity
8
0
100
AcDbSpline
70
4
71
3
72
8
73
4
74
0
42
0.000000001
43
0.0000000001
44
0.0000000001
40
0
40
0
40
0
40
0
40
1
40
1
40
1
40
1
41
1
41
1
41
1
41
1
10
2.7247286465978959
20
31.969078114827475
30
0
10
2.689670047880842
20
31.932234118084114
30
0
10
2.6888800141430238
20
31.896297221879166
30
0
10
2.6886488075272572
20
31.847867813110355
30
0
0
SPLINE
5
537
100
AcDbEntity
8
0
100
AcDbSpline
70
4
71
3
72
8
73
4
74
0
42
0.000000001
43
0.0000000001
44
0.0000000001
40
0
40
0
40
0
40
0
40
1
40
1
40
1
40
1
41
1
41
1
41
1
41
1
10
2.6886488075272572
20
31.847867813110355
30
0
10
2.6885644043700232
20
31.835858152210715
30
0
10
2.6884800012127896
20
31.823848478694757
30
0
10
2.6883930495596262
20
31.811474887530011
30
0
0
SPLINE
5
538
100
AcDbEntity
8
0
100
AcDbSpline
70
4
71
3
72
8
73
4
74
0
42
0.000000001
43
0.0000000001
44
0.0000000001
40
0
40
0
40
0
40
0
40
1
40
1
40
1
40
1
41
1
41
1
41
1
41
1
10
2.6883930495596262
20
31.811474887530011
30
0
10
2.6883783389346139
20
31.798534621894362
30
0
10
2.6883636030769686
20
31.785594356258713
30
0
10
2.6883484382645619
20
31.772261962890628
30
0
0
SPLINE
5
539
100
AcDbEntity
8
0
100
AcDbSpline
70
4
71
3
72
8
73
4
74
0
42
0.000000001
43
0.0000000001
44
0.0000000001
40
0
40
0
40
0
40
0
40
1
40
1
40
1
40
1
41
1
41
1
41
1
41
1
10
2.6883484382645619
20
31.772261962890628
30
0
10
2.6882823792314858
20
31.752273629903797
30
0
10
2.6882823792314858
20
31.752273629903797
30
0
10
2.6882150081014968
20
31.731881473859151
30
0
0
SPLINE
5
540
100
AcDbEntity
8
0
100
AcDbSpline
70
4
71
3
72
8
73
4
74
0
42
0.000000001
43
0.0000000001
44
0.0000000001
40
0
40
0
40
0
40
0
40
1
40
1
40
1
40
1
41
1
41
1
41
1
41
1
10
2.6882150081014968
20
31.731881473859151
30
0
10
2.6881480154610013
20
31.703691576321923
30
0
10
2.6881170045550995
20
31.675501552621522
30
0
10
2.6881191240962679
20
31.647311579386397
30
0
0
SPLINE
5
541
100
AcDbEntity
8
0
100
AcDbSpline
70
4
71
3
72
8
73
4
74
0
42
0.000000001
43
0.0000000001
44
0.0000000001
40
0
40
0
40
0
40
0
40
1
40
1
40
1
40
1
41
1
41
1
41
1
41
1
10
2.6881191240962679
20
31.647311579386397
30
0
10
2.6880902074989024
20
31.604167536695801
30
0
10
2.6878499423679045
20
31.561027985413869
30
0
10
2.6875991299963333
20
31.517884724934898
30
0
0
SPLINE
5
542
100
AcDbEntity
8
0
100
AcDbSpline
70
4
71
3
72
8
73
4
74
0
42
0.000000001
43
0.0000000001
44
0.0000000001
40
0
40
0
40
0
40
0
40
1
40
1
40
1
40
1
41
1
41
1
41
1
41
1
10
2.6875991299963333
20
31.517884724934898
30
0
10
2.6875603222068492
20
31.490504845380784
30
0
10
2.6875340550359428
20
31.463124965826669
30
0
10
2.6875216153478956
20
31.435745035807294
30
0
0
SPLINE
5
543
100
AcDbEntity
8
0
100
AcDbSpline
70
4
71
3
72
8
73
4
74
0
42
0.000000001
43
0.0000000001
44
0.0000000001
40
0
40
0
40
0
40
0
40
1
40
1
40
1
40
1
41
1
41
1
41
1
41
1
10
2.6875216153478956
20
31.435745035807294
30
0
10
2.687426564019554
20
31.422831529378893
30
0
10
2.6873314874585805
20
31.40991807341576
30
0
10
2.6872335596100827
20
31.39661325931549
30
0
0
SPLINE
5
544
100
AcDbEntity
8
0
100
AcDbSpline
70
4
71
3
72
8
73
4
74
0
42
0.000000001
43
0.0000000001
44
0.0000000001
40
0
40
0
40
0
40
0
40
1
40
1
40
1
40
1
41
1
41
1
41
1
41
1
10
2.6872335596100827
20
31.39661325931549
30
0
10
2.6872742598470389
20
31.384561901489896
30
0
10
2.6873149600839952
20
31.372510543664298
30
0
10
2.6873568967199657
20
31.360093968709315
30
0
0
SPLINE
5
545
100
AcDbEntity
8
0
100
AcDbSpline
70
4
71
3
72
8
73
4
74
0
42
0.000000001
43
0.0000000001
44
0.0000000001
40
0
40
0
40
0
40
0
40
1
40
1
40
1
40
1
41
1
41
1
41
1
41
1
10
2.6873568967199657
20
31.360093968709315
30
0
10
2.6873380479431486
20
31.349520486195885
30
0
10
2.6873191991663314
20
31.33894705414772
30
0
10
2.6872997700389556
20
31.328053167661032
30
0
0
SPLINE
5
546
100
AcDbEntity
8
0
100
AcDbSpline
70
4
71
3
72
8
73
4
74
0
42
0.000000001
43
0.0000000001
44
0.0000000001
40
0
40
0
40
0
40
0
40
1
40
1
40
1
40
1
41
1
41
1
41
1
41
1
10
2.6872997700389556
20
31.328053167661032
30
0
10
2.6909907238897022
20
31.295102831125263
30
0
10
2.6994884690857268
20
31.273962123791378
30
0
10
2.7170288581864375
20
31.245937500000004
30
0
0
SPLINE
5
547
100
AcDbEntity
8
0
100
AcDbSpline
70
4
71
3
72
8
73
4
74
0
42
0.000000001
43
0.0000000001
44
0.0000000001
40
0
40
0
40
0
40
0
40
1
40
1
40
1
40
1
41
1
41
1
41
1
41
1
10
2.7170288581864375
20
31.245937500000004
30
0
10
2.758614911955231
20
31.225144498348239
30
0
10
2.8031829582866368
20
31.230273989836377
30
0
10
2.848855436962479
20
31.230021158854168
30
0
0
SPLINE
5
548
100
AcDbEntity
8
0
100
AcDbSpline
70
4
71
3
72
8
73
4
74
0
42
0.000000001
43
0.0000000001
44
0.0000000001
40
0
40
0
40
0
40
0
40
1
40
1
40
1
40
1
41
1
41
1
41
1
41
1
10
2.848855436962479
20
31.230021158854168
30
0
10
2.8645143800195392
20
31.229908066193268
30
0
10
2.8645143800195392
20
31.229908066193268
30
0
10
2.8804896898285879
20
31.229792652130129
30
0
0
SPLINE
5
549
100
AcDbEntity
8
0
100
AcDbSpline
70
4
71
3
72
8
73
4
74
0
42
0.000000001
43
0.0000000001
44
0.0000000001
40
0
40
0
40
0
40
0
40
1
40
1
40
1
40
1
41
1
41
1
41
1
41
1
10
2.8804896898285879
20
31.229792652130129
30
0
10
2.902585956972473
20
31.229667599201207
30
0
10
2.9246824764426882
20
31.229581202665969
30
0
10
2.9467790463781691
20
31.229530232747397
30
0
0
SPLINE
5
550
100
AcDbEntity
8
0
100
AcDbSpline
70
4
71
3
72
8
73
4
74
0
42
0.000000001
43
0.0000000001
44
0.0000000001
40
0
40
0
40
0
40
0
40
1
40
1
40
1
40
1
41
1
41
1
41
1
41
1
10
2.9467790463781691
20
31.229530232747397
30
0
10
2.9806067089454666
20
31.229401697715126
30
0
10
3.0144237801150813
20
31.228991314172745
30
0
10
3.0482489509598749
20
31.228574218750001
30
0
0
SPLINE
5
551
100
AcDbEntity
8
0
100
AcDbSpline
70
4
71
3
72
8
73
4
74
0
42
0.000000001
43
0.0000000001
44
0.0000000001
40
0
40
0
40
0
40
0
40
1
40
1
40
1
40
1
41
1
41
1
41
1
41
1
10
3.0482489509598749
20
31.228574218750001
30
0
10
3.0697032210694091
20
31.228487822214763
30
0
10
3.0911575652998025
20
31.228418382008872
30
0
10
3.112611947379146
20
31.228367513020835
30
0
0
SPLINE
5
552
100
AcDbEntity
8
0
100
AcDbSpline
70
4
71
3
72
8
73
4
74
0
42
0.000000001
43
0.0000000001
44
0.0000000001
40
0
40
0
40
0
40
0
40
1
40
1
40
1
40
1
41
1
41
1
41
1
41
1
10
3.112611947379146
20
31.228367513020835
30
0
10
3.1227414948335626
20
31.228204156955087
30
0
10
3.1328710422879791
20
31.228040851354599
30
0
10
3.1433075462993321
20
31.22787254969279
30
0
0
SPLINE
5
553
100
AcDbEntity
8
0
100
AcDbSpline
70
4
71
3
72
8
73
4
74
0
42
0.000000001
43
0.0000000001
44
0.0000000001
40
0
40
0
40
0
40
0
40
1
40
1
40
1
40
1
41
1
41
1
41
1
41
1
10
3.1433075462993321
20
31.22787254969279
30
0
10
3.2133617378489507
20
31.228166964054111
30
0
10
3.2133617378489507
20
31.228166964054111
30
0
10
3.2422346070623731
20
31.248733679453533
30
0
0
SPLINE
5
554
100
AcDbEntity
8
0
100
AcDbSpline
70
4
71
3
72
8
73
4
74
0
42
0.000000001
43
0.0000000001
44
0.0000000001
40
0
40
0
40
0
40
0
40
1
40
1
40
1
40
1
41
1
41
1
41
1
41
1
10
3.2422346070623731
20
31.248733679453533
30
0
10
3.2649619802054102
20
31.28001790523529
30
0
10
3.2645363183037772
20
31.299703799883524
30
0
10
3.2647699724849399
20
31.338205769856771
30
0
0
SPLINE
5
555
100
AcDbEntity
8
0
100
AcDbSpline
70
4
71
3
72
8
73
4
74
0
42
0.000000001
43
0.0000000001
44
0.0000000001
40
0
40
0
40
0
40
0
40
1
40
1
40
1
40
1
41
1
41
1
41
1
41
1
10
3.2647699724849399
20
31.338205769856771
30
0
10
3.26493776949409
20
31.351582446495691
30
0
10
3.2651055791195565
20
31.36495907266935
30
0
10
3.2652784605042475
20
31.378741086324059
30
0
0
SPLINE
5
556
100
AcDbEntity
8
0
100
AcDbSpline
70
4
71
3
72
8
73
4
74
0
42
0.000000001
43
0.0000000001
44
0.0000000001
40
0
40
0
40
0
40
0
40
1
40
1
40
1
40
1
41
1
41
1
41
1
41
1
10
3.2652784605042475
20
31.378741086324059
30
0
10
3.26523962748213
20
31.393169711430868
30
0
10
3.2652007944600121
20
31.407598336537678
30
0
10
3.2651607755041456
20
31.422464192708336
30
0
0
SPLINE
5
557
100
AcDbEntity
8
0
100
AcDbSpline
70
4
71
3
72
8
73
4
74
0
42
0.000000001
43
0.0000000001
44
0.0000000001
40
0
40
0
40
0
40
0
40
1
40
1
40
1
40
1
41
1
41
1
41
1
41
1
10
3.2651607755041456
20
31.422464192708336
30
0
10
3.2652301147795058
20
31.437289323409399
30
0
10
3.2652994666711823
20
31.452114403645197
30
0
10
3.2653709128713944
20
31.467388776143395
30
0
0
SPLINE
5
558
100
AcDbEntity
8
0
100
AcDbSpline
70
4
71
3
72
8
73
4
74
0
42
0.000000001
43
0.0000000001
44
0.0000000001
40
0
40
0
40
0
40
0
40
1
40
1
40
1
40
1
41
1
41
1
41
1
41
1
10
3.2653709128713944
20
31.467388776143395
30
0
10
3.265455934228136
20
31.498748195171359
30
0
10
3.2654380569076875
20
31.530108017921449
30
0
10
3.2653254941320755
20
31.561467336018882
30
0
0
SPLINE
5
559
100
AcDbEntity
8
0
100
AcDbSpline
70
4
71
3
72
8
73
4
74
0
42
0.000000001
43
0.0000000001
44
0.0000000001
40
0
40
0
40
0
40
0
40
1
40
1
40
1
40
1
41
1
41
1
41
1
41
1
10
3.2653254941320755
20
31.561467336018882
30
0
10
3.2652128935075142
20
31.60955339173476
30
0
10
3.265593363763525
20
31.657618706226351
30
0
10
3.2660134366369582
20
31.705702718098962
30
0
0
SPLINE
5
560
100
AcDbEntity
8
0
100
AcDbSpline
70
4
71
3
72
8
73
4
74
0
42
0.000000001
43
0.0000000001
44
0.0000000001
40
0
40
0
40
0
40
0
40
1
40
1
40
1
40
1
41
1
41
1
41
1
41
1
10
3.2660134366369582
20
31.705702718098962
30
0
10
3.2660347582118048
20
31.736140136718753
30
0
10
3.2660271253403361
20
31.766577580571177
30
0
10
3.2659875984208124
20
31.797014973958333
30
0
0
SPLINE
5
561
100
AcDbEntity
8
0
100
AcDbSpline
70
4
71
3
72
8
73
4
74
0
42
0.000000001
43
0.0000000001
44
0.0000000001
40
0
40
0
40
0
40
0
40
1
40
1
40
1
40
1
41
1
41
1
41
1
41
1
10
3.2659875984208124
20
31.797014973958333
30
0
10
3.266210528732969
20
31.818657911618551
30
0
10
3.266210528732969
20
31.818657911618551
30
0
10
3.2664379504537915
20
31.840738080342614
30
0
0
SPLINE
5
562
100
AcDbEntity
8
0
100
AcDbSpline
70
4
71
3
72
8
73
4
74
0
42
0.000000001
43
0.0000000001
44
0.0000000001
40
0
40
0
40
0
40
0
40
1
40
1
40
1
40
1
41
1
41
1
41
1
41
1
10
3.2664379504537915
20
31.840738080342614
30
0
10
3.2663138437486028
20
31.854114731748901
30
0
10
3.266189749659731
20
31.86749138315519
30
0
10
3.2660618832922319
20
31.881273396809895
30
0
0
SPLINE
5
563
100
AcDbEntity
8
0
100
AcDbSpline
70
4
71
3
72
8
73
4
74
0
42
0.000000001
43
0.0000000001
44
0.0000000001
40
0
40
0
40
0
40
0
40
1
40
1
40
1
40
1
41
1
41
1
41
1
41
1
10
3.2660618832922319
20
31.881273396809895
30
0
10
3.2660596880531645
20
31.893051308592163
30
0
10
3.2660574928140971
20
31.904829226682587
30
0
10
3.2660552218771315
20
31.91696404774984
30
0
0
SPLINE
5
564
100
AcDbEntity
8
0
100
AcDbSpline
70
4
71
3
72
8
73
4
74
0
42
0.000000001
43
0.0000000001
44
0.0000000001
40
0
40
0
40
0
40
0
40
1
40
1
40
1
40
1
41
1
41
1
41
1
41
1
10
3.2660552218771315
20
31.91696404774984
30
0
10
3.2594246915197704
20
31.947083333333339
30
0
10
3.2594246915197704
20
31.947083333333339
30
0
10
3.2354551032400463
20
31.970719245274864
30
0
0
SPLINE
5
565
100
AcDbEntity
8
0
100
AcDbSpline
70
4
71
3
72
8
73
4
74
0
42
0.000000001
43
0.0000000001
44
0.0000000001
40
0
40
0
40
0
40
0
40
1
40
1
40
1
40
1
41
1
41
1
41
1
41
1
10
3.2354551032400463
20
31.970719245274864
30
0
10
3.1931105312919952
20
31.99419994301163
30
0
10
3.1519827778355616
20
31.992445020042748
30
0
10
3.1048088061031036
20
31.992041829427084
30
0
0
SPLINE
5
566
100
AcDbEntity
8
0
100
AcDbSpline
70
4
71
3
72
8
73
4
74
0
42
0.000000001
43
0.0000000001
44
0.0000000001
40
0
40
0
40
0
40
0
40
1
40
1
40
1
40
1
41
1
41
1
41
1
41
1
10
5.8855176277176877
20
31.989458007812502
30
0
10
5.8756969694821866
20
31.989533414987822
30
0
10
5.8658763112466872
20
31.989608822298663
30
0
10
5.855758058549597
20
31.98968651453654
30
0
0
SPLINE
5
567
100
AcDbEntity
8
0
100
AcDbSpline
70
4
71
3
72
8
73
4
74
0
42
0.000000001
43
0.0000000001
44
0.0000000001
40
0
40
0
40
0
40
0
40
1
40
1
40
1
40
1
41
1
41
1
41
1
41
1
10
5.855758058549597
20
31.98968651453654
30
0
10
5.8349629278944271
20
31.989811544721597
30
0
10
5.8141675322966124
20
31.98989797508926
30
0
10
5.7933720893876099
20
31.989948933968556
30
0
0
SPLINE
5
568
100
AcDbEntity
8
0
100
AcDbSpline
70
4
71
3
72
8
73
4
74
0
42
0.000000001
43
0.0000000001
44
0.0000000001
40
0
40
0
40
0
40
0
40
1
40
1
40
1
40
1
41
1
41
1
41
1
41
1
10
5.7933720893876099
20
31.989948933968556
30
0
10
5.7616057941532475
20
31.990077256642593
30
0
10
5.7298508409873978
20
31.990487605982928
30
0
10
5.6980872077958118
20
31.990904947916668
30
0
0
SPLINE
5
569
100
AcDbEntity
8
0
100
AcDbSpline
70
4
71
3
72
8
73
4
74
0
42
0.000000001
43
0.0000000001
44
0.0000000001
40
0
40
0
40
0
40
0
40
1
40
1
40
1
40
1
41
1
41
1
41
1
41
1
10
5.6980872077958118
20
31.990904947916668
30
0
10
5.6778817858513531
20
31.990991344550469
30
0
10
5.6576762882089948
20
31.991060800033932
30
0
10
5.6374707527176877
20
31.991111653645838
30
0
0
SPLINE
5
570
100
AcDbEntity
8
0
100
AcDbSpline
70
4
71
3
72
8
73
4
74
0
42
0.000000001
43
0.0000000001
44
0.0000000001
40
0
40
0
40
0
40
0
40
1
40
1
40
1
40
1
41
1
41
1
41
1
41
1
10
5.6374707527176877
20
31.991111653645838
30
0
10
5.6279882283226987
20
31.991274991575629
30
0
10
5.6185057039277098
20
31.991438329308295
30
0
10
5.6087358303086301
20
31.991606616973879
30
0
0
SPLINE
5
571
100
AcDbEntity
8
0
100
AcDbSpline
70
4
71
3
72
8
73
4
74
0
42
0.000000001
43
0.0000000001
44
0.0000000001
40
0
40
0
40
0
40
0
40
1
40
1
40
1
40
1
41
1
41
1
41
1
41
1
10
5.6087358303086301
20
31.991606616973879
30
0
10
5.5528311909453407
20
31.991357672802792
30
0
10
5.5219496275202768
20
31.986638208051836
30
0
10
5.4819246915197706
20
31.947083333333339
30
0
0
SPLINE
5
572
100
AcDbEntity
8
0
100
AcDbSpline
70
4
71
3
72
8
73
4
74
0
42
0.000000001
43
0.0000000001
44
0.0000000001
40
0
40
0
40
0
40
0
40
1
40
1
40
1
40
1
41
1
41
1
41
1
41
1
10
5.4819246915197706
20
31.947083333333339
30
0
10
5.4752941611624095
20
31.91696404774984
30
0
10
5.4752941611624095
20
31.91696404774984
30
0
10
5.47528749974731
20
31.881273396809895
30
0
0
SPLINE
5
573
100
AcDbEntity
8
0
100
AcDbSpline
70
4
71
3
72
8
73
4
74
0
42
0.000000001
43
0.0000000001
44
0.0000000001
40
0
40
0
40
0
40
0
40
1
40
1
40
1
40
1
41
1
41
1
41
1
41
1
10
5.47528749974731
20
31.881273396809895
30
0
10
5.4751634056584377
20
31.867896745403609
30
0
10
5.4750392863369326
20
31.854520093997323
30
0
10
5.4749114325857491
20
31.840738080342614
30
0
0
SPLINE
5
574
100
AcDbEntity
8
0
100
AcDbSpline
70
4
71
3
72
8
73
4
74
0
42
0.000000001
43
0.0000000001
44
0.0000000001
40
0
40
0
40
0
40
0
40
1
40
1
40
1
40
1
41
1
41
1
41
1
41
1
10
5.4749114325857491
20
31.840738080342614
30
0
10
5.4750600527938538
20
31.826309455235801
30
0
10
5.4752086730019585
20
31.811880830128988
30
0
10
5.4753617846187295
20
31.797014973958333
30
0
0
SPLINE
5
575
100
AcDbEntity
8
0
100
AcDbSpline
70
4
71
3
72
8
73
4
74
0
42
0.000000001
43
0.0000000001
44
0.0000000001
40
0
40
0
40
0
40
0
40
1
40
1
40
1
40
1
41
1
41
1
41
1
41
1
10
5.4753617846187295
20
31.797014973958333
30
0
10
5.4753425321197842
20
31.782189855873586
30
0
10
5.4753232796208406
20
31.767364737788839
30
0
10
5.4753034467713384
20
31.752090390523279
30
0
0
SPLINE
5
576
100
AcDbEntity
8
0
100
AcDbSpline
70
4
71
3
72
8
73
4
74
0
42
0.000000001
43
0.0000000001
44
0.0000000001
40
0
40
0
40
0
40
0
40
1
40
1
40
1
40
1
41
1
41
1
41
1
41
1
10
5.4753034467713384
20
31.752090390523279
30
0
10
5.4753254243946419
20
31.720730517307917
30
0
10
5.4754786369419435
20
31.689370517929397
30
0
10
5.4757525876379356
20
31.658011830647791
30
0
0
SPLINE
5
577
100
AcDbEntity
8
0
100
AcDbSpline
70
4
71
3
72
8
73
4
74
0
42
0.000000001
43
0.0000000001
44
0.0000000001
40
0
40
0
40
0
40
0
40
1
40
1
40
1
40
1
41
1
41
1
41
1
41
1
10
5.4757525876379356
20
31.658011830647791
30
0
10
5.4761354423777595
20
31.609927213191988
30
0
10
5.4760253019349117
20
31.56186192393303
30
0
10
5.4758527107255004
20
31.513776448567711
30
0
0
SPLINE
5
578
100
AcDbEntity
8
0
100
AcDbSpline
70
4
71
3
72
8
73
4
74
0
42
0.000000001
43
0.0000000001
44
0.0000000001
40
0
40
0
40
0
40
0
40
1
40
1
40
1
40
1
41
1
41
1
41
1
41
1
10
5.4758527107255004
20
31.513776448567711
30
0
10
5.4759352214352628
20
31.483338929017389
30
0
10
5.4760462450202638
20
31.452901459932328
30
0
10
5.4761886075353958
20
31.422464192708336
30
0
0
SPLINE
5
579
100
AcDbEntity
8
0
100
AcDbSpline
70
4
71
3
72
8
73
4
74
0
42
0.000000001
43
0.0000000001
44
0.0000000001
40
0
40
0
40
0
40
0
40
1
40
1
40
1
40
1
41
1
41
1
41
1
41
1
10
5.4761886075353958
20
31.422464192708336
30
0
10
5.4761497745132779
20
31.408035567601523
30
0
10
5.4761109414911608
20
31.393606942494714
30
0
10
5.4760709225352944
20
31.378741086324059
30
0
0
SPLINE
5
580
100
AcDbEntity
8
0
100
AcDbSpline
70
4
71
3
72
8
73
4
74
0
42
0.000000001
43
0.0000000001
44
0.0000000001
40
0
40
0
40
0
40
0
40
1
40
1
40
1
40
1
41
1
41
1
41
1
41
1
10
5.4760709225352944
20
31.378741086324059
30
0
10
5.4763226180490197
20
31.358676096598309
30
0
10
5.4763226180490197
20
31.358676096598309
30
0
10
5.476579410554602
20
31.338205769856771
30
0
0
SPLINE
5
581
100
AcDbEntity
8
0
100
AcDbSpline
70
4
71
3
72
8
73
4
74
0
42
0.000000001
43
0.0000000001
44
0.0000000001
40
0
40
0
40
0
40
0
40
1
40
1
40
1
40
1
41
1
41
1
41
1
41
1
10
5.476579410554602
20
31.338205769856771
30
0
10
5.4766508946037629
20
31.326427832841873
30
0
10
5.4767223534202909
20
31.314649946292242
30
0
10
5.4767960074758868
20
31.30251511891683
30
0
0
SPLINE
5
582
100
AcDbEntity
8
0
100
AcDbSpline
70
4
71
3
72
8
73
4
74
0
42
0.000000001
43
0.0000000001
44
0.0000000001
40
0
40
0
40
0
40
0
40
1
40
1
40
1
40
1
41
1
41
1
41
1
41
1
10
5.4767960074758868
20
31.30251511891683
30
0
10
5.4830218316332839
20
31.265952730973563
30
0
10
5.491616949559881
20
31.254104495843254
30
0
10
5.5216121915197718
20
31.232708333333335
30
0
0
SPLINE
5
583
100
AcDbEntity
8
0
100
AcDbSpline
70
4
71
3
72
8
73
4
74
0
42
0.000000001
43
0.0000000001
44
0.0000000001
40
0
40
0
40
0
40
0
40
1
40
1
40
1
40
1
41
1
41
1
41
1
41
1
10
5.5216121915197718
20
31.232708333333335
30
0
10
5.5581869939184525
20
31.228923286994302
30
0
10
5.5917178576406181
20
31.227460954984032
30
0
10
5.6282723477697711
20
31.22790242513021
30
0
0
SPLINE
5
584
100
AcDbEntity
8
0
100
AcDbSpline
70
4
71
3
72
8
73
4
74
0
42
0.000000001
43
0.0000000001
44
0.0000000001
40
0
40
0
40
0
40
0
40
1
40
1
40
1
40
1
41
1
41
1
41
1
41
1
10
5.6282723477697711
20
31.22790242513021
30
0
10
5.6439032321389853
20
31.227892533938089
30
0
10
5.6439032321389853
20
31.227892533938089
30
0
10
5.6598498776769981
20
31.227882440884912
30
0
0
SPLINE
5
585
100
AcDbEntity
8
0
100
AcDbSpline
70
4
71
3
72
8
73
4
74
0
42
0.000000001
43
0.0000000001
44
0.0000000001
40
0
40
0
40
0
40
0
40
1
40
1
40
1
40
1
41
1
41
1
41
1
41
1
10
5.6598498776769981
20
31.227882440884912
30
0
10
5.6818676082508102
20
31.227913376092911
30
0
10
5.7038853892898898
20
31.228041961590449
30
0
10
5.7259020474768025
20
31.228260930379236
30
0
0
SPLINE
5
586
100
AcDbEntity
8
0
100
AcDbSpline
70
4
71
3
72
8
73
4
74
0
42
0.000000001
43
0.0000000001
44
0.0000000001
40
0
40
0
40
0
40
0
40
1
40
1
40
1
40
1
41
1
41
1
41
1
41
1
10
5.7259020474768025
20
31.228260930379236
30
0
10
5.7596122521376945
20
31.228573058048887
30
0
10
5.7933086230075688
20
31.228532938162488
30
0
10
5.8270199063635211
20
31.228445027669274
30
0
0
SPLINE
5
587
100
AcDbEntity
8
0
100
AcDbSpline
70
4
71
3
72
8
73
4
74
0
42
0.000000001
43
0.0000000001
44
0.0000000001
40
0
40
0
40
0
40
0
40
1
40
1
40
1
40
1
41
1
41
1
41
1
41
1
10
5.8270199063635211
20
31.228445027669274
30
0
10
5.8484140313383284
20
31.228518807888037
30
0
10
5.8698080995397106
20
31.228612875143686
30
0
10
5.8912020352697709
20
31.228729248046875
30
0
0
SPLINE
5
588
100
AcDbEntity
8
0
100
AcDbSpline
70
4
71
3
72
8
73
4
74
0
42
0.000000001
43
0.0000000001
44
0.0000000001
40
0
40
0
40
0
40
0
40
1
40
1
40
1
40
1
41
1
41
1
41
1
41
1
10
5.8912020352697709
20
31.228729248046875
30
0
10
5.9063341051803375
20
31.228711181481682
30
0
10
5.9063341051803375
20
31.228711181481682
30
0
10
5.9217718747473107
20
31.228692711194359
30
0
0
SPLINE
5
589
100
AcDbEntity
8
0
100
AcDbSpline
70
4
71
3
72
8
73
4
74
0
42
0.000000001
43
0.0000000001
44
0.0000000001
40
0
40
0
40
0
40
0
40
1
40
1
40
1
40
1
41
1
41
1
41
1
41
1
10
5.9217718747473107
20
31.228692711194359
30
0
10
5.9717755222535471
20
31.229363243182501
30
0
10
5.9949293521261549
20
31.230753107070925
30
0
10
6.0375496915197715
20
31.259166666666669
30
0
0
SPLINE
5
590
100
AcDbEntity
8
0
100
AcDbSpline
70
4
71
3
72
8
73
4
74
0
42
0.000000001
43
0.0000000001
44
0.0000000001
40
0
40
0
40
0
40
0
40
1
40
1
40
1
40
1
41
1
41
1
41
1
41
1
10
6.0375496915197715
20
31.259166666666669
30
0
10
6.0499489568885512
20
31.296364462773006
30
0
10
6.0525797490493796
20
31.319640103181207
30
0
10
6.0529105110184691
20
31.358172251383465
30
0
0
SPLINE
5
591
100
AcDbEntity
8
0
100
AcDbSpline
70
4
71
3
72
8
73
4
74
0
42
0.000000001
43
0.0000000001
44
0.0000000001
40
0
40
0
40
0
40
0
40
1
40
1
40
1
40
1
41
1
41
1
41
1
41
1
10
6.0529105110184691
20
31.358172251383465
30
0
10
6.0530376077906638
20
31.370139231284462
30
0
10
6.0531647045628567
20
31.382106160720191
30
0
10
6.0532956619278933
20
31.394435784022015
30
0
0
SPLINE
5
592
100
AcDbEntity
8
0
100
AcDbSpline
70
4
71
3
72
8
73
4
74
0
42
0.000000001
43
0.0000000001
44
0.0000000001
40
0
40
0
40
0
40
0
40
1
40
1
40
1
40
1
41
1
41
1
41
1
41
1
10
6.0532956619278933
20
31.394435784022015
30
0
10
6.0533518802341169
20
31.407334554592769
30
0
10
6.0534081111566564
20
31.420233325163526
30
0
10
6.0534660326656038
20
31.433522949218752
30
0
0
SPLINE
5
593
100
AcDbEntity
8
0
100
AcDbSpline
70
4
71
3
72
8
73
4
74
0
42
0.000000001
43
0.0000000001
44
0.0000000001
40
0
40
0
40
0
40
0
40
1
40
1
40
1
40
1
41
1
41
1
41
1
41
1
10
6.0534660326656038
20
31.433522949218752
30
0
10
6.0535414403891892
20
31.446817115147908
30
0
10
6.0536168481127763
20
31.460111331542336
30
0
10
6.0536945393896442
20
31.473808361689251
30
0
0
SPLINE
5
594
100
AcDbEntity
8
0
100
AcDbSpline
70
4
71
3
72
8
73
4
74
0
42
0.000000001
43
0.0000000001
44
0.0000000001
40
0
40
0
40
0
40
0
40
1
40
1
40
1
40
1
41
1
41
1
41
1
41
1
10
6.0536945393896442
20
31.473808361689251
30
0
10
6.0538195292369865
20
31.501942696968715
30
0
10
6.0539059888538063
20
31.530077183643979
30
0
10
6.0539569587723747
20
31.558211720784506
30
0
0
SPLINE
5
595
100
AcDbEntity
8
0
100
AcDbSpline
70
4
71
3
72
8
73
4
74
0
42
0.000000001
43
0.0000000001
44
0.0000000001
40
0
40
0
40
0
40
0
40
1
40
1
40
1
40
1
41
1
41
1
41
1
41
1
10
6.0539569587723747
20
31.558211720784506
30
0
10
6.0540853802577992
20
31.601212114095691
30
0
10
6.0544958268817606
20
31.644204130172731
30
0
10
6.0549129727697713
20
31.687202555338544
30
0
0
SPLINE
5
596
100
AcDbEntity
8
0
100
AcDbSpline
70
4
71
3
72
8
73
4
74
0
42
0.000000001
43
0.0000000001
44
0.0000000001
40
0
40
0
40
0
40
0
40
1
40
1
40
1
40
1
41
1
41
1
41
1
41
1
10
6.0549129727697713
20
31.687202555338544
30
0
10
6.0549993566886933
20
31.714539337555571
30
0
10
6.0550688221272173
20
31.741876170237862
30
0
10
6.0551196784989383
20
31.769213053385418
30
0
0
SPLINE
5
597
100
AcDbEntity
8
0
100
AcDbSpline
70
4
71
3
72
8
73
4
74
0
42
0.000000001
43
0.0000000001
44
0.0000000001
40
0
40
0
40
0
40
0
40
1
40
1
40
1
40
1
41
1
41
1
41
1
41
1
10
6.0551196784989383
20
31.769213053385418
30
0
10
6.0552830219483713
20
31.782058255076411
30
0
10
6.0554463527814884
20
31.794903469383719
30
0
10
6.0556146418269821
20
31.808137922286988
30
0
0
SPLINE
5
598
100
AcDbEntity
8
0
100
AcDbSpline
70
4
71
3
72
8
73
4
74
0
42
0.000000001
43
0.0000000001
44
0.0000000001
40
0
40
0
40
0
40
0
40
1
40
1
40
1
40
1
41
1
41
1
41
1
41
1
10
6.0556146418269821
20
31.808137922286988
30
0
10
6.0553988775825838
20
31.873627164661883
30
0
10
6.0551875668979029
20
31.921058326313894
30
0
10
6.0110913581864374
20
31.973541666666669
30
0
0
SPLINE
5
599
100
AcDbEntity
8
0
100
AcDbSpline
70
4
71
3
72
8
73
4
74
0
42
0.000000001
43
0.0000000001
44
0.0000000001
40
0
40
0
40
0
40
0
40
1
40
1
40
1
40
1
41
1
41
1
41
1
41
1
10
6.0110913581864374
20
31.973541666666669
30
0
10
5.9710580197191572
20
31.993558337477349
30
0
10
5.9294488907075271
20
31.989199000182367
30
0
10
5.8855176277176877
20
31.989458007812502
30
0
0
SPLINE
5
600
100
AcDbEntity
8
0
100
AcDbSpline
70
4
71
3
72
8
73
4
74
0
42
0.000000001
43
0.0000000001
44
0.0000000001
40
0
40
0
40
0
40
0
40
1
40
1
40
1
40
1
41
1
41
1
41
1
41
1
10
1.6682637392696076
20
28.434755530357361
30
0
10
1.6564858243332636
20
28.434757728647902
30
0
10
1.6447079093969197
20
28.434759926938437
30
0
10
1.6325730883296663
20
28.434762191771693
30
0
0
SPLINE
5
601
100
AcDbEntity
8
0
100
AcDbSpline
70
4
71
3
72
8
73
4
74
0
42
0.000000001
43
0.0000000001
44
0.0000000001
40
0
40
0
40
0
40
0
40
1
40
1
40
1
40
1
41
1
41
1
41
1
41
1
10
1.6325730883296663
20
28.434762191771693
30
0
10
1.612508104912076
20
28.434948345066221
30
0
10
1.612508104912076
20
28.434948345066221
30
0
10
1.5920377718623813
20
28.435138258884738
30
0
0
SPLINE
5
602
100
AcDbEntity
8
0
100
AcDbSpline
70
4
71
3
72
8
73
4
74
0
42
0.000000001
43
0.0000000001
44
0.0000000001
40
0
40
0
40
0
40
0
40
1
40
1
40
1
40
1
41
1
41
1
41
1
41
1
10
1.5920377718623813
20
28.435138258884738
30
0
10
1.5776091467555697
20
28.434989642816362
30
0
10
1.5631805216487582
20
28.434841026624781
30
0
10
1.5483146654781033
20
28.434687906956487
30
0
0
SPLINE
5
603
100
AcDbEntity
8
0
100
AcDbSpline
70
4
71
3
72
8
73
4
74
0
42
0.000000001
43
0.0000000001
44
0.0000000001
40
0
40
0
40
0
40
0
40
1
40
1
40
1
40
1
41
1
41
1
41
1
41
1
10
1.5483146654781033
20
28.434687906956487
30
0
10
1.5334895473933552
20
28.434707158438979
30
0
10
1.5186644419249229
20
28.434726409918394
30
0
10
1.5033900820430446
20
28.434746244805417
30
0
0
SPLINE
5
604
100
AcDbEntity
8
0
100
AcDbSpline
70
4
71
3
72
8
73
4
74
0
42
0.000000001
43
0.0000000001
44
0.0000000001
40
0
40
0
40
0
40
0
40
1
40
1
40
1
40
1
41
1
41
1
41
1
41
1
10
1.5033900820430446
20
28.434746244805417
30
0
10
1.4720302088276871
20
28.434724273673542
30
0
10
1.4406702094491652
20
28.4345710623275
30
0
10
1.4093115221675567
20
28.434297103881839
30
0
0
SPLINE
5
605
100
AcDbEntity
8
0
100
AcDbSpline
70
4
71
3
72
8
73
4
74
0
42
0.000000001
43
0.0000000001
44
0.0000000001
40
0
40
0
40
0
40
0
40
1
40
1
40
1
40
1
41
1
41
1
41
1
41
1
10
1.4093115221675567
20
28.434297103881839
30
0
10
1.3612269047117564
20
28.433914254464518
30
0
10
1.3131616154527992
20
28.434024386332215
30
0
10
1.2650761400874788
20
28.434196980794269
30
0
0
SPLINE
5
606
100
AcDbEntity
8
0
100
AcDbSpline
70
4
71
3
72
8
73
4
74
0
42
0.000000001
43
0.0000000001
44
0.0000000001
40
0
40
0
40
0
40
0
40
1
40
1
40
1
40
1
41
1
41
1
41
1
41
1
10
1.2650761400874788
20
28.434196980794269
30
0
10
1.2346386205371551
20
28.434114463086395
30
0
10
1.2042011514520978
20
28.43400345620816
30
0
10
1.173763884228104
20
28.433861084082942
30
0
0
SPLINE
5
607
100
AcDbEntity
8
0
100
AcDbSpline
70
4
71
3
72
8
73
4
74
0
42
0.000000001
43
0.0000000001
44
0.0000000001
40
0
40
0
40
0
40
0
40
1
40
1
40
1
40
1
41
1
41
1
41
1
41
1
10
1.173763884228104
20
28.433861084082942
30
0
10
1.1593352591212924
20
28.433899919963444
30
0
10
1.1449066340144809
20
28.433938756041073
30
0
10
1.1300407778438259
20
28.433978768984474
30
0
0
SPLINE
5
608
100
AcDbEntity
8
0
100
AcDbSpline
70
4
71
3
72
8
73
4
74
0
42
0.000000001
43
0.0000000001
44
0.0000000001
40
0
40
0
40
0
40
0
40
1
40
1
40
1
40
1
41
1
41
1
41
1
41
1
10
1.1300407778438259
20
28.433978768984474
30
0
10
1.116664101204905
20
28.433810968032731
30
0
10
1.1032874750312505
20
28.433643166883851
30
0
10
1.0895054613765409
20
28.433470280965171
30
0
0
SPLINE
5
609
100
AcDbEntity
8
0
100
AcDbSpline
70
4
71
3
72
8
73
4
74
0
42
0.000000001
43
0.0000000001
44
0.0000000001
40
0
40
0
40
0
40
0
40
1
40
1
40
1
40
1
41
1
41
1
41
1
41
1
10
1.0895054613765409
20
28.433470280965171
30
0
10
1.0718385810868281
20
28.433363065437881
30
0
10
1.0718385810868281
20
28.433363065437881
30
0
10
1.0538148104365996
20
28.433253684043883
30
0
0
SPLINE
5
610
100
AcDbEntity
8
0
100
AcDbSpline
70
4
71
3
72
8
73
4
74
0
42
0.000000001
43
0.0000000001
44
0.0000000001
40
0
40
0
40
0
40
0
40
1
40
1
40
1
40
1
41
1
41
1
41
1
41
1
10
1.0538148104365996
20
28.433253684043883
30
0
10
1.0172181565777794
20
28.427022039821992
30
0
10
1.0053745137866665
20
28.418509755109746
30
0
10
0.98400802485310357
20
28.388437500000002
30
0
0
SPLINE
5
611
100
AcDbEntity
8
0
100
AcDbSpline
70
4
71
3
72
8
73
4
74
0
42
0.000000001
43
0.0000000001
44
0.0000000001
40
0
40
0
40
0
40
0
40
1
40
1
40
1
40
1
41
1
41
1
41
1
41
1
10
0.98400802485310357
20
28.388437500000002
30
0
10
0.9802234831667278
20
28.350773284981649
30
0
10
0.97876190813544706
20
28.316064442098142
30
0
10
0.97920211664997869
20
28.278418375651043
30
0
0
SPLINE
5
612
100
AcDbEntity
8
0
100
AcDbSpline
70
4
71
3
72
8
73
4
74
0
42
0.000000001
43
0.0000000001
44
0.0000000001
40
0
40
0
40
0
40
0
40
1
40
1
40
1
40
1
41
1
41
1
41
1
41
1
10
0.97920211664997869
20
28.278418375651043
30
0
10
0.97919222545786
20
28.262299984196822
30
0
10
0.97919222545786
20
28.262299984196822
30
0
10
0.97918213240467789
20
28.245855965614322
30
0
0
SPLINE
5
613
100
AcDbEntity
8
0
100
AcDbSpline
70
4
71
3
72
8
73
4
74
0
42
0.000000001
43
0.0000000001
44
0.0000000001
40
0
40
0
40
0
40
0
40
1
40
1
40
1
40
1
41
1
41
1
41
1
41
1
10
0.97918213240467789
20
28.245855965614322
30
0
10
0.9792130676126809
20
28.223159931401412
30
0
10
0.97934165311021948
20
28.200463846723238
30
0
10
0.97956062189900162
20
28.177768834431966
30
0
0
SPLINE
5
614
100
AcDbEntity
8
0
100
AcDbSpline
70
4
71
3
72
8
73
4
74
0
42
0.000000001
43
0.0000000001
44
0.0000000001
40
0
40
0
40
0
40
0
40
1
40
1
40
1
40
1
41
1
41
1
41
1
41
1
10
0.97956062189900162
20
28.177768834431966
30
0
10
0.97987315329078117
20
28.142955269813541
30
0
10
0.97983257921699041
20
28.108155078490576
30
0
10
0.97974471918904071
20
28.073340454101565
30
0
0
SPLINE
5
615
100
AcDbEntity
8
0
100
AcDbSpline
70
4
71
3
72
8
73
4
74
0
42
0.000000001
43
0.0000000001
44
0.0000000001
40
0
40
0
40
0
40
0
40
1
40
1
40
1
40
1
41
1
41
1
41
1
41
1
10
0.97974471918904071
20
28.073340454101565
30
0
10
0.97981849940780075
20
28.051300380031272
30
0
10
0.97991251619819142
20
28.029260356426242
30
0
10
0.98002893956664505
20
28.007220458984374
30
0
0
SPLINE
5
616
100
AcDbEntity
8
0
100
AcDbSpline
70
4
71
3
72
8
73
4
74
0
42
0.000000001
43
0.0000000001
44
0.0000000001
40
0
40
0
40
0
40
0
40
1
40
1
40
1
40
1
41
1
41
1
41
1
41
1
10
0.98002893956664505
20
28.007220458984374
30
0
10
0.98001087300145007
20
27.991551902294162
30
0
10
0.98001087300145007
20
27.991551902294162
30
0
10
0.97999240271412602
20
27.975566827456156
30
0
0
SPLINE
5
617
100
AcDbEntity
8
0
100
AcDbSpline
70
4
71
3
72
8
73
4
74
0
42
0.000000001
43
0.0000000001
44
0.0000000001
40
0
40
0
40
0
40
0
40
1
40
1
40
1
40
1
41
1
41
1
41
1
41
1
10
0.97999240271412602
20
27.975566827456156
30
0
10
0.98095159602327509
20
27.902014762163162
30
0
10
0.98095159602327509
20
27.902014762163162
30
0
10
1.010466358186437
20
27.872500000000002
30
0
0
SPLINE
5
618
100
AcDbEntity
8
0
100
AcDbSpline
70
4
71
3
72
8
73
4
74
0
42
0.000000001
43
0.0000000001
44
0.0000000001
40
0
40
0
40
0
40
0
40
1
40
1
40
1
40
1
41
1
41
1
41
1
41
1
10
1.010466358186437
20
27.872500000000002
30
0
10
1.0394970070537257
20
27.868962182998658
30
0
10
1.0394970070537257
20
27.868962182998658
30
0
10
1.0759888445552523
20
27.868656565348306
30
0
0
SPLINE
5
619
100
AcDbEntity
8
0
100
AcDbSpline
70
4
71
3
72
8
73
4
74
0
42
0.000000001
43
0.0000000001
44
0.0000000001
40
0
40
0
40
0
40
0
40
1
40
1
40
1
40
1
41
1
41
1
41
1
41
1
10
1.0759888445552523
20
27.868656565348306
30
0
10
1.0964526108122197
20
27.868403381109239
30
0
10
1.0964526108122197
20
27.868403381109239
30
0
10
1.1173297885275213
20
27.868145049413044
30
0
0
SPLINE
5
620
100
AcDbEntity
8
0
100
AcDbSpline
70
4
71
3
72
8
73
4
74
0
42
0.000000001
43
0.0000000001
44
0.0000000001
40
0
40
0
40
0
40
0
40
1
40
1
40
1
40
1
41
1
41
1
41
1
41
1
10
1.1173297885275213
20
27.868145049413044
30
0
10
1.1321160609738368
20
27.868115628163022
30
0
10
1.1469023334201511
20
27.868086156447731
30
0
10
1.1621366869624783
20
27.868055826822918
30
0
0
SPLINE
5
621
100
AcDbEntity
8
0
100
AcDbSpline
70
4
71
3
72
8
73
4
74
0
42
0.000000001
43
0.0000000001
44
0.0000000001
40
0
40
0
40
0
40
0
40
1
40
1
40
1
40
1
41
1
41
1
41
1
41
1
10
1.1621366869624783
20
27.868055826822918
30
0
10
1.1848428773101505
20
27.867923708756766
30
0
10
1.1848428773101505
20
27.867923708756766
30
0
10
1.2080077969249425
20
27.867788966496786
30
0
0
SPLINE
5
622
100
AcDbEntity
8
0
100
AcDbSpline
70
4
71
3
72
8
73
4
74
0
42
0.000000001
43
0.0000000001
44
0.0000000001
40
0
40
0
40
0
40
0
40
1
40
1
40
1
40
1
41
1
41
1
41
1
41
1
10
1.2080077969249425
20
27.867788966496786
30
0
10
1.2400689859406488
20
27.867654829819998
30
0
10
1.2721305029805829
20
27.867592959403993
30
0
10
1.3041919695552517
20
27.86759719848633
30
0
0
SPLINE
5
623
100
AcDbEntity
8
0
100
AcDbSpline
70
4
71
3
72
8
73
4
74
0
42
0.000000001
43
0.0000000001
44
0.0000000001
40
0
40
0
40
0
40
0
40
1
40
1
40
1
40
1
41
1
41
1
41
1
41
1
10
1.3041919695552517
20
27.86759719848633
30
0
10
1.353352102758123
20
27.867539365291595
30
0
10
1.402496541263295
20
27.867059036890666
30
0
10
1.4516538988765415
20
27.866557210286459
30
0
0
SPLINE
5
624
100
AcDbEntity
8
0
100
AcDbSpline
70
4
71
3
72
8
73
4
74
0
42
0.000000001
43
0.0000000001
44
0.0000000001
40
0
40
0
40
0
40
0
40
1
40
1
40
1
40
1
41
1
41
1
41
1
41
1
10
1.4516538988765415
20
27.866557210286459
30
0
10
1.4827544437067042
20
27.866479594707489
30
0
10
1.513855064234767
20
27.86642706036568
30
0
10
1.5449556973791456
20
27.866402180989589
30
0
0
SPLINE
5
625
100
AcDbEntity
8
0
100
AcDbSpline
70
4
71
3
72
8
73
4
74
0
42
0.000000001
43
0.0000000001
44
0.0000000001
40
0
40
0
40
0
40
0
40
1
40
1
40
1
40
1
41
1
41
1
41
1
41
1
10
1.5449556973791456
20
27.866402180989589
30
0
10
1.5597151980018942
20
27.866212078332904
30
0
10
1.5744746923164854
20
27.866021925210951
30
0
10
1.5896814476665189
20
27.865826069513957
30
0
0
SPLINE
5
626
100
AcDbEntity
8
0
100
AcDbSpline
70
4
71
3
72
8
73
4
74
0
42
0.000000001
43
0.0000000001
44
0.0000000001
40
0
40
0
40
0
40
0
40
1
40
1
40
1
40
1
41
1
41
1
41
1
41
1
10
1.5896814476665189
20
27.865826069513957
30
0
10
1.6033656596358947
20
27.865907469987871
30
0
10
1.6170498716052706
20
27.865988870461784
30
0
10
1.6311487566646277
20
27.866072743733724
30
0
0
SPLINE
5
627
100
AcDbEntity
8
0
100
AcDbSpline
70
4
71
3
72
8
73
4
74
0
42
0.000000001
43
0.0000000001
44
0.0000000001
40
0
40
0
40
0
40
0
40
1
40
1
40
1
40
1
41
1
41
1
41
1
41
1
10
1.6311487566646277
20
27.866072743733724
30
0
10
1.6432015874451733
20
27.866035046180091
30
0
10
1.6552544198027586
20
27.865997348626458
30
0
10
1.6676724882634908
20
27.865958490371703
30
0
0
SPLINE
5
628
100
AcDbEntity
8
0
100
AcDbSpline
70
4
71
3
72
8
73
4
74
0
42
0.000000001
43
0.0000000001
44
0.0000000001
40
0
40
0
40
0
40
0
40
1
40
1
40
1
40
1
41
1
41
1
41
1
41
1
10
1.6676724882634908
20
27.865958490371703
30
0
10
1.698383024853104
20
27.872500000000002
30
0
10
1.698383024853104
20
27.872500000000002
30
0
10
1.7221079575236975
20
27.896456467310593
30
0
0
SPLINE
5
629
100
AcDbEntity
8
0
100
AcDbSpline
70
4
71
3
72
8
73
4
74
0
42
0.000000001
43
0.0000000001
44
0.0000000001
40
0
40
0
40
0
40
0
40
1
40
1
40
1
40
1
41
1
41
1
41
1
41
1
10
1.7221079575236975
20
27.896456467310593
30
0
10
1.7454615730758838
20
27.938825943867368
30
0
10
1.7437444734788277
20
27.979969619115195
30
0
10
1.7433415209468539
20
28.02711588541667
30
0
0
SPLINE
5
630
100
AcDbEntity
8
0
100
AcDbSpline
70
4
71
3
72
8
73
4
74
0
42
0.000000001
43
0.0000000001
44
0.0000000001
40
0
40
0
40
0
40
0
40
1
40
1
40
1
40
1
41
1
41
1
41
1
41
1
10
1.7433415209468539
20
28.02711588541667
30
0
10
1.7433794897512922
20
28.036899107098581
30
0
10
1.7434174585557316
20
28.046682328780491
30
0
10
1.7434565817531278
20
28.056762008666993
30
0
0
SPLINE
5
631
100
AcDbEntity
8
0
100
AcDbSpline
70
4
71
3
72
8
73
4
74
0
42
0.000000001
43
0.0000000001
44
0.0000000001
40
0
40
0
40
0
40
0
40
1
40
1
40
1
40
1
41
1
41
1
41
1
41
1
10
1.7434565817531278
20
28.056762008666993
30
0
10
1.7434835302051244
20
28.077399299740794
30
0
10
1.7434107088264161
20
28.098036944071453
30
0
10
1.7432446276363067
20
28.11867360432943
30
0
0
SPLINE
5
632
100
AcDbEntity
8
0
100
AcDbSpline
70
4
71
3
72
8
73
4
74
0
42
0.000000001
43
0.0000000001
44
0.0000000001
40
0
40
0
40
0
40
0
40
1
40
1
40
1
40
1
41
1
41
1
41
1
41
1
10
1.7432446276363067
20
28.11867360432943
30
0
10
1.7430321625586687
20
28.15020823876063
30
0
10
1.7432427667296269
20
28.181720441381138
30
0
10
1.7434965502437283
20
28.213254394531255
30
0
0
SPLINE
5
633
100
AcDbEntity
8
0
100
AcDbSpline
70
4
71
3
72
8
73
4
74
0
42
0.000000001
43
0.0000000001
44
0.0000000001
40
0
40
0
40
0
40
0
40
1
40
1
40
1
40
1
41
1
41
1
41
1
41
1
10
1.7434965502437283
20
28.213254394531255
30
0
10
1.7434703209217717
20
28.233339355885985
30
0
10
1.7434194708582096
20
28.253424292008084
30
0
10
1.7433415209468539
20
28.273509114583334
30
0
0
SPLINE
5
634
100
AcDbEntity
8
0
100
AcDbSpline
70
4
71
3
72
8
73
4
74
0
42
0.000000001
43
0.0000000001
44
0.0000000001
40
0
40
0
40
0
40
0
40
1
40
1
40
1
40
1
41
1
41
1
41
1
41
1
10
1.7433415209468539
20
28.273509114583334
30
0
10
1.7434218553420244
20
28.282908636232218
30
0
10
1.7435021960453523
20
28.292308157881102
30
0
10
1.7435849653896029
20
28.301992518107095
30
0
0
SPLINE
5
635
100
AcDbEntity
8
0
100
AcDbSpline
70
4
71
3
72
8
73
4
74
0
42
0.000000001
43
0.0000000001
44
0.0000000001
40
0
40
0
40
0
40
0
40
1
40
1
40
1
40
1
41
1
41
1
41
1
41
1
10
1.7435849653896029
20
28.301992518107095
30
0
10
1.742701369048788
20
28.364361739108965
30
0
10
1.7367117664929566
20
28.419687220156192
30
0
10
1.6682637392696076
20
28.434755530357361
30
0
0
SPLINE
5
636
100
AcDbEntity
8
0
100
AcDbSpline
70
4
71
3
72
8
73
4
74
0
42
0.000000001
43
0.0000000001
44
0.0000000001
40
0
40
0
40
0
40
0
40
1
40
1
40
1
40
1
41
1
41
1
41
1
41
1
10
7.6518439216630005
20
28.433470280965171
30
0
10
7.6317789398224498
20
28.433721982540643
30
0
10
7.6317789398224498
20
28.433721982540643
30
0
10
7.6113086051957159
20
28.433978768984474
30
0
0
SPLINE
5
637
100
AcDbEntity
8
0
100
AcDbSpline
70
4
71
3
72
8
73
4
74
0
42
0.000000001
43
0.0000000001
44
0.0000000001
40
0
40
0
40
0
40
0
40
1
40
1
40
1
40
1
41
1
41
1
41
1
41
1
10
7.6113086051957159
20
28.433978768984474
30
0
10
7.5968799800889037
20
28.433939932906846
30
0
10
7.5824513549820924
20
28.433901096829214
30
0
10
7.5675854988114377
20
28.433861084033659
30
0
0
SPLINE
5
638
100
AcDbEntity
8
0
100
AcDbSpline
70
4
71
3
72
8
73
4
74
0
42
0.000000001
43
0.0000000001
44
0.0000000001
40
0
40
0
40
0
40
0
40
1
40
1
40
1
40
1
41
1
41
1
41
1
41
1
10
7.5675854988114377
20
28.433861084033659
30
0
10
7.5527603870348479
20
28.433930429370765
30
0
10
7.5379352752582571
20
28.433999774658588
30
0
10
7.5226609153763793
20
28.434071221400909
30
0
0
SPLINE
5
639
100
AcDbEntity
8
0
100
AcDbSpline
70
4
71
3
72
8
73
4
74
0
42
0.000000001
43
0.0000000001
44
0.0000000001
40
0
40
0
40
0
40
0
40
1
40
1
40
1
40
1
41
1
41
1
41
1
41
1
10
7.5226609153763793
20
28.434071221400909
30
0
10
7.4913015089647317
20
28.434156238371507
30
0
10
7.4599416735983235
20
28.434138361445317
30
0
10
7.4285823555008914
20
28.434025802661587
30
0
0
SPLINE
5
640
100
AcDbEntity
8
0
100
AcDbSpline
70
4
71
3
72
8
73
4
74
0
42
0.000000001
43
0.0000000001
44
0.0000000001
40
0
40
0
40
0
40
0
40
1
40
1
40
1
40
1
41
1
41
1
41
1
41
1
10
7.4285823555008914
20
28.434025802661587
30
0
10
7.3804962997850119
20
28.433913196369542
30
0
10
7.3324309852934224
20
28.434293669434652
30
0
10
7.2843469734208135
20
28.43471374511719
30
0
0
SPLINE
5
641
100
AcDbEntity
8
0
100
AcDbSpline
70
4
71
3
72
8
73
4
74
0
42
0.000000001
43
0.0000000001
44
0.0000000001
40
0
40
0
40
0
40
0
40
1
40
1
40
1
40
1
41
1
41
1
41
1
41
1
10
7.2843469734208135
20
28.43471374511719
30
0
10
7.2539095548010213
20
28.434735069846116
30
0
10
7.2234721361812291
20
28.434727432144964
30
0
10
7.1930347175614386
20
28.434687906999606
30
0
0
SPLINE
5
642
100
AcDbEntity
8
0
100
AcDbSpline
70
4
71
3
72
8
73
4
74
0
42
0.000000001
43
0.0000000001
44
0.0000000001
40
0
40
0
40
0
40
0
40
1
40
1
40
1
40
1
41
1
41
1
41
1
41
1
10
7.1930347175614386
20
28.434687906999606
30
0
10
7.1713917799012208
20
28.434910831102172
30
0
10
7.1713917799012208
20
28.434910831102172
30
0
10
7.1493116111771604
20
28.435138258934025
30
0
0
SPLINE
5
643
100
AcDbEntity
8
0
100
AcDbSpline
70
4
71
3
72
8
73
4
74
0
42
0.000000001
43
0.0000000001
44
0.0000000001
40
0
40
0
40
0
40
0
40
1
40
1
40
1
40
1
41
1
41
1
41
1
41
1
10
7.1493116111771604
20
28.435138258934025
30
0
10
7.1359349345382395
20
28.435014156762822
30
0
10
7.1225583083645834
20
28.434890054591623
30
0
10
7.1087762947098749
20
28.43476219177246
30
0
0
SPLINE
5
644
100
AcDbEntity
8
0
100
AcDbSpline
70
4
71
3
72
8
73
4
74
0
42
0.000000001
43
0.0000000001
44
0.0000000001
40
0
40
0
40
0
40
0
40
1
40
1
40
1
40
1
41
1
41
1
41
1
41
1
10
7.1087762947098749
20
28.43476219177246
30
0
10
7.0911094144201625
20
28.434758894379875
30
0
10
7.0911094144201625
20
28.434758894379875
30
0
10
7.0730856437699341
20
28.434755530357361
30
0
0
SPLINE
5
645
100
AcDbEntity
8
0
100
AcDbSpline
70
4
71
3
72
8
73
4
74
0
42
0.000000001
43
0.0000000001
44
0.0000000001
40
0
40
0
40
0
40
0
40
1
40
1
40
1
40
1
41
1
41
1
41
1
41
1
10
7.0730856437699341
20
28.434755530357361
30
0
10
7.0429663581864377
20
28.428125000000001
30
0
10
7.0429663581864377
20
28.428125000000001
30
0
10
7.0193304462449095
20
28.404155411720279
30
0
0
SPLINE
5
646
100
AcDbEntity
8
0
100
AcDbSpline
70
4
71
3
72
8
73
4
74
0
42
0.000000001
43
0.0000000001
44
0.0000000001
40
0
40
0
40
0
40
0
40
1
40
1
40
1
40
1
41
1
41
1
41
1
41
1
10
7.0193304462449095
20
28.404155411720279
30
0
10
6.995849765461319
20
28.361810839772225
30
0
10
6.9976046950833348
20
28.320683086315796
30
0
10
6.9980078620926882
20
28.273509114583334
30
0
0
SPLINE
5
647
100
AcDbEntity
8
0
100
AcDbSpline
70
4
71
3
72
8
73
4
74
0
42
0.000000001
43
0.0000000001
44
0.0000000001
40
0
40
0
40
0
40
0
40
1
40
1
40
1
40
1
41
1
41
1
41
1
41
1
10
6.9980078620926882
20
28.273509114583334
30
0
10
6.9979699122127235
20
28.263725892901419
30
0
10
6.997931911867493
20
28.253942671219509
30
0
10
6.9978928012864134
20
28.24386299133301
30
0
0
SPLINE
5
648
100
AcDbEntity
8
0
100
AcDbSpline
70
4
71
3
72
8
73
4
74
0
42
0.000000001
43
0.0000000001
44
0.0000000001
40
0
40
0
40
0
40
0
40
1
40
1
40
1
40
1
41
1
41
1
41
1
41
1
10
6.9978928012864134
20
28.24386299133301
30
0
10
6.9978658528344173
20
28.223225687642891
30
0
10
6.9979386742131258
20
28.202588055928551
30
0
10
6.9981047554032347
20
28.181951395670573
30
0
0
SPLINE
5
649
100
AcDbEntity
8
0
100
AcDbSpline
70
4
71
3
72
8
73
4
74
0
42
0.000000001
43
0.0000000001
44
0.0000000001
40
0
40
0
40
0
40
0
40
1
40
1
40
1
40
1
41
1
41
1
41
1
41
1
10
6.9981047554032347
20
28.181951395670573
30
0
10
6.9983172141727152
20
28.15041676123937
30
0
10
6.9981066226180735
20
28.118904558618866
30
0
10
6.9978528327958136
20
28.087370605468749
30
0
0
SPLINE
5
650
100
AcDbEntity
8
0
100
AcDbSpline
70
4
71
3
72
8
73
4
74
0
42
0.000000001
43
0.0000000001
44
0.0000000001
40
0
40
0
40
0
40
0
40
1
40
1
40
1
40
1
41
1
41
1
41
1
41
1
10
6.9978528327958136
20
28.087370605468749
30
0
10
6.9978790747340858
20
28.067285656730334
30
0
10
6.9979298932568579
20
28.047200707991919
30
0
10
6.9980078620926882
20
28.02711588541667
30
0
0
SPLINE
5
651
100
AcDbEntity
8
0
100
AcDbSpline
70
4
71
3
72
8
73
4
74
0
42
0.000000001
43
0.0000000001
44
0.0000000001
40
0
40
0
40
0
40
0
40
1
40
1
40
1
40
1
41
1
41
1
41
1
41
1
10
6.9980078620926882
20
28.02711588541667
30
0
10
6.9978873510376953
20
28.013016596635186
30
0
10
6.9978873510376953
20
28.013016596635186
30
0
10
6.9977644176499387
20
27.998632481892905
30
0
0
SPLINE
5
652
100
AcDbEntity
8
0
100
AcDbSpline
70
4
71
3
72
8
73
4
74
0
42
0.000000001
43
0.0000000001
44
0.0000000001
40
0
40
0
40
0
40
0
40
1
40
1
40
1
40
1
41
1
41
1
41
1
41
1
10
6.9977644176499387
20
27.998632481892905
30
0
10
6.998550414166484
20
27.943153239488602
30
0
10
7.0036753637806912
20
27.91217442949613
30
0
10
7.0429663581864377
20
27.872500000000002
30
0
0
SPLINE
5
653
100
AcDbEntity
8
0
100
AcDbSpline
70
4
71
3
72
8
73
4
74
0
42
0.000000001
43
0.0000000001
44
0.0000000001
40
0
40
0
40
0
40
0
40
1
40
1
40
1
40
1
41
1
41
1
41
1
41
1
10
7.0429663581864377
20
27.872500000000002
30
0
10
7.0736768948253337
20
27.865958490371703
30
0
10
7.0736768948253337
20
27.865958490371703
30
0
10
7.1102006263749136
20
27.866072743733724
30
0
0
SPLINE
5
654
100
AcDbEntity
8
0
100
AcDbSpline
70
4
71
3
72
8
73
4
74
0
42
0.000000001
43
0.0000000001
44
0.0000000001
40
0
40
0
40
0
40
0
40
1
40
1
40
1
40
1
41
1
41
1
41
1
41
1
10
7.1102006263749136
20
27.866072743733724
30
0
10
7.1238848383442903
20
27.865991343259815
30
0
10
7.1375690503136653
20
27.865909942785901
30
0
10
7.1516679353730233
20
27.865826069513957
30
0
0
SPLINE
5
655
100
AcDbEntity
8
0
100
AcDbSpline
70
4
71
3
72
8
73
4
74
0
42
0.000000001
43
0.0000000001
44
0.0000000001
40
0
40
0
40
0
40
0
40
1
40
1
40
1
40
1
41
1
41
1
41
1
41
1
10
7.1516679353730233
20
27.865826069513957
30
0
10
7.1664274107631387
20
27.866016172170642
30
0
10
7.1811869366185208
20
27.866206325292588
30
0
10
7.1963936856603965
20
27.866402180989589
30
0
0
SPLINE
5
656
100
AcDbEntity
8
0
100
AcDbSpline
70
4
71
3
72
8
73
4
74
0
42
0.000000001
43
0.0000000001
44
0.0000000001
40
0
40
0
40
0
40
0
40
1
40
1
40
1
40
1
41
1
41
1
41
1
41
1
10
7.1963936856603965
20
27.866402180989589
30
0
10
7.2115438126739209
20
27.866414292653403
30
0
10
7.2266939396874452
20
27.86642640431722
30
0
10
7.2423031492249512
20
27.866438919703171
30
0
0
SPLINE
5
657
100
AcDbEntity
8
0
100
AcDbSpline
70
4
71
3
72
8
73
4
74
0
42
0.000000001
43
0.0000000001
44
0.0000000001
40
0
40
0
40
0
40
0
40
1
40
1
40
1
40
1
41
1
41
1
41
1
41
1
10
7.2423031492249512
20
27.866438919703171
30
0
10
7.2743415531730991
20
27.866518907149636
30
0
10
7.3063798309580825
20
27.866727530558904
30
0
10
7.3384166704829878
20
27.867054595947266
30
0
0
SPLINE
5
658
100
AcDbEntity
8
0
100
AcDbSpline
70
4
71
3
72
8
73
4
74
0
42
0.000000001
43
0.0000000001
44
0.0000000001
40
0
40
0
40
0
40
0
40
1
40
1
40
1
40
1
41
1
41
1
41
1
41
1
10
7.3384166704829878
20
27.867054595947266
30
0
10
7.3876023138777756
20
27.867537599007292
30
0
10
7.4367748110707943
20
27.867597248951594
30
0
10
7.4859625740067504
20
27.867590738932293
30
0
0
SPLINE
5
659
100
AcDbEntity
8
0
100
AcDbSpline
70
4
71
3
72
8
73
4
74
0
42
0.000000001
43
0.0000000001
44
0.0000000001
40
0
40
0
40
0
40
0
40
1
40
1
40
1
40
1
41
1
41
1
41
1
41
1
10
7.4859625740067504
20
27.867590738932293
30
0
10
7.5170460615770365
20
27.86772078792254
30
0
10
7.5481294608331071
20
27.867875009775162
30
0
10
7.5792126960770636
20
27.868055826822918
30
0
0
SPLINE
5
660
100
AcDbEntity
8
0
100
AcDbSpline
70
4
71
3
72
8
73
4
74
0
42
0.000000001
43
0.0000000001
44
0.0000000001
40
0
40
0
40
0
40
0
40
1
40
1
40
1
40
1
41
1
41
1
41
1
41
1
10
7.5792126960770636
20
27.868055826822918
30
0
10
7.6013921110546931
20
27.868099983930588
30
0
10
7.6013921110546931
20
27.868099983930588
30
0
10
7.6240195945120206
20
27.868145049413044
30
0
0
SPLINE
5
661
100
AcDbEntity
8
0
100
AcDbSpline
70
4
71
3
72
8
73
4
74
0
42
0.000000001
43
0.0000000001
44
0.0000000001
40
0
40
0
40
0
40
0
40
1
40
1
40
1
40
1
41
1
41
1
41
1
41
1
10
7.6240195945120206
20
27.868145049413044
30
0
10
7.6376621064013586
20
27.868313855727514
30
0
10
7.6513046175021771
20
27.868482662041984
30
0
10
7.6653605384842898
20
27.868656565348306
30
0
0
SPLINE
5
662
100
AcDbEntity
8
0
100
AcDbSpline
70
4
71
3
72
8
73
4
74
0
42
0.000000001
43
0.0000000001
44
0.0000000001
40
0
40
0
40
0
40
0
40
1
40
1
40
1
40
1
41
1
41
1
41
1
41
1
10
7.6653605384842898
20
27.868656565348306
30
0
10
7.6834239969120768
20
27.868807860215504
30
0
10
7.6834239969120768
20
27.868807860215504
30
0
10
7.7018523759858155
20
27.868962182998658
30
0
0
SPLINE
5
663
100
AcDbEntity
8
0
100
AcDbSpline
70
4
71
3
72
8
73
4
74
0
42
0.000000001
43
0.0000000001
44
0.0000000001
40
0
40
0
40
0
40
0
40
1
40
1
40
1
40
1
41
1
41
1
41
1
41
1
10
7.7018523759858155
20
27.868962182998658
30
0
10
7.7308830248531049
20
27.872500000000002
30
0
10
7.7308830248531049
20
27.872500000000002
30
0
10
7.7573413581864381
20
27.898958333333333
30
0
0
SPLINE
5
664
100
AcDbEntity
8
0
100
AcDbSpline
70
4
71
3
72
8
73
4
74
0
42
0.000000001
43
0.0000000001
44
0.0000000001
40
0
40
0
40
0
40
0
40
1
40
1
40
1
40
1
41
1
41
1
41
1
41
1
10
7.7573413581864381
20
27.898958333333333
30
0
10
7.760147428832088
20
27.935492057005568
30
0
10
7.7613626324351968
20
27.970665438969931
30
0
10
7.7613204434728971
20
28.007220458984374
30
0
0
SPLINE
5
665
100
AcDbEntity
8
0
100
AcDbSpline
70
4
71
3
72
8
73
4
74
0
42
0.000000001
43
0.0000000001
44
0.0000000001
40
0
40
0
40
0
40
0
40
1
40
1
40
1
40
1
41
1
41
1
41
1
41
1
10
7.7613204434728971
20
28.007220458984374
30
0
10
7.7613771285828292
20
28.017953386505447
30
0
10
7.7614338263090801
20
28.028686339259149
30
0
10
7.7614922272380538
20
28.039744515419009
30
0
0
SPLINE
5
666
100
AcDbEntity
8
0
100
AcDbSpline
70
4
71
3
72
8
73
4
74
0
42
0.000000001
43
0.0000000001
44
0.0000000001
40
0
40
0
40
0
40
0
40
1
40
1
40
1
40
1
41
1
41
1
41
1
41
1
10
7.7614922272380538
20
28.039744515419009
30
0
10
7.7615682657774627
20
28.062463650107382
30
0
10
7.7615747884130819
20
28.08518311281999
30
0
10
7.7615174598710084
20
28.107902297973631
30
0
0
SPLINE
5
667
100
AcDbEntity
8
0
100
AcDbSpline
70
4
71
3
72
8
73
4
74
0
42
0.000000001
43
0.0000000001
44
0.0000000001
40
0
40
0
40
0
40
0
40
1
40
1
40
1
40
1
41
1
41
1
41
1
41
1
10
7.7615174598710084
20
28.107902297973631
30
0
10
7.7614756872471515
20
28.142689343094823
30
0
10
7.7617857963061674
20
28.177461500962579
30
0
10
7.7621214281734172
20
28.212246704101563
30
0
0
SPLINE
5
668
100
AcDbEntity
8
0
100
AcDbSpline
70
4
71
3
72
8
73
4
74
0
42
0.000000001
43
0.0000000001
44
0.0000000001
40
0
40
0
40
0
40
0
40
1
40
1
40
1
40
1
41
1
41
1
41
1
41
1
10
7.7621214281734172
20
28.212246704101563
30
0
10
7.7621515054718992
20
28.234303911129636
30
0
10
7.7621608036971432
20
28.256361156006655
30
0
10
7.7621472663895634
20
28.278418375651043
30
0
0
SPLINE
5
669
100
AcDbEntity
8
0
100
AcDbSpline
70
4
71
3
72
8
73
4
74
0
42
0.000000001
43
0.0000000001
44
0.0000000001
40
0
40
0
40
0
40
0
40
1
40
1
40
1
40
1
41
1
41
1
41
1
41
1
10
7.7621472663895634
20
28.278418375651043
30
0
10
7.7622691021577861
20
28.288837295671307
30
0
10
7.7623909379260088
20
28.299256215691567
30
0
10
7.7625164702749592
20
28.309990859031679
30
0
0
SPLINE
5
670
100
AcDbEntity
8
0
100
AcDbSpline
70
4
71
3
72
8
73
4
74
0
42
0.000000001
43
0.0000000001
44
0.0000000001
40
0
40
0
40
0
40
0
40
1
40
1
40
1
40
1
41
1
41
1
41
1
41
1
10
7.7625164702749592
20
28.309990859031679
30
0
10
7.7619053485211076
20
28.38201392138998
30
0
10
7.7619053485211076
20
28.38201392138998
30
0
10
7.7413028910971029
20
28.411010815302532
30
0
0
SPLINE
5
671
100
AcDbEntity
8
0
100
AcDbSpline
70
4
71
3
72
8
73
4
74
0
42
0.000000001
43
0.0000000001
44
0.0000000001
40
0
40
0
40
0
40
0
40
1
40
1
40
1
40
1
41
1
41
1
41
1
41
1
10
7.7413028910971029
20
28.411010815302532
30
0
10
7.7100255916730909
20
28.433645375601678
30
0
10
7.6902891560610476
20
28.433236967153501
30
0
10
7.6518439216630005
20
28.433470280965171
30
0
0
SPLINE
5
672
100
AcDbEntity
8
0
100
AcDbSpline
70
4
71
3
72
8
73
4
74
0
42
0.000000001
43
0.0000000001
44
0.0000000001
40
0
40
0
40
0
40
0
40
1
40
1
40
1
40
1
41
1
41
1
41
1
41
1
10
1.667672488214208
20
29.360708176294963
30
0
10
1.655619656645142
20
29.360670472639541
30
0
10
1.6435668250760771
20
29.360632769119643
30
0
10
1.6311487566646277
20
29.36059392299455
30
0
0
SPLINE
5
673
100
AcDbEntity
8
0
100
AcDbSpline
70
4
71
3
72
8
73
4
74
0
42
0.000000001
43
0.0000000001
44
0.0000000001
40
0
40
0
40
0
40
0
40
1
40
1
40
1
40
1
41
1
41
1
41
1
41
1
10
1.6311487566646277
20
29.36059392299455
30
0
10
1.6106224387105639
20
29.360716026614622
30
0
10
1.6106224387105639
20
29.360716026614622
30
0
10
1.5896814476665189
20
29.360840597214313
30
0
0
SPLINE
5
674
100
AcDbEntity
8
0
100
AcDbSpline
70
4
71
3
72
8
73
4
74
0
42
0.000000001
43
0.0000000001
44
0.0000000001
40
0
40
0
40
0
40
0
40
1
40
1
40
1
40
1
41
1
41
1
41
1
41
1
10
1.5896814476665189
20
29.360840597214313
30
0
10
1.5749219470437703
20
29.360650480327312
30
0
10
1.5601624464210206
20
29.360460363575843
30
0
10
1.5449556973791456
20
29.360264485677085
30
0
0
SPLINE
5
675
100
AcDbEntity
8
0
100
AcDbSpline
70
4
71
3
72
8
73
4
74
0
42
0.000000001
43
0.0000000001
44
0.0000000001
40
0
40
0
40
0
40
0
40
1
40
1
40
1
40
1
41
1
41
1
41
1
41
1
10
1.5449556973791456
20
29.360264485677085
30
0
10
1.529805570365621
20
29.360252361939057
30
0
10
1.5146554559684133
20
29.36024023820103
30
0
10
1.4990462338145905
20
29.360227746914219
30
0
0
SPLINE
5
676
100
AcDbEntity
8
0
100
AcDbSpline
70
4
71
3
72
8
73
4
74
0
42
0.000000001
43
0.0000000001
44
0.0000000001
40
0
40
0
40
0
40
0
40
1
40
1
40
1
40
1
41
1
41
1
41
1
41
1
10
1.4990462338145905
20
29.360227746914219
30
0
10
1.4670078298664424
20
29.360147779525725
30
0
10
1.4349695520814587
20
29.359939128863239
30
0
10
1.4029327125565538
20
29.359612070817967
30
0
0
SPLINE
5
677
100
AcDbEntity
8
0
100
AcDbSpline
70
4
71
3
72
8
73
4
74
0
42
0.000000001
43
0.0000000001
44
0.0000000001
40
0
40
0
40
0
40
0
40
1
40
1
40
1
40
1
41
1
41
1
41
1
41
1
10
1.4029327125565538
20
29.359612070817967
30
0
10
1.3537470691617659
20
29.35912906923642
30
0
10
1.3045745719687474
20
29.359069417517944
30
0
10
1.2553868090327913
20
29.359075927734377
30
0
0
SPLINE
5
678
100
AcDbEntity
8
0
100
AcDbSpline
70
4
71
3
72
8
73
4
74
0
42
0.000000001
43
0.0000000001
44
0.0000000001
40
0
40
0
40
0
40
0
40
1
40
1
40
1
40
1
41
1
41
1
41
1
41
1
10
1.2553868090327913
20
29.359075927734377
30
0
10
1.2243033340788223
20
29.358945878546997
30
0
10
1.1932199095901186
20
29.358791670099215
30
0
10
1.1621366869624783
20
29.358610839843749
30
0
0
SPLINE
5
679
100
AcDbEntity
8
0
100
AcDbSpline
70
4
71
3
72
8
73
4
74
0
42
0.000000001
43
0.0000000001
44
0.0000000001
40
0
40
0
40
0
40
0
40
1
40
1
40
1
40
1
41
1
41
1
41
1
41
1
10
1.1621366869624783
20
29.358610839843749
30
0
10
1.1399572530603741
20
29.358566674653751
30
0
10
1.1399572530603741
20
29.358566674653751
30
0
10
1.1173297885275213
20
29.358521617253622
30
0
0
SPLINE
5
680
100
AcDbEntity
8
0
100
AcDbSpline
70
4
71
3
72
8
73
4
74
0
42
0.000000001
43
0.0000000001
44
0.0000000001
40
0
40
0
40
0
40
0
40
1
40
1
40
1
40
1
41
1
41
1
41
1
41
1
10
1.1173297885275213
20
29.358521617253622
30
0
10
1.1036872608677872
20
29.358352817050182
30
0
10
1.0900447836733196
20
29.358184016846742
30
0
10
1.0759888445552523
20
29.35801010131836
30
0
0
SPLINE
5
681
100
AcDbEntity
8
0
100
AcDbSpline
70
4
71
3
72
8
73
4
74
0
42
0.000000001
43
0.0000000001
44
0.0000000001
40
0
40
0
40
0
40
0
40
1
40
1
40
1
40
1
41
1
41
1
41
1
41
1
10
1.0759888445552523
20
29.35801010131836
30
0
10
1.0579254082060185
20
29.357858820644516
30
0
10
1.0579254082060185
20
29.357858820644516
30
0
10
1.0394970070537257
20
29.357704483668012
30
0
0
SPLINE
5
682
100
AcDbEntity
8
0
100
AcDbSpline
70
4
71
3
72
8
73
4
74
0
42
0.000000001
43
0.0000000001
44
0.0000000001
40
0
40
0
40
0
40
0
40
1
40
1
40
1
40
1
41
1
41
1
41
1
41
1
10
1.0394970070537257
20
29.357704483668012
30
0
10
1.010466358186437
20
29.354166666666668
30
0
10
1.010466358186437
20
29.354166666666668
30
0
10
0.98400802485310357
20
29.327708333333334
30
0
0
SPLINE
5
683
100
AcDbEntity
8
0
100
AcDbSpline
70
4
71
3
72
8
73
4
74
0
42
0.000000001
43
0.0000000001
44
0.0000000001
40
0
40
0
40
0
40
0
40
1
40
1
40
1
40
1
41
1
41
1
41
1
41
1
10
0.98400802485310357
20
29.327708333333334
30
0
10
0.98120195420745349
20
29.291174615969261
30
0
10
0.9799867506043447
20
29.256001215080421
30
0
10
0.98002893956664505
20
29.219446207682292
30
0
0
SPLINE
5
684
100
AcDbEntity
8
0
100
AcDbSpline
70
4
71
3
72
8
73
4
74
0
42
0.000000001
43
0.0000000001
44
0.0000000001
40
0
40
0
40
0
40
0
40
1
40
1
40
1
40
1
41
1
41
1
41
1
41
1
10
0.98002893956664505
20
29.219446207682292
30
0
10
0.9799722670730282
20
29.208713267544905
30
0
10
0.97991554411414605
20
29.197980327407521
30
0
10
0.97985715580148791
20
29.186922151247661
30
0
0
SPLINE
5
685
100
AcDbEntity
8
0
100
AcDbSpline
70
4
71
3
72
8
73
4
74
0
42
0.000000001
43
0.0000000001
44
0.0000000001
40
0
40
0
40
0
40
0
40
1
40
1
40
1
40
1
41
1
41
1
41
1
41
1
10
0.97985715580148791
20
29.186922151247661
30
0
10
0.97978110464576162
20
29.164203016559284
30
0
10
0.97977459462646022
20
29.14148355384668
30
0
10
0.97983192316853374
20
29.118764368693036
30
0
0
SPLINE
5
686
100
AcDbEntity
8
0
100
AcDbSpline
70
4
71
3
72
8
73
4
74
0
42
0.000000001
43
0.0000000001
44
0.0000000001
40
0
40
0
40
0
40
0
40
1
40
1
40
1
40
1
41
1
41
1
41
1
41
1
10
0.97983192316853374
20
29.118764368693036
30
0
10
0.97987370840870613
20
29.08397732357184
30
0
10
0.97956359934969095
20
29.049205165704095
30
0
10
0.97922795486612424
20
29.014419962565103
30
0
0
SPLINE
5
687
100
AcDbEntity
8
0
100
AcDbSpline
70
4
71
3
72
8
73
4
74
0
42
0.000000001
43
0.0000000001
44
0.0000000001
40
0
40
0
40
0
40
0
40
1
40
1
40
1
40
1
41
1
41
1
41
1
41
1
10
0.97922795486612424
20
29.014419962565103
30
0
10
0.97919787756764243
20
28.992362755537037
30
0
10
0.9791885919587151
20
28.97030552327633
30
0
10
0.97920211664997869
20
28.948248291015627
30
0
0
SPLINE
5
688
100
AcDbEntity
8
0
100
AcDbSpline
70
4
71
3
72
8
73
4
74
0
42
0.000000001
43
0.0000000001
44
0.0000000001
40
0
40
0
40
0
40
0
40
1
40
1
40
1
40
1
41
1
41
1
41
1
41
1
10
0.97920211664997869
20
28.948248291015627
30
0
10
0.97908029349807246
20
28.937829383611682
30
0
10
0.97895841988089982
20
28.927410476207736
30
0
10
0.97883291276458229
20
28.916675807634991
30
0
0
SPLINE
5
689
100
AcDbEntity
8
0
100
AcDbSpline
70
4
71
3
72
8
73
4
74
0
42
0.000000001
43
0.0000000001
44
0.0000000001
40
0
40
0
40
0
40
0
40
1
40
1
40
1
40
1
41
1
41
1
41
1
41
1
10
0.97883291276458229
20
28.916675807634991
30
0
10
0.97944404713474986
20
28.844652738968534
30
0
10
0.97944404713474986
20
28.844652738968534
30
0
10
1.000046491942439
20
28.815655851364138
30
0
0
SPLINE
5
690
100
AcDbEntity
8
0
100
AcDbSpline
70
4
71
3
72
8
73
4
74
0
42
0.000000001
43
0.0000000001
44
0.0000000001
40
0
40
0
40
0
40
0
40
1
40
1
40
1
40
1
41
1
41
1
41
1
41
1
10
1.000046491942439
20
28.815655851364138
30
0
10
1.0313238039827677
20
28.793021271228795
30
0
10
1.0510602143621772
20
28.793429686625799
30
0
10
1.0895054613765409
20
28.793196385701499
30
0
0
SPLINE
5
691
100
AcDbEntity
8
0
100
AcDbSpline
70
4
71
3
72
8
73
4
74
0
42
0.000000001
43
0.0000000001
44
0.0000000001
40
0
40
0
40
0
40
0
40
1
40
1
40
1
40
1
41
1
41
1
41
1
41
1
10
1.0895054613765409
20
28.793196385701499
30
0
10
1.1095704511022897
20
28.79294466495514
30
0
10
1.1095704511022897
20
28.79294466495514
30
0
10
1.1300407778438259
20
28.792687897682189
30
0
0
SPLINE
5
692
100
AcDbEntity
8
0
100
AcDbSpline
70
4
71
3
72
8
73
4
74
0
42
0.000000001
43
0.0000000001
44
0.0000000001
40
0
40
0
40
0
40
0
40
1
40
1
40
1
40
1
41
1
41
1
41
1
41
1
10
1.1300407778438259
20
28.792687897682189
30
0
10
1.1444694029506375
20
28.79272675593694
30
0
10
1.158898028057449
20
28.792765563726427
30
0
10
1.173763884228104
20
28.792805582682295
30
0
0
SPLINE
5
693
100
AcDbEntity
8
0
100
AcDbSpline
70
4
71
3
72
8
73
4
74
0
42
0.000000001
43
0.0000000001
44
0.0000000001
40
0
40
0
40
0
40
0
40
1
40
1
40
1
40
1
41
1
41
1
41
1
41
1
10
1.173763884228104
20
28.792805582682295
30
0
10
1.1885890149291689
20
28.792736243406935
30
0
10
1.2034140951649674
20
28.792666904131572
30
0
10
1.2186884676631626
20
28.792595445315044
30
0
0
SPLINE
5
694
100
AcDbEntity
8
0
100
AcDbSpline
70
4
71
3
72
8
73
4
74
0
42
0.000000001
43
0.0000000001
44
0.0000000001
40
0
40
0
40
0
40
0
40
1
40
1
40
1
40
1
41
1
41
1
41
1
41
1
10
1.2186884676631626
20
28.792595445315044
30
0
10
1.2500478866911269
20
28.792510411341986
30
0
10
1.281407709441218
20
28.792528326511384
30
0
10
1.3127670275386505
20
28.792640864054363
30
0
0
SPLINE
5
695
100
AcDbEntity
8
0
100
AcDbSpline
70
4
71
3
72
8
73
4
74
0
42
0.000000001
43
0.0000000001
44
0.0000000001
40
0
40
0
40
0
40
0
40
1
40
1
40
1
40
1
41
1
41
1
41
1
41
1
10
1.3127670275386505
20
28.792640864054363
30
0
10
1.3608530832545296
20
28.792753452062605
30
0
10
1.4089183977461195
20
28.792372994422912
30
0
10
1.4570024096187284
20
28.79195292154948
30
0
0
SPLINE
5
696
100
AcDbEntity
8
0
100
AcDbSpline
70
4
71
3
72
8
73
4
74
0
42
0.000000001
43
0.0000000001
44
0.0000000001
40
0
40
0
40
0
40
0
40
1
40
1
40
1
40
1
41
1
41
1
41
1
41
1
10
1.4570024096187284
20
28.79195292154948
30
0
10
1.4874398282385204
20
28.791931574742001
30
0
10
1.517877272090945
20
28.791939245462423
30
0
10
1.5483146654781033
20
28.791978759765627
30
0
0
SPLINE
5
697
100
AcDbEntity
8
0
100
AcDbSpline
70
4
71
3
72
8
73
4
74
0
42
0.000000001
43
0.0000000001
44
0.0000000001
40
0
40
0
40
0
40
0
40
1
40
1
40
1
40
1
41
1
41
1
41
1
41
1
10
1.5483146654781033
20
28.791978759765627
30
0
10
1.5699576031383211
20
28.791755854686102
30
0
10
1.5699576031383211
20
28.791755854686102
30
0
10
1.5920377718623813
20
28.791528407732649
30
0
0
SPLINE
5
698
100
AcDbEntity
8
0
100
AcDbSpline
70
4
71
3
72
8
73
4
74
0
42
0.000000001
43
0.0000000001
44
0.0000000001
40
0
40
0
40
0
40
0
40
1
40
1
40
1
40
1
41
1
41
1
41
1
41
1
10
1.5920377718623813
20
28.791528407732649
30
0
10
1.6054144232686696
20
28.791652501821517
30
0
10
1.6187910809831152
20
28.791776595910392
30
0
10
1.6325730883296663
20
28.791904474894206
30
0
0
SPLINE
5
699
100
AcDbEntity
8
0
100
AcDbSpline
70
4
71
3
72
8
73
4
74
0
42
0.000000001
43
0.0000000001
44
0.0000000001
40
0
40
0
40
0
40
0
40
1
40
1
40
1
40
1
41
1
41
1
41
1
41
1
10
1.6325730883296663
20
28.791904474894206
30
0
10
1.6502399607341822
20
28.791907755136492
30
0
10
1.6502399607341822
20
28.791907755136492
30
0
10
1.6682637392203248
20
28.791911136309309
30
0
0
SPLINE
5
700
100
AcDbEntity
8
0
100
AcDbSpline
70
4
71
3
72
8
73
4
74
0
42
0.000000001
43
0.0000000001
44
0.0000000001
40
0
40
0
40
0
40
0
40
1
40
1
40
1
40
1
41
1
41
1
41
1
41
1
10
1.6682637392203248
20
28.791911136309309
30
0
10
1.698383024853104
20
28.798541666666665
30
0
10
1.698383024853104
20
28.798541666666665
30
0
10
1.7220189367946315
20
28.822511254946392
30
0
0
SPLINE
5
701
100
AcDbEntity
8
0
100
AcDbSpline
70
4
71
3
72
8
73
4
74
0
42
0.000000001
43
0.0000000001
44
0.0000000001
40
0
40
0
40
0
40
0
40
1
40
1
40
1
40
1
41
1
41
1
41
1
41
1
10
1.7220189367946315
20
28.822511254946392
30
0
10
1.7454996365026965
20
28.864855801661811
30
0
10
1.7437447131888406
20
28.905983580350878
30
0
10
1.7433415209468539
20
28.953157552083333
30
0
0
SPLINE
5
702
100
AcDbEntity
8
0
100
AcDbSpline
70
4
71
3
72
8
73
4
74
0
42
0.000000001
43
0.0000000001
44
0.0000000001
40
0
40
0
40
0
40
0
40
1
40
1
40
1
40
1
41
1
41
1
41
1
41
1
10
1.7433415209468539
20
28.953157552083333
30
0
10
1.7433794897512922
20
28.962940773765247
30
0
10
1.7434174585557316
20
28.972723995447161
30
0
10
1.7434565817531278
20
28.982803675333663
30
0
0
SPLINE
5
703
100
AcDbEntity
8
0
100
AcDbSpline
70
4
71
3
72
8
73
4
74
0
42
0.000000001
43
0.0000000001
44
0.0000000001
40
0
40
0
40
0
40
0
40
1
40
1
40
1
40
1
41
1
41
1
41
1
41
1
10
1.7434565817531278
20
28.982803675333663
30
0
10
1.7434835302051244
20
29.00344096640746
30
0
10
1.7434107088264161
20
29.024078610738119
30
0
10
1.7432446276363067
20
29.044715270996093
30
0
0
SPLINE
5
704
100
AcDbEntity
8
0
100
AcDbSpline
70
4
71
3
72
8
73
4
74
0
42
0.000000001
43
0.0000000001
44
0.0000000001
40
0
40
0
40
0
40
0
40
1
40
1
40
1
40
1
41
1
41
1
41
1
41
1
10
1.7432446276363067
20
29.044715270996093
30
0
10
1.7430321625586687
20
29.076249905427296
30
0
10
1.7432427667296269
20
29.107762108047805
30
0
10
1.7434965502437283
20
29.139296061197918
30
0
0
SPLINE
5
705
100
AcDbEntity
8
0
100
AcDbSpline
70
4
71
3
72
8
73
4
74
0
42
0.000000001
43
0.0000000001
44
0.0000000001
40
0
40
0
40
0
40
0
40
1
40
1
40
1
40
1
41
1
41
1
41
1
41
1
10
1.7434965502437283
20
29.139296061197918
30
0
10
1.7434703209217717
20
29.159381022552651
30
0
10
1.7434194708582096
20
29.179465958674751
30
0
10
1.7433415209468539
20
29.19955078125
30
0
0
SPLINE
5
706
100
AcDbEntity
8
0
100
AcDbSpline
70
4
71
3
72
8
73
4
74
0
42
0.000000001
43
0.0000000001
44
0.0000000001
40
0
40
0
40
0
40
0
40
1
40
1
40
1
40
1
41
1
41
1
41
1
41
1
10
1.7433415209468539
20
29.19955078125
30
0
10
1.7434218553420244
20
29.208950302898884
30
0
10
1.7435021960453523
20
29.218349824547765
30
0
10
1.7435849653896029
20
29.228034184773762
30
0
0
SPLINE
5
707
100
AcDbEntity
8
0
100
AcDbSpline
70
4
71
3
72
8
73
4
74
0
42
0.000000001
43
0.0000000001
44
0.0000000001
40
0
40
0
40
0
40
0
40
1
40
1
40
1
40
1
41
1
41
1
41
1
41
1
10
1.7435849653896029
20
29.228034184773762
30
0
10
1.742695016733441
20
29.290851732889813
30
0
10
1.7366650671975148
20
29.346012384916346
30
0
10
1.667672488214208
20
29.360708176294963
30
0
0
SPLINE
5
708
100
AcDbEntity
8
0
100
AcDbSpline
70
4
71
3
72
8
73
4
74
0
42
0.000000001
43
0.0000000001
44
0.0000000001
40
0
40
0
40
0
40
0
40
1
40
1
40
1
40
1
41
1
41
1
41
1
41
1
10
7.6653605384842898
20
29.35801010131836
30
0
10
7.6448967706502824
20
29.358263301746724
30
0
10
7.6448967706502824
20
29.358263301746724
30
0
10
7.6240195945120206
20
29.358521617253622
30
0
0
SPLINE
5
709
100
AcDbEntity
8
0
100
AcDbSpline
70
4
71
3
72
8
73
4
74
0
42
0.000000001
43
0.0000000001
44
0.0000000001
40
0
40
0
40
0
40
0
40
1
40
1
40
1
40
1
41
1
41
1
41
1
41
1
10
7.6240195945120206
20
29.358521617253622
30
0
10
7.6092333157575478
20
29.358551060730047
30
0
10
7.5944470433112334
20
29.358580504206479
30
0
10
7.5792126960770636
20
29.358610839893036
30
0
0
SPLINE
5
710
100
AcDbEntity
8
0
100
AcDbSpline
70
4
71
3
72
8
73
4
74
0
42
0.000000001
43
0.0000000001
44
0.0000000001
40
0
40
0
40
0
40
0
40
1
40
1
40
1
40
1
41
1
41
1
41
1
41
1
10
7.5792126960770636
20
29.358610839893036
30
0
10
7.5565064931130754
20
29.358742935782068
30
0
10
7.5565064931130754
20
29.358742935782068
30
0
10
7.5333415861145987
20
29.358877700268447
30
0
0
SPLINE
5
711
100
AcDbEntity
8
0
100
AcDbSpline
70
4
71
3
72
8
73
4
74
0
42
0.000000001
43
0.0000000001
44
0.0000000001
40
0
40
0
40
0
40
0
40
1
40
1
40
1
40
1
41
1
41
1
41
1
41
1
10
7.5333415861145987
20
29.358877700268447
30
0
10
7.5012804097152097
20
29.359011839902184
30
0
10
7.4692188674426419
20
29.359073711599535
30
0
10
7.4371574134842895
20
29.359069468081774
30
0
0
SPLINE
5
712
100
AcDbEntity
8
0
100
AcDbSpline
70
4
71
3
72
8
73
4
74
0
42
0.000000001
43
0.0000000001
44
0.0000000001
40
0
40
0
40
0
40
0
40
1
40
1
40
1
40
1
41
1
41
1
41
1
41
1
10
7.4371574134842895
20
29.359069468081774
30
0
10
7.3879972802814189
20
29.359127315075604
30
0
10
7.3388528417762462
20
29.359607617948207
30
0
10
7.2896954841630004
20
29.360109456380208
30
0
0
SPLINE
5
713
100
AcDbEntity
8
0
100
AcDbSpline
70
4
71
3
72
8
73
4
74
0
42
0.000000001
43
0.0000000001
44
0.0000000001
40
0
40
0
40
0
40
0
40
1
40
1
40
1
40
1
41
1
41
1
41
1
41
1
10
7.2896954841630004
20
29.360109456380208
30
0
10
7.2585949267165208
20
29.360187082998458
30
0
10
7.2274943188047747
20
29.360239597627277
30
0
10
7.1963936856603965
20
29.360264485677085
30
0
0
SPLINE
5
714
100
AcDbEntity
8
0
100
AcDbSpline
70
4
71
3
72
8
73
4
74
0
42
0.000000001
43
0.0000000001
44
0.0000000001
40
0
40
0
40
0
40
0
40
1
40
1
40
1
40
1
41
1
41
1
41
1
41
1
10
7.1963936856603965
20
29.360264485677085
30
0
10
7.1742544221099553
20
29.360549660952138
30
0
10
7.1742544221099553
20
29.360549660952138
30
0
10
7.1516679353730233
20
29.360840597152709
30
0
0
SPLINE
5
715
100
AcDbEntity
8
0
100
AcDbSpline
70
4
71
3
72
8
73
4
74
0
42
0.000000001
43
0.0000000001
44
0.0000000001
40
0
40
0
40
0
40
0
40
1
40
1
40
1
40
1
41
1
41
1
41
1
41
1
10
7.1516679353730233
20
29.360840597152709
30
0
10
7.1379837234036465
20
29.360759194707498
30
0
10
7.1242995114342715
20
29.360677792065157
30
0
10
7.1102006263749136
20
29.360593922932946
30
0
0
SPLINE
5
716
100
AcDbEntity
8
0
100
AcDbSpline
70
4
71
3
72
8
73
4
74
0
42
0.000000001
43
0.0000000001
44
0.0000000001
40
0
40
0
40
0
40
0
40
1
40
1
40
1
40
1
41
1
41
1
41
1
41
1
10
7.1102006263749136
20
29.360593922932946
30
0
10
7.0981478050566063
20
29.360631626597606
30
0
10
7.086094983738298
20
29.360669330065143
30
0
10
7.0736768948253337
20
29.360708176294963
30
0
0
SPLINE
5
717
100
AcDbEntity
8
0
100
AcDbSpline
70
4
71
3
72
8
73
4
74
0
42
0.000000001
43
0.0000000001
44
0.0000000001
40
0
40
0
40
0
40
0
40
1
40
1
40
1
40
1
41
1
41
1
41
1
41
1
10
7.0736768948253337
20
29.360708176294963
30
0
10
7.0429663581864377
20
29.354166666666668
30
0
10
7.0429663581864377
20
29.354166666666668
30
0
10
7.0192414255158457
20
29.330210199356081
30
0
0
SPLINE
5
718
100
AcDbEntity
8
0
100
AcDbSpline
70
4
71
3
72
8
73
4
74
0
42
0.000000001
43
0.0000000001
44
0.0000000001
40
0
40
0
40
0
40
0
40
1
40
1
40
1
40
1
41
1
41
1
41
1
41
1
10
7.0192414255158457
20
29.330210199356081
30
0
10
6.9958878162718161
20
29.287840741723777
30
0
10
6.9976048969443987
20
29.24669706016779
30
0
10
6.9980078620926882
20
29.19955078125
30
0
0
SPLINE
5
719
100
AcDbEntity
8
0
100
AcDbSpline
70
4
71
3
72
8
73
4
74
0
42
0.000000001
43
0.0000000001
44
0.0000000001
40
0
40
0
40
0
40
0
40
1
40
1
40
1
40
1
41
1
41
1
41
1
41
1
10
6.9980078620926882
20
29.19955078125
30
0
10
6.9979699122127235
20
29.189767559568089
30
0
10
6.997931911867493
20
29.179984337886175
30
0
10
6.9978928012864134
20
29.169904657999677
30
0
0
SPLINE
5
720
100
AcDbEntity
8
0
100
AcDbSpline
70
4
71
3
72
8
73
4
74
0
42
0.000000001
43
0.0000000001
44
0.0000000001
40
0
40
0
40
0
40
0
40
1
40
1
40
1
40
1
41
1
41
1
41
1
41
1
10
6.9978928012864134
20
29.169904657999677
30
0
10
6.9978658528344173
20
29.149267354309561
30
0
10
6.9979386742131258
20
29.128629722595214
30
0
10
6.9981047554032347
20
29.10799306233724
30
0
0
SPLINE
5
721
100
AcDbEntity
8
0
100
AcDbSpline
70
4
71
3
72
8
73
4
74
0
42
0.000000001
43
0.0000000001
44
0.0000000001
40
0
40
0
40
0
40
0
40
1
40
1
40
1
40
1
41
1
41
1
41
1
41
1
10
6.9981047554032347
20
29.10799306233724
30
0
10
6.9983172141727152
20
29.07645842790604
30
0
10
6.9981066226180735
20
29.044946225285532
30
0
10
6.9978528327958136
20
29.013412272135419
30
0
0
SPLINE
5
722
100
AcDbEntity
8
0
100
AcDbSpline
70
4
71
3
72
8
73
4
74
0
42
0.000000001
43
0.0000000001
44
0.0000000001
40
0
40
0
40
0
40
0
40
1
40
1
40
1
40
1
41
1
41
1
41
1
41
1
10
6.9978528327958136
20
29.013412272135419
30
0
10
6.9978790747340858
20
28.993327323397004
30
0
10
6.9979298932568579
20
28.973242374658589
30
0
10
6.9980078620926882
20
28.953157552083333
30
0
0
SPLINE
5
723
100
AcDbEntity
8
0
100
AcDbSpline
70
4
71
3
72
8
73
4
74
0
42
0.000000001
43
0.0000000001
44
0.0000000001
40
0
40
0
40
0
40
0
40
1
40
1
40
1
40
1
41
1
41
1
41
1
41
1
10
6.9980078620926882
20
28.953157552083333
30
0
10
6.9978873510376953
20
28.939058263301849
30
0
10
6.9978873510376953
20
28.939058263301849
30
0
10
6.9977644176499387
20
28.924674148559571
30
0
0
SPLINE
5
724
100
AcDbEntity
8
0
100
AcDbSpline
70
4
71
3
72
8
73
4
74
0
42
0.000000001
43
0.0000000001
44
0.0000000001
40
0
40
0
40
0
40
0
40
1
40
1
40
1
40
1
41
1
41
1
41
1
41
1
10
6.9977644176499387
20
28.924674148559571
30
0
10
6.9985506664928145
20
28.869176385402682
30
0
10
7.0037641826486929
20
28.838297294775646
30
0
10
7.0429663581864377
20
28.798541666666665
30
0
0
SPLINE
5
725
100
AcDbEntity
8
0
100
AcDbSpline
70
4
71
3
72
8
73
4
74
0
42
0.000000001
43
0.0000000001
44
0.0000000001
40
0
40
0
40
0
40
0
40
1
40
1
40
1
40
1
41
1
41
1
41
1
41
1
10
7.0429663581864377
20
28.798541666666665
30
0
10
7.0730856437699341
20
28.791911136309309
30
0
10
7.0730856437699341
20
28.791911136309309
30
0
10
7.1087762947098749
20
28.791904474894206
30
0
0
SPLINE
5
726
100
AcDbEntity
8
0
100
AcDbSpline
70
4
71
3
72
8
73
4
74
0
42
0.000000001
43
0.0000000001
44
0.0000000001
40
0
40
0
40
0
40
0
40
1
40
1
40
1
40
1
41
1
41
1
41
1
41
1
10
7.1087762947098749
20
28.791904474894206
30
0
10
7.1221529713487968
20
28.791780380805335
30
0
10
7.135529597522452
20
28.791656286716464
30
0
10
7.1493116111771604
20
28.791528407732649
30
0
0
SPLINE
5
727
100
AcDbEntity
8
0
100
AcDbSpline
70
4
71
3
72
8
73
4
74
0
42
0.000000001
43
0.0000000001
44
0.0000000001
40
0
40
0
40
0
40
0
40
1
40
1
40
1
40
1
41
1
41
1
41
1
41
1
10
7.1493116111771604
20
28.791528407732649
30
0
10
7.1637402362839717
20
28.79167702794075
30
0
10
7.1781688613907839
20
28.791825648148858
30
0
10
7.1930347175614386
20
28.791978759765627
30
0
0
SPLINE
5
728
100
AcDbEntity
8
0
100
AcDbSpline
70
4
71
3
72
8
73
4
74
0
42
0.000000001
43
0.0000000001
44
0.0000000001
40
0
40
0
40
0
40
0
40
1
40
1
40
1
40
1
41
1
41
1
41
1
41
1
10
7.1930347175614386
20
28.791978759765627
30
0
10
7.2078598482625029
20
28.791959532499316
30
0
10
7.2226849284983015
20
28.791940254767738
30
0
10
7.2379593009964971
20
28.791920421918235
30
0
0
SPLINE
5
729
100
AcDbEntity
8
0
100
AcDbSpline
70
4
71
3
72
8
73
4
74
0
42
0.000000001
43
0.0000000001
44
0.0000000001
40
0
40
0
40
0
40
0
40
1
40
1
40
1
40
1
41
1
41
1
41
1
41
1
10
7.2379593009964971
20
28.791920421918235
30
0
10
7.269319174211855
20
28.791942374308906
30
0
10
7.3006791735903764
20
28.792095586856206
30
0
10
7.3320378608719849
20
28.792369562784831
30
0
0
SPLINE
5
730
100
AcDbEntity
8
0
100
AcDbSpline
70
4
71
3
72
8
73
4
74
0
42
0.000000001
43
0.0000000001
44
0.0000000001
40
0
40
0
40
0
40
0
40
1
40
1
40
1
40
1
41
1
41
1
41
1
41
1
10
7.3320378608719849
20
28.792369562784831
30
0
10
7.3801224783277855
20
28.792752392292023
30
0
10
7.428187767586742
20
28.792642277081807
30
0
10
7.4762732429520629
20
28.792469685872398
30
0
0
SPLINE
5
731
100
AcDbEntity
8
0
100
AcDbSpline
70
4
71
3
72
8
73
4
74
0
42
0.000000001
43
0.0000000001
44
0.0000000001
40
0
40
0
40
0
40
0
40
1
40
1
40
1
40
1
41
1
41
1
41
1
41
1
10
7.4762732429520629
20
28.792469685872398
30
0
10
7.5067107498860697
20
28.792552196582157
30
0
10
7.5371482063548108
20
28.792663220167164
30
0
10
7.5675854988114377
20
28.792805582682295
30
0
0
SPLINE
5
732
100
AcDbEntity
8
0
100
AcDbSpline
70
4
71
3
72
8
73
4
74
0
42
0.000000001
43
0.0000000001
44
0.0000000001
40
0
40
0
40
0
40
0
40
1
40
1
40
1
40
1
41
1
41
1
41
1
41
1
10
7.5675854988114377
20
28.792805582682295
30
0
10
7.582014123918249
20
28.792766724427544
30
0
10
7.5964427490250603
20
28.792727916638057
30
0
10
7.6113086051957159
20
28.792687897682189
30
0
0
SPLINE
5
733
100
AcDbEntity
8
0
100
AcDbSpline
70
4
71
3
72
8
73
4
74
0
42
0.000000001
43
0.0000000001
44
0.0000000001
40
0
40
0
40
0
40
0
40
1
40
1
40
1
40
1
41
1
41
1
41
1
41
1
10
7.6113086051957159
20
28.792687897682189
30
0
10
7.6246852597560828
20
28.79285569469134
30
0
10
7.6380619143164497
20
28.793023491700495
30
0
10
7.6518439216630005
20
28.793196385701499
30
0
0
SPLINE
5
734
100
AcDbEntity
8
0
100
AcDbSpline
70
4
71
3
72
8
73
4
74
0
42
0.000000001
43
0.0000000001
44
0.0000000001
40
0
40
0
40
0
40
0
40
1
40
1
40
1
40
1
41
1
41
1
41
1
41
1
10
7.6518439216630005
20
28.793196385701499
30
0
10
7.6695107936732567
20
28.793303624391555
30
0
10
7.6695107936732567
20
28.793303624391555
30
0
10
7.6875345726029423
20
28.793412982622783
30
0
0
SPLINE
5
735
100
AcDbEntity
8
0
100
AcDbSpline
70
4
71
3
72
8
73
4
74
0
42
0.000000001
43
0.0000000001
44
0.0000000001
40
0
40
0
40
0
40
0
40
1
40
1
40
1
40
1
41
1
41
1
41
1
41
1
10
7.6875345726029423
20
28.793412982622783
30
0
10
7.7241312264617621
20
28.799644635518394
30
0
10
7.7359748503284003
20
28.808156914710999
30
0
10
7.7573413581864381
20
28.838229166666668
30
0
0
SPLINE
5
736
100
AcDbEntity
8
0
100
AcDbSpline
70
4
71
3
72
8
73
4
74
0
42
0.000000001
43
0.0000000001
44
0.0000000001
40
0
40
0
40
0
40
0
40
1
40
1
40
1
40
1
41
1
41
1
41
1
41
1
10
7.7573413581864381
20
28.838229166666668
30
0
10
7.761125893564655
20
28.875893362760543
30
0
10
7.7625874938285691
20
28.910602211952213
30
0
10
7.7621472663895634
20
28.948248291015627
30
0
0
SPLINE
5
737
100
AcDbEntity
8
0
100
AcDbSpline
70
4
71
3
72
8
73
4
74
0
42
0.000000001
43
0.0000000001
44
0.0000000001
40
0
40
0
40
0
40
0
40
1
40
1
40
1
40
1
41
1
41
1
41
1
41
1
10
7.7621472663895634
20
28.948248291015627
30
0
10
7.7621538584149228
20
28.958993885318442
30
0
10
7.7621604567484406
20
28.969739479621254
30
0
10
7.7621672506348638
20
28.980810701052349
30
0
0
SPLINE
5
738
100
AcDbEntity
8
0
100
AcDbSpline
70
4
71
3
72
8
73
4
74
0
42
0.000000001
43
0.0000000001
44
0.0000000001
40
0
40
0
40
0
40
0
40
1
40
1
40
1
40
1
41
1
41
1
41
1
41
1
10
7.7621672506348638
20
28.980810701052349
30
0
10
7.7621363091187021
20
29.003506747881573
30
0
10
7.7620077362374804
20
29.026202819943428
30
0
10
7.7617887611405401
20
29.048897832234704
30
0
0
SPLINE
5
739
100
AcDbEntity
8
0
100
AcDbSpline
70
4
71
3
72
8
73
4
74
0
42
0.000000001
43
0.0000000001
44
0.0000000001
40
0
40
0
40
0
40
0
40
1
40
1
40
1
40
1
41
1
41
1
41
1
41
1
10
7.7617887611405401
20
29.048897832234704
30
0
10
7.7614762297487605
20
29.083711396853129
30
0
10
7.7615168227470264
20
29.118511588176091
30
0
10
7.761604663850501
20
29.153326212565105
30
0
0
SPLINE
5
740
100
AcDbEntity
8
0
100
AcDbSpline
70
4
71
3
72
8
73
4
74
0
42
0.000000001
43
0.0000000001
44
0.0000000001
40
0
40
0
40
0
40
0
40
1
40
1
40
1
40
1
41
1
41
1
41
1
41
1
10
7.761604663850501
20
29.153326212565105
30
0
10
7.7615309025562151
20
29.175366286635402
30
0
10
7.7614368542250345
20
29.197406310240428
30
0
10
7.7613204434728971
20
29.219446207682292
30
0
0
SPLINE
5
741
100
AcDbEntity
8
0
100
AcDbSpline
70
4
71
3
72
8
73
4
74
0
42
0.000000001
43
0.0000000001
44
0.0000000001
40
0
40
0
40
0
40
0
40
1
40
1
40
1
40
1
41
1
41
1
41
1
41
1
10
7.7613204434728971
20
29.219446207682292
30
0
10
7.7613324983632905
20
29.229891912142438
30
0
10
7.7613445595618433
20
29.240337603986262
30
0
10
7.7613569803254157
20
29.251099839210511
30
0
0
SPLINE
5
742
100
AcDbEntity
8
0
100
AcDbSpline
70
4
71
3
72
8
73
4
74
0
42
0.000000001
43
0.0000000001
44
0.0000000001
40
0
40
0
40
0
40
0
40
1
40
1
40
1
40
1
41
1
41
1
41
1
41
1
10
7.7613569803254157
20
29.251099839210511
30
0
10
7.7602736992355528
20
29.334168131810927
30
0
10
7.7491482024109706
20
29.357308383077228
30
0
10
7.6653605384842898
20
29.35801010131836
30
0
0
SPLINE
5
743
100
AcDbEntity
8
0
100
AcDbSpline
70
4
71
3
72
8
73
4
74
0
42
0.000000001
43
0.0000000001
44
0.0000000001
40
0
40
0
40
0
40
0
40
1
40
1
40
1
40
1
41
1
41
1
41
1
41
1
10
4.0391187019364372
20
25.999229329427081
30
0
10
4.0234878238753815
20
25.999286284561922
30
0
10
4.0234878238753815
20
25.999286284561922
30
0
10
4.0075411720292111
20
25.999344390233361
30
0
0
SPLINE
5
744
100
AcDbEntity
8
0
100
AcDbSpline
70
4
71
3
72
8
73
4
74
0
42
0.000000001
43
0.0000000001
44
0.0000000001
40
0
40
0
40
0
40
0
40
1
40
1
40
1
40
1
41
1
41
1
41
1
41
1
10
4.0075411720292111
20
25.999344390233361
30
0
10
3.9855236874735689
20
25.999371380513864
30
0
10
3.9635058812018569
20
25.999298264234916
30
0
10
3.9414890022294062
20
25.999132436098055
30
0
0
SPLINE
5
745
100
AcDbEntity
8
0
100
AcDbSpline
70
4
71
3
72
8
73
4
74
0
42
0.000000001
43
0.0000000001
44
0.0000000001
40
0
40
0
40
0
40
0
40
1
40
1
40
1
40
1
41
1
41
1
41
1
41
1
10
3.9414890022294062
20
25.999132436098055
30
0
10
3.9077758327341416
20
25.998920039319785
30
0
10
3.8740836567894954
20
25.999130440613225
30
0
10
3.8403711433426873
20
25.999384358723958
30
0
0
SPLINE
5
746
100
AcDbEntity
8
0
100
AcDbSpline
70
4
71
3
72
8
73
4
74
0
42
0.000000001
43
0.0000000001
44
0.0000000001
40
0
40
0
40
0
40
0
40
1
40
1
40
1
40
1
41
1
41
1
41
1
41
1
10
3.8403711433426873
20
25.999384358723958
30
0
10
3.8189770499086717
20
25.999358132691608
30
0
10
3.7975829817072886
20
25.999307283749221
30
0
10
3.7761890144364374
20
25.999229329427081
30
0
0
SPLINE
5
747
100
AcDbEntity
8
0
100
AcDbSpline
70
4
71
3
72
8
73
4
74
0
42
0.000000001
43
0.0000000001
44
0.0000000001
40
0
40
0
40
0
40
0
40
1
40
1
40
1
40
1
41
1
41
1
41
1
41
1
10
3.7761890144364374
20
25.999229329427081
30
0
10
3.7661009573157962
20
25.999309666052287
30
0
10
3.7560129254277879
20
25.999390002813016
30
0
10
3.7456191749588985
20
25.999472773869833
30
0
0
SPLINE
5
748
100
AcDbEntity
8
0
100
AcDbSpline
70
4
71
3
72
8
73
4
74
0
42
0.000000001
43
0.0000000001
44
0.0000000001
40
0
40
0
40
0
40
0
40
1
40
1
40
1
40
1
41
1
41
1
41
1
41
1
10
3.7456191749588985
20
25.999472773869833
30
0
10
3.6759550546821296
20
25.998546011344299
30
0
10
3.6759550546821296
20
25.998546011344299
30
0
10
3.6470445636129711
20
25.977906745274861
30
0
0
SPLINE
5
749
100
AcDbEntity
8
0
100
AcDbSpline
70
4
71
3
72
8
73
4
74
0
42
0.000000001
43
0.0000000001
44
0.0000000001
40
0
40
0
40
0
40
0
40
1
40
1
40
1
40
1
41
1
41
1
41
1
41
1
10
3.6470445636129711
20
25.977906745274861
30
0
10
3.6242885388152142
20
25.946641693140073
30
0
10
3.6247297314024305
20
25.926962608148653
30
0
10
3.6244960772212682
20
25.888460896809896
30
0
0
SPLINE
5
750
100
AcDbEntity
8
0
100
AcDbSpline
70
4
71
3
72
8
73
4
74
0
42
0.000000001
43
0.0000000001
44
0.0000000001
40
0
40
0
40
0
40
0
40
1
40
1
40
1
40
1
41
1
41
1
41
1
41
1
10
3.6244960772212682
20
25.888460896809896
30
0
10
3.6243282802121177
20
25.875084245403606
30
0
10
3.6241604832029677
20
25.86170759399732
30
0
10
3.6239875892019606
20
25.847925580342611
30
0
0
SPLINE
5
751
100
AcDbEntity
8
0
100
AcDbSpline
70
4
71
3
72
8
73
4
74
0
42
0.000000001
43
0.0000000001
44
0.0000000001
40
0
40
0
40
0
40
0
40
1
40
1
40
1
40
1
41
1
41
1
41
1
41
1
10
3.6239875892019606
20
25.847925580342611
30
0
10
3.6240264222240781
20
25.833496955235802
30
0
10
3.624065255246196
20
25.819068330128985
30
0
10
3.6241052742020625
20
25.804202473958334
30
0
0
SPLINE
5
752
100
AcDbEntity
8
0
100
AcDbSpline
70
4
71
3
72
8
73
4
74
0
42
0.000000001
43
0.0000000001
44
0.0000000001
40
0
40
0
40
0
40
0
40
1
40
1
40
1
40
1
41
1
41
1
41
1
41
1
10
3.6241052742020625
20
25.804202473958334
30
0
10
3.624035934926702
20
25.789377355873583
30
0
10
3.6239665956513423
20
25.774552237788839
30
0
10
3.6238951368348138
20
25.759277890523276
30
0
0
SPLINE
5
753
100
AcDbEntity
8
0
100
AcDbSpline
70
4
71
3
72
8
73
4
74
0
42
0.000000001
43
0.0000000001
44
0.0000000001
40
0
40
0
40
0
40
0
40
1
40
1
40
1
40
1
41
1
41
1
41
1
41
1
10
3.6238951368348138
20
25.759277890523276
30
0
10
3.6238101280943886
20
25.727918471495311
30
0
10
3.6238279927985206
20
25.696558648745217
30
0
10
3.6239405555741326
20
25.665199330647788
30
0
0
SPLINE
5
754
100
AcDbEntity
8
0
100
AcDbSpline
70
4
71
3
72
8
73
4
74
0
42
0.000000001
43
0.0000000001
44
0.0000000001
40
0
40
0
40
0
40
0
40
1
40
1
40
1
40
1
41
1
41
1
41
1
41
1
10
3.6239405555741326
20
25.665199330647788
30
0
10
3.6240531688150108
20
25.617113274931906
30
0
10
3.6236726859426831
20
25.569047960440319
30
0
10
3.6232526130692499
20
25.520963948567712
30
0
0
SPLINE
5
755
100
AcDbEntity
8
0
100
AcDbSpline
70
4
71
3
72
8
73
4
74
0
42
0.000000001
43
0.0000000001
44
0.0000000001
40
0
40
0
40
0
40
0
40
1
40
1
40
1
40
1
41
1
41
1
41
1
41
1
10
3.6232526130692499
20
25.520963948567712
30
0
10
3.6232312914944034
20
25.490526529947918
30
0
10
3.6232389369821885
20
25.460089111328124
30
0
10
3.6232784512853957
20
25.429651692708333
30
0
0
SPLINE
5
756
100
AcDbEntity
8
0
100
AcDbSpline
70
4
71
3
72
8
73
4
74
0
42
0.000000001
43
0.0000000001
44
0.0000000001
40
0
40
0
40
0
40
0
40
1
40
1
40
1
40
1
41
1
41
1
41
1
41
1
10
3.6232784512853957
20
25.429651692708333
30
0
10
3.6230555209732391
20
25.408008755048115
30
0
10
3.6230555209732391
20
25.408008755048115
30
0
10
3.6228280992524162
20
25.385928586324056
30
0
0
SPLINE
5
757
100
AcDbEntity
8
0
100
AcDbSpline
70
4
71
3
72
8
73
4
74
0
42
0.000000001
43
0.0000000001
44
0.0000000001
40
0
40
0
40
0
40
0
40
1
40
1
40
1
40
1
41
1
41
1
41
1
41
1
10
3.6228280992524162
20
25.385928586324056
30
0
10
3.6230142403857246
20
25.365863596598306
30
0
10
3.6230142403857246
20
25.365863596598306
30
0
10
3.6232041664139762
20
25.345393269856771
30
0
0
SPLINE
5
758
100
AcDbEntity
8
0
100
AcDbSpline
70
4
71
3
72
8
73
4
74
0
42
0.000000001
43
0.0000000001
44
0.0000000001
40
0
40
0
40
0
40
0
40
1
40
1
40
1
40
1
41
1
41
1
41
1
41
1
10
3.6232041664139762
20
25.345393269856771
30
0
10
3.6232063616530437
20
25.333615332841873
30
0
10
3.6232085568921106
20
25.321837446292243
30
0
10
3.6232108278290767
20
25.30970261891683
30
0
0
SPLINE
5
759
100
AcDbEntity
8
0
100
AcDbSpline
70
4
71
3
72
8
73
4
74
0
42
0.000000001
43
0.0000000001
44
0.0000000001
40
0
40
0
40
0
40
0
40
1
40
1
40
1
40
1
41
1
41
1
41
1
41
1
10
3.6232108278290767
20
25.30970261891683
30
0
10
3.6298413581864377
20
25.279583333333335
30
0
10
3.6298413581864377
20
25.279583333333335
30
0
10
3.6538109464661614
20
25.255947421391806
30
0
0
SPLINE
5
760
100
AcDbEntity
8
0
100
AcDbSpline
70
4
71
3
72
8
73
4
74
0
42
0.000000001
43
0.0000000001
44
0.0000000001
40
0
40
0
40
0
40
0
40
1
40
1
40
1
40
1
41
1
41
1
41
1
41
1
10
3.6538109464661614
20
25.255947421391806
30
0
10
3.696155518414213
20
25.232466740608217
30
0
10
3.7372832718706466
20
25.23422167023023
30
0
10
3.7844572436031045
20
25.234624837239586
30
0
0
SPLINE
5
761
100
AcDbEntity
8
0
100
AcDbSpline
70
4
71
3
72
8
73
4
74
0
42
0.000000001
43
0.0000000001
44
0.0000000001
40
0
40
0
40
0
40
0
40
1
40
1
40
1
40
1
41
1
41
1
41
1
41
1
10
3.7844572436031045
20
25.234624837239586
30
0
10
3.7991320635096564
20
25.234567861954371
30
0
10
3.7991320635096564
20
25.234567861954371
30
0
10
3.8141033668534297
20
25.234509776433313
30
0
0
SPLINE
5
762
100
AcDbEntity
8
0
100
AcDbSpline
70
4
71
3
72
8
73
4
74
0
42
0.000000001
43
0.0000000001
44
0.0000000001
40
0
40
0
40
0
40
0
40
1
40
1
40
1
40
1
41
1
41
1
41
1
41
1
10
3.8141033668534297
20
25.234509776433313
30
0
10
3.8347406705435452
20
25.234482827981314
30
0
10
3.8553783148742053
20
25.234555649360022
30
0
10
3.8760149625158649
20
25.234721730550127
30
0
0
SPLINE
5
763
100
AcDbEntity
8
0
100
AcDbSpline
70
4
71
3
72
8
73
4
74
0
42
0.000000001
43
0.0000000001
44
0.0000000001
40
0
40
0
40
0
40
0
40
1
40
1
40
1
40
1
41
1
41
1
41
1
41
1
10
3.8760149625158649
20
25.234721730550127
30
0
10
3.9075495969470673
20
25.234934189319613
30
0
10
3.9390618121838905
20
25.234723597764969
30
0
10
3.9705957527176872
20
25.234469807942709
30
0
0
SPLINE
5
764
100
AcDbEntity
8
0
100
AcDbSpline
70
4
71
3
72
8
73
4
74
0
42
0.000000001
43
0.0000000001
44
0.0000000001
40
0
40
0
40
0
40
0
40
1
40
1
40
1
40
1
41
1
41
1
41
1
41
1
10
3.9705957527176872
20
25.234469807942709
30
0
10
3.9906807077642621
20
25.234496049880981
30
0
10
4.0107656501945197
20
25.234546868403754
30
0
10
4.0308504727697709
20
25.234624837239586
30
0
0
SPLINE
5
765
100
AcDbEntity
8
0
100
AcDbSpline
70
4
71
3
72
8
73
4
74
0
42
0.000000001
43
0.0000000001
44
0.0000000001
40
0
40
0
40
0
40
0
40
1
40
1
40
1
40
1
41
1
41
1
41
1
41
1
10
4.0308504727697709
20
25.234624837239586
30
0
10
4.0449497576086557
20
25.234504326184592
30
0
10
4.0449497576086557
20
25.234504326184592
30
0
10
4.0593338762935343
20
25.234381392796834
30
0
0
SPLINE
5
766
100
AcDbEntity
8
0
100
AcDbSpline
70
4
71
3
72
8
73
4
74
0
42
0.000000001
43
0.0000000001
44
0.0000000001
40
0
40
0
40
0
40
0
40
1
40
1
40
1
40
1
41
1
41
1
41
1
41
1
10
4.0593338762935343
20
25.234381392796834
30
0
10
4.1148316394504247
20
25.235167641639713
30
0
10
4.1457107300774592
20
25.240381157795589
30
0
10
4.1854663581864378
20
25.279583333333335
30
0
0
SPLINE
5
767
100
AcDbEntity
8
0
100
AcDbSpline
70
4
71
3
72
8
73
4
74
0
42
0.000000001
43
0.0000000001
44
0.0000000001
40
0
40
0
40
0
40
0
40
1
40
1
40
1
40
1
41
1
41
1
41
1
41
1
10
4.1854663581864378
20
25.279583333333335
30
0
10
4.1920968885437979
20
25.30970261891683
30
0
10
4.1920968885437979
20
25.30970261891683
30
0
10
4.1921035499588983
20
25.345393269856771
30
0
0
SPLINE
5
768
100
AcDbEntity
8
0
100
AcDbSpline
70
4
71
3
72
8
73
4
74
0
42
0.000000001
43
0.0000000001
44
0.0000000001
40
0
40
0
40
0
40
0
40
1
40
1
40
1
40
1
41
1
41
1
41
1
41
1
10
4.1921035499588983
20
25.345393269856771
30
0
10
4.1922276566640875
20
25.358769946495695
30
0
10
4.1923517507529597
20
25.372146572669347
30
0
10
4.1924796171204584
20
25.385928586324056
30
0
0
SPLINE
5
769
100
AcDbEntity
8
0
100
AcDbSpline
70
4
71
3
72
8
73
4
74
0
42
0.000000001
43
0.0000000001
44
0.0000000001
40
0
40
0
40
0
40
0
40
1
40
1
40
1
40
1
41
1
41
1
41
1
41
1
10
4.1924796171204584
20
25.385928586324056
30
0
10
4.1923309969123537
20
25.400357211430872
30
0
10
4.1921823893205659
20
25.414785836537682
30
0
10
4.1920292650874789
20
25.429651692708333
30
0
0
SPLINE
5
770
100
AcDbEntity
8
0
100
AcDbSpline
70
4
71
3
72
8
73
4
74
0
42
0.000000001
43
0.0000000001
44
0.0000000001
40
0
40
0
40
0
40
0
40
1
40
1
40
1
40
1
41
1
41
1
41
1
41
1
10
4.1920292650874789
20
25.429651692708333
30
0
10
4.1920485175864233
20
25.444476823409403
30
0
10
4.1920677700853677
20
25.459301903645198
30
0
10
4.1920876029348708
20
25.474576276143392
30
0
0
SPLINE
5
771
100
AcDbEntity
8
0
100
AcDbSpline
70
4
71
3
72
8
73
4
74
0
42
0.000000001
43
0.0000000001
44
0.0000000001
40
0
40
0
40
0
40
0
40
1
40
1
40
1
40
1
41
1
41
1
41
1
41
1
10
4.1920876029348708
20
25.474576276143392
30
0
10
4.1920656379278833
20
25.505936149358746
30
0
10
4.1919124253805808
20
25.537296173969906
30
0
10
4.1916384620682736
20
25.568654836018879
30
0
0
SPLINE
5
772
100
AcDbEntity
8
0
100
AcDbSpline
70
4
71
3
72
8
73
4
74
0
42
0.000000001
43
0.0000000001
44
0.0000000001
40
0
40
0
40
0
40
0
40
1
40
1
40
1
40
1
41
1
41
1
41
1
41
1
10
4.1916384620682736
20
25.568654836018879
30
0
10
4.1912556073284488
20
25.616739453474683
30
0
10
4.1913657477712967
20
25.66480474273364
30
0
10
4.1915383389807079
20
25.712890218098959
30
0
0
SPLINE
5
773
100
AcDbEntity
8
0
100
AcDbSpline
70
4
71
3
72
8
73
4
74
0
42
0.000000001
43
0.0000000001
44
0.0000000001
40
0
40
0
40
0
40
0
40
1
40
1
40
1
40
1
41
1
41
1
41
1
41
1
10
4.1915383389807079
20
25.712890218098959
30
0
10
4.1914558156546295
20
25.743327737649281
30
0
10
4.1913448173022605
20
25.773765181501709
30
0
10
4.1912024421708125
20
25.804202473958334
30
0
0
SPLINE
5
774
100
AcDbEntity
8
0
100
AcDbSpline
70
4
71
3
72
8
73
4
74
0
42
0.000000001
43
0.0000000001
44
0.0000000001
40
0
40
0
40
0
40
0
40
1
40
1
40
1
40
1
41
1
41
1
41
1
41
1
10
4.1912024421708125
20
25.804202473958334
30
0
10
4.1912412751929304
20
25.818631099065144
30
0
10
4.1912801082150475
20
25.83305972417196
30
0
10
4.1913201271709148
20
25.847925580342611
30
0
0
SPLINE
5
775
100
AcDbEntity
8
0
100
AcDbSpline
70
4
71
3
72
8
73
4
74
0
42
0.000000001
43
0.0000000001
44
0.0000000001
40
0
40
0
40
0
40
0
40
1
40
1
40
1
40
1
41
1
41
1
41
1
41
1
10
4.1913201271709148
20
25.847925580342611
30
0
10
4.1911523301617644
20
25.861302231748901
30
0
10
4.190984520536297
20
25.874678883155187
30
0
10
4.1908116391516064
20
25.888460896809896
30
0
0
SPLINE
5
776
100
AcDbEntity
8
0
100
AcDbSpline
70
4
71
3
72
8
73
4
74
0
42
0.000000001
43
0.0000000001
44
0.0000000001
40
0
40
0
40
0
40
0
40
1
40
1
40
1
40
1
41
1
41
1
41
1
41
1
10
4.1908116391516064
20
25.888460896809896
30
0
10
4.1907401677187615
20
25.900238808592164
30
0
10
4.1906686836696005
20
25.912016726682584
30
0
10
4.1905950422303215
20
25.924151547749837
30
0
0
SPLINE
5
777
100
AcDbEntity
8
0
100
AcDbSpline
70
4
71
3
72
8
73
4
74
0
42
0.000000001
43
0.0000000001
44
0.0000000001
40
0
40
0
40
0
40
0
40
1
40
1
40
1
40
1
41
1
41
1
41
1
41
1
10
4.1905950422303215
20
25.924151547749837
30
0
10
4.1764561886803646
20
26.007184996449698
30
0
10
4.109121810020639
20
25.999786802660676
30
0
10
4.0391187019364372
20
25.999229329427081
30
0
0
SPLINE
5
778
100
AcDbEntity
8
0
100
AcDbSpline
70
4
71
3
72
8
73
4
74
0
42
0.000000001
43
0.0000000001
44
0.0000000001
40
0
40
0
40
0
40
0
40
1
40
1
40
1
40
1
41
1
41
1
41
1
41
1
10
4.9651603686031045
20
25.999229329427081
30
0
10
4.9495294905420479
20
25.999286284561922
30
0
10
4.9495294905420479
20
25.999286284561922
30
0
10
4.9335828386958775
20
25.999344390233361
30
0
0
SPLINE
5
779
100
AcDbEntity
8
0
100
AcDbSpline
70
4
71
3
72
8
73
4
74
0
42
0.000000001
43
0.0000000001
44
0.0000000001
40
0
40
0
40
0
40
0
40
1
40
1
40
1
40
1
41
1
41
1
41
1
41
1
10
4.9335828386958775
20
25.999344390233361
30
0
10
4.9115653541402358
20
25.999371380513864
30
0
10
4.8895475478685242
20
25.999298264234916
30
0
10
4.8675306688960731
20
25.999132436098055
30
0
0
SPLINE
5
780
100
AcDbEntity
8
0
100
AcDbSpline
70
4
71
3
72
8
73
4
74
0
42
0.000000001
43
0.0000000001
44
0.0000000001
40
0
40
0
40
0
40
0
40
1
40
1
40
1
40
1
41
1
41
1
41
1
41
1
10
4.8675306688960731
20
25.999132436098055
30
0
10
4.8338174994008085
20
25.998920039319785
30
0
10
4.8001253234561618
20
25.999130440613225
30
0
10
4.7664128100093546
20
25.999384358723958
30
0
0
SPLINE
5
781
100
AcDbEntity
8
0
100
AcDbSpline
70
4
71
3
72
8
73
4
74
0
42
0.000000001
43
0.0000000001
44
0.0000000001
40
0
40
0
40
0
40
0
40
1
40
1
40
1
40
1
41
1
41
1
41
1
41
1
10
4.7664128100093546
20
25.999384358723958
30
0
10
4.7450187165753386
20
25.999358132691608
30
0
10
4.7236246483739555
20
25.999307283749221
30
0
10
4.7022306811031047
20
25.999229329427081
30
0
0
SPLINE
5
782
100
AcDbEntity
8
0
100
AcDbSpline
70
4
71
3
72
8
73
4
74
0
42
0.000000001
43
0.0000000001
44
0.0000000001
40
0
40
0
40
0
40
0
40
1
40
1
40
1
40
1
41
1
41
1
41
1
41
1
10
4.7022306811031047
20
25.999229329427081
30
0
10
4.6921426239824635
20
25.999309666052287
30
0
10
4.6820545920944552
20
25.999390002813016
30
0
10
4.6716608416255649
20
25.999472773869833
30
0
0
SPLINE
5
783
100
AcDbEntity
8
0
100
AcDbSpline
70
4
71
3
72
8
73
4
74
0
42
0.000000001
43
0.0000000001
44
0.0000000001
40
0
40
0
40
0
40
0
40
1
40
1
40
1
40
1
41
1
41
1
41
1
41
1
10
4.6716608416255649
20
25.999472773869833
30
0
10
4.6019967213487964
20
25.998546011344299
30
0
10
4.6019967213487964
20
25.998546011344299
30
0
10
4.573086230279638
20
25.977906745274861
30
0
0
SPLINE
5
784
100
AcDbEntity
8
0
100
AcDbSpline
70
4
71
3
72
8
73
4
74
0
42
0.000000001
43
0.0000000001
44
0.0000000001
40
0
40
0
40
0
40
0
40
1
40
1
40
1
40
1
41
1
41
1
41
1
41
1
10
4.573086230279638
20
25.977906745274861
30
0
10
4.5503302054818811
20
25.946641693140073
30
0
10
4.5507713980690969
20
25.926962608148653
30
0
10
4.5505377438879355
20
25.888460896809896
30
0
0
SPLINE
5
785
100
AcDbEntity
8
0
100
AcDbSpline
70
4
71
3
72
8
73
4
74
0
42
0.000000001
43
0.0000000001
44
0.0000000001
40
0
40
0
40
0
40
0
40
1
40
1
40
1
40
1
41
1
41
1
41
1
41
1
10
4.5505377438879355
20
25.888460896809896
30
0
10
4.5503699468787842
20
25.875084245403606
30
0
10
4.5502021498696346
20
25.86170759399732
30
0
10
4.5500292558686271
20
25.847925580342611
30
0
0
SPLINE
5
786
100
AcDbEntity
8
0
100
AcDbSpline
70
4
71
3
72
8
73
4
74
0
42
0.000000001
43
0.0000000001
44
0.0000000001
40
0
40
0
40
0
40
0
40
1
40
1
40
1
40
1
41
1
41
1
41
1
41
1
10
4.5500292558686271
20
25.847925580342611
30
0
10
4.550068088890745
20
25.833496955235802
30
0
10
4.5501069219128629
20
25.819068330128985
30
0
10
4.5501469408687285
20
25.804202473958334
30
0
0
SPLINE
5
787
100
AcDbEntity
8
0
100
AcDbSpline
70
4
71
3
72
8
73
4
74
0
42
0.000000001
43
0.0000000001
44
0.0000000001
40
0
40
0
40
0
40
0
40
1
40
1
40
1
40
1
41
1
41
1
41
1
41
1
10
4.5501469408687285
20
25.804202473958334
30
0
10
4.5500776015933688
20
25.789377355873583
30
0
10
4.5500082623180091
20
25.774552237788839
30
0
10
4.5499368035014811
20
25.759277890523276
30
0
0
SPLINE
5
788
100
AcDbEntity
8
0
100
AcDbSpline
70
4
71
3
72
8
73
4
74
0
42
0.000000001
43
0.0000000001
44
0.0000000001
40
0
40
0
40
0
40
0
40
1
40
1
40
1
40
1
41
1
41
1
41
1
41
1
10
4.5499368035014811
20
25.759277890523276
30
0
10
4.5498517947610555
20
25.727918471495311
30
0
10
4.5498696594651875
20
25.696558648745217
30
0
10
4.5499822222407991
20
25.665199330647788
30
0
0
SPLINE
5
789
100
AcDbEntity
8
0
100
AcDbSpline
70
4
71
3
72
8
73
4
74
0
42
0.000000001
43
0.0000000001
44
0.0000000001
40
0
40
0
40
0
40
0
40
1
40
1
40
1
40
1
41
1
41
1
41
1
41
1
10
4.5499822222407991
20
25.665199330647788
30
0
10
4.5500948354816773
20
25.617113274931906
30
0
10
4.5497143526093504
20
25.569047960440319
30
0
10
4.5492942797359168
20
25.520963948567712
30
0
0
SPLINE
5
790
100
AcDbEntity
8
0
100
AcDbSpline
70
4
71
3
72
8
73
4
74
0
42
0.000000001
43
0.0000000001
44
0.0000000001
40
0
40
0
40
0
40
0
40
1
40
1
40
1
40
1
41
1
41
1
41
1
41
1
10
4.5492942797359168
20
25.520963948567712
30
0
10
4.5492729581610698
20
25.490526529947918
30
0
10
4.5492806036488549
20
25.460089111328124
30
0
10
4.5493201179520621
20
25.429651692708333
30
0
0
SPLINE
5
791
100
AcDbEntity
8
0
100
AcDbSpline
70
4
71
3
72
8
73
4
74
0
42
0.000000001
43
0.0000000001
44
0.0000000001
40
0
40
0
40
0
40
0
40
1
40
1
40
1
40
1
41
1
41
1
41
1
41
1
10
4.5493201179520621
20
25.429651692708333
30
0
10
4.549097187639906
20
25.408008755048115
30
0
10
4.549097187639906
20
25.408008755048115
30
0
10
4.5488697659190827
20
25.385928586324056
30
0
0
SPLINE
5
792
100
AcDbEntity
8
0
100
AcDbSpline
70
4
71
3
72
8
73
4
74
0
42
0.000000001
43
0.0000000001
44
0.0000000001
40
0
40
0
40
0
40
0
40
1
40
1
40
1
40
1
41
1
41
1
41
1
41
1
10
4.5488697659190827
20
25.385928586324056
30
0
10
4.5490559070523915
20
25.365863596598306
30
0
10
4.5490559070523915
20
25.365863596598306
30
0
10
4.5492458330806436
20
25.345393269856771
30
0
0
SPLINE
5
793
100
AcDbEntity
8
0
100
AcDbSpline
70
4
71
3
72
8
73
4
74
0
42
0.000000001
43
0.0000000001
44
0.0000000001
40
0
40
0
40
0
40
0
40
1
40
1
40
1
40
1
41
1
41
1
41
1
41
1
10
4.5492458330806436
20
25.345393269856771
30
0
10
4.5492480283197096
20
25.333615332841873
30
0
10
4.5492502235587775
20
25.321837446292243
30
0
10
4.5492524944957431
20
25.30970261891683
30
0
0
SPLINE
5
794
100
AcDbEntity
8
0
100
AcDbSpline
70
4
71
3
72
8
73
4
74
0
42
0.000000001
43
0.0000000001
44
0.0000000001
40
0
40
0
40
0
40
0
40
1
40
1
40
1
40
1
41
1
41
1
41
1
41
1
10
4.5492524944957431
20
25.30970261891683
30
0
10
4.5558830248531041
20
25.279583333333335
30
0
10
4.5558830248531041
20
25.279583333333335
30
0
10
4.5798526131328279
20
25.255947421391806
30
0
0
SPLINE
5
795
100
AcDbEntity
8
0
100
AcDbSpline
70
4
71
3
72
8
73
4
74
0
42
0.000000001
43
0.0000000001
44
0.0000000001
40
0
40
0
40
0
40
0
40
1
40
1
40
1
40
1
41
1
41
1
41
1
41
1
10
4.5798526131328279
20
25.255947421391806
30
0
10
4.6221971850808794
20
25.232466740608217
30
0
10
4.663324938537313
20
25.23422167023023
30
0
10
4.710498910269771
20
25.234624837239586
30
0
0
SPLINE
5
796
100
AcDbEntity
8
0
100
AcDbSpline
70
4
71
3
72
8
73
4
74
0
42
0.000000001
43
0.0000000001
44
0.0000000001
40
0
40
0
40
0
40
0
40
1
40
1
40
1
40
1
41
1
41
1
41
1
41
1
10
4.710498910269771
20
25.234624837239586
30
0
10
4.7251737301763237
20
25.234567861954371
30
0
10
4.7251737301763237
20
25.234567861954371
30
0
10
4.7401450335200961
20
25.234509776433313
30
0
0
SPLINE
5
797
100
AcDbEntity
8
0
100
AcDbSpline
70
4
71
3
72
8
73
4
74
0
42
0.000000001
43
0.0000000001
44
0.0000000001
40
0
40
0
40
0
40
0
40
1
40
1
40
1
40
1
41
1
41
1
41
1
41
1
10
4.7401450335200961
20
25.234509776433313
30
0
10
4.7607823372102125
20
25.234482827981314
30
0
10
4.7814199815408722
20
25.234555649360022
30
0
10
4.8020566291825313
20
25.234721730550127
30
0
0
SPLINE
5
798
100
AcDbEntity
8
0
100
AcDbSpline
70
4
71
3
72
8
73
4
74
0
42
0.000000001
43
0.0000000001
44
0.0000000001
40
0
40
0
40
0
40
0
40
1
40
1
40
1
40
1
41
1
41
1
41
1
41
1
10
4.8020566291825313
20
25.234721730550127
30
0
10
4.8335912636137346
20
25.234934189319613
30
0
10
4.8651034788505569
20
25.234723597764969
30
0
10
4.896637419384354
20
25.234469807942709
30
0
0
SPLINE
5
799
100
AcDbEntity
8
0
100
AcDbSpline
70
4
71
3
72
8
73
4
74
0
42
0.000000001
43
0.0000000001
44
0.0000000001
40
0
40
0
40
0
40
0
40
1
40
1
40
1
40
1
41
1
41
1
41
1
41
1
10
4.896637419384354
20
25.234469807942709
30
0
10
4.916722374430929
20
25.234496049880981
30
0
10
4.9368073168611861
20
25.234546868403754
30
0
10
4.9568921394364374
20
25.234624837239586
30
0
0
SPLINE
5
800
100
AcDbEntity
8
0
100
AcDbSpline
70
4
71
3
72
8
73
4
74
0
42
0.000000001
43
0.0000000001
44
0.0000000001
40
0
40
0
40
0
40
0
40
1
40
1
40
1
40
1
41
1
41
1
41
1
41
1
10
4.9568921394364374
20
25.234624837239586
30
0
10
4.970991424275323
20
25.234504326184592
30
0
10
4.970991424275323
20
25.234504326184592
30
0
10
4.9853755429602007
20
25.234381392796834
30
0
0
SPLINE
5
801
100
AcDbEntity
8
0
100
AcDbSpline
70
4
71
3
72
8
73
4
74
0
42
0.000000001
43
0.0000000001
44
0.0000000001
40
0
40
0
40
0
40
0
40
1
40
1
40
1
40
1
41
1
41
1
41
1
41
1
10
4.9853755429602007
20
25.234381392796834
30
0
10
5.0408733061170903
20
25.235167641639713
30
0
10
5.0717523967441256
20
25.240381157795589
30
0
10
5.1115080248531042
20
25.279583333333335
30
0
0
SPLINE
5
802
100
AcDbEntity
8
0
100
AcDbSpline
70
4
71
3
72
8
73
4
74
0
42
0.000000001
43
0.0000000001
44
0.0000000001
40
0
40
0
40
0
40
0
40
1
40
1
40
1
40
1
41
1
41
1
41
1
41
1
10
5.1115080248531042
20
25.279583333333335
30
0
10
5.1181385552104652
20
25.30970261891683
30
0
10
5.1181385552104652
20
25.30970261891683
30
0
10
5.1181452166255648
20
25.345393269856771
30
0
0
SPLINE
5
803
100
AcDbEntity
8
0
100
AcDbSpline
70
4
71
3
72
8
73
4
74
0
42
0.000000001
43
0.0000000001
44
0.0000000001
40
0
40
0
40
0
40
0
40
1
40
1
40
1
40
1
41
1
41
1
41
1
41
1
10
5.1181452166255648
20
25.345393269856771
30
0
10
5.1182693233307539
20
25.358769946495695
30
0
10
5.1183934174196271
20
25.372146572669347
30
0
10
5.1185212837871248
20
25.385928586324056
30
0
0
SPLINE
5
804
100
AcDbEntity
8
0
100
AcDbSpline
70
4
71
3
72
8
73
4
74
0
42
0.000000001
43
0.0000000001
44
0.0000000001
40
0
40
0
40
0
40
0
40
1
40
1
40
1
40
1
41
1
41
1
41
1
41
1
10
5.1185212837871248
20
25.385928586324056
30
0
10
5.1183726635790201
20
25.400357211430872
30
0
10
5.1182240559872323
20
25.414785836537682
30
0
10
5.1180709317541462
20
25.429651692708333
30
0
0
SPLINE
5
805
100
AcDbEntity
8
0
100
AcDbSpline
70
4
71
3
72
8
73
4
74
0
42
0.000000001
43
0.0000000001
44
0.0000000001
40
0
40
0
40
0
40
0
40
1
40
1
40
1
40
1
41
1
41
1
41
1
41
1
10
5.1180709317541462
20
25.429651692708333
30
0
10
5.1180901842530897
20
25.444476823409403
30
0
10
5.118109436752035
20
25.459301903645198
30
0
10
5.1181292696015381
20
25.474576276143392
30
0
0
SPLINE
5
806
100
AcDbEntity
8
0
100
AcDbSpline
70
4
71
3
72
8
73
4
74
0
42
0.000000001
43
0.0000000001
44
0.0000000001
40
0
40
0
40
0
40
0
40
1
40
1
40
1
40
1
41
1
41
1
41
1
41
1
10
5.1181292696015381
20
25.474576276143392
30
0
10
5.1181073045945507
20
25.505936149358746
30
0
10
5.1179540920472473
20
25.537296173969906
30
0
10
5.1176801287349409
20
25.568654836018879
30
0
0
SPLINE
5
807
100
AcDbEntity
8
0
100
AcDbSpline
70
4
71
3
72
8
73
4
74
0
42
0.000000001
43
0.0000000001
44
0.0000000001
40
0
40
0
40
0
40
0
40
1
40
1
40
1
40
1
41
1
41
1
41
1
41
1
10
5.1176801287349409
20
25.568654836018879
30
0
10
5.1172972739951161
20
25.616739453474683
30
0
10
5.1174074144379631
20
25.66480474273364
30
0
10
5.1175800056473753
20
25.712890218098959
30
0
0
SPLINE
5
808
100
AcDbEntity
8
0
100
AcDbSpline
70
4
71
3
72
8
73
4
74
0
42
0.000000001
43
0.0000000001
44
0.0000000001
40
0
40
0
40
0
40
0
40
1
40
1
40
1
40
1
41
1
41
1
41
1
41
1
10
5.1175800056473753
20
25.712890218098959
30
0
10
5.117497482321296
20
25.743327737649281
30
0
10
5.1173864839689278
20
25.773765181501709
30
0
10
5.1172441088374798
20
25.804202473958334
30
0
0
SPLINE
5
809
100
AcDbEntity
8
0
100
AcDbSpline
70
4
71
3
72
8
73
4
74
0
42
0.000000001
43
0.0000000001
44
0.0000000001
40
0
40
0
40
0
40
0
40
1
40
1
40
1
40
1
41
1
41
1
41
1
41
1
10
5.1172441088374798
20
25.804202473958334
30
0
10
5.1172829418595969
20
25.818631099065144
30
0
10
5.1173217748817148
20
25.83305972417196
30
0
10
5.1173617938375804
20
25.847925580342611
30
0
0
SPLINE
5
810
100
AcDbEntity
8
0
100
AcDbSpline
70
4
71
3
72
8
73
4
74
0
42
0.000000001
43
0.0000000001
44
0.0000000001
40
0
40
0
40
0
40
0
40
1
40
1
40
1
40
1
41
1
41
1
41
1
41
1
10
5.1173617938375804
20
25.847925580342611
30
0
10
5.1171939968284308
20
25.861302231748901
30
0
10
5.1170261872029643
20
25.874678883155187
30
0
10
5.1168533058182746
20
25.888460896809896
30
0
0
SPLINE
5
811
100
AcDbEntity
8
0
100
AcDbSpline
70
4
71
3
72
8
73
4
74
0
42
0.000000001
43
0.0000000001
44
0.0000000001
40
0
40
0
40
0
40
0
40
1
40
1
40
1
40
1
41
1
41
1
41
1
41
1
10
5.1168533058182746
20
25.888460896809896
30
0
10
5.1167818343854288
20
25.900238808592164
30
0
10
5.1167103503362679
20
25.912016726682584
30
0
10
5.1166367088969888
20
25.924151547749837
30
0
0
SPLINE
5
812
100
AcDbEntity
8
0
100
AcDbSpline
70
4
71
3
72
8
73
4
74
0
42
0.000000001
43
0.0000000001
44
0.0000000001
40
0
40
0
40
0
40
0
40
1
40
1
40
1
40
1
41
1
41
1
41
1
41
1
10
5.1166367088969888
20
25.924151547749837
30
0
10
5.102497855347031
20
26.007184996449698
30
0
10
5.0351634766873055
20
25.999786802660676
30
0
10
4.9651603686031045
20
25.999229329427081
30
0
0
SPLINE
5
813
100
AcDbEntity
8
0
100
AcDbSpline
70
4
71
3
72
8
73
4
74
0
42
0.000000001
43
0.0000000001
44
0.0000000001
40
0
40
0
40
0
40
0
40
1
40
1
40
1
40
1
41
1
41
1
41
1
41
1
10
4.0308504727697709
20
31.992041829427084
30
0
10
4.0210672518763779
20
31.992079799515949
30
0
10
4.0112840309829849
20
31.992117769604814
30
0
10
4.0012043495194458
20
31.99215689023336
30
0
0
SPLINE
5
814
100
AcDbEntity
8
0
100
AcDbSpline
70
4
71
3
72
8
73
4
74
0
42
0.000000001
43
0.0000000001
44
0.0000000001
40
0
40
0
40
0
40
0
40
1
40
1
40
1
40
1
41
1
41
1
41
1
41
1
10
4.0012043495194458
20
31.99215689023336
30
0
10
3.9805670489834091
20
31.992183838315739
30
0
10
3.9599294078068277
20
31.992111017306648
30
0
10
3.9392927538570106
20
31.991944936098058
30
0
0
SPLINE
5
815
100
AcDbEntity
8
0
100
AcDbSpline
70
4
71
3
72
8
73
4
74
0
42
0.000000001
43
0.0000000001
44
0.0000000001
40
0
40
0
40
0
40
0
40
1
40
1
40
1
40
1
41
1
41
1
41
1
41
1
10
3.9392927538570106
20
31.991944936098058
30
0
10
3.9077581194258073
20
31.991732473305895
30
0
10
3.8762459041889845
20
31.991943077532294
30
0
10
3.8447119636551874
20
31.992196858723961
30
0
0
SPLINE
5
816
100
AcDbEntity
8
0
100
AcDbSpline
70
4
71
3
72
8
73
4
74
0
42
0.000000001
43
0.0000000001
44
0.0000000001
40
0
40
0
40
0
40
0
40
1
40
1
40
1
40
1
41
1
41
1
41
1
41
1
10
3.8447119636551874
20
31.992196858723961
30
0
10
3.8246270023004545
20
31.99217063190309
30
0
10
3.8045420661783553
20
31.992119781500712
30
0
10
3.7844572436031045
20
31.992041829427084
30
0
0
SPLINE
5
817
100
AcDbEntity
8
0
100
AcDbSpline
70
4
71
3
72
8
73
4
74
0
42
0.000000001
43
0.0000000001
44
0.0000000001
40
0
40
0
40
0
40
0
40
1
40
1
40
1
40
1
41
1
41
1
41
1
41
1
10
3.7844572436031045
20
31.992041829427084
30
0
10
3.7703579548216197
20
31.992162334432656
30
0
10
3.7703579548216197
20
31.992162334432656
30
0
10
3.7559738400793408
20
31.992285273869836
30
0
0
SPLINE
5
818
100
AcDbEntity
8
0
100
AcDbSpline
70
4
71
3
72
8
73
4
74
0
42
0.000000001
43
0.0000000001
44
0.0000000001
40
0
40
0
40
0
40
0
40
1
40
1
40
1
40
1
41
1
41
1
41
1
41
1
10
3.7559738400793408
20
31.992285273869836
30
0
10
3.7004760769224503
20
31.991499027589647
30
0
10
3.6695969862954159
20
31.986285530949633
30
0
10
3.6298413581864377
20
31.947083333333339
30
0
0
SPLINE
5
819
100
AcDbEntity
8
0
100
AcDbSpline
70
4
71
3
72
8
73
4
74
0
42
0.000000001
43
0.0000000001
44
0.0000000001
40
0
40
0
40
0
40
0
40
1
40
1
40
1
40
1
41
1
41
1
41
1
41
1
10
3.6298413581864377
20
31.947083333333339
30
0
10
3.6232108278290767
20
31.91696404774984
30
0
10
3.6232108278290767
20
31.91696404774984
30
0
10
3.6232041664139762
20
31.881273396809895
30
0
0
SPLINE
5
820
100
AcDbEntity
8
0
100
AcDbSpline
70
4
71
3
72
8
73
4
74
0
42
0.000000001
43
0.0000000001
44
0.0000000001
40
0
40
0
40
0
40
0
40
1
40
1
40
1
40
1
41
1
41
1
41
1
41
1
10
3.6232041664139762
20
31.881273396809895
30
0
10
3.6230800723251044
20
31.867896745403609
30
0
10
3.6229559530035989
20
31.854520093997323
30
0
10
3.6228280992524162
20
31.840738080342614
30
0
0
SPLINE
5
821
100
AcDbEntity
8
0
100
AcDbSpline
70
4
71
3
72
8
73
4
74
0
42
0.000000001
43
0.0000000001
44
0.0000000001
40
0
40
0
40
0
40
0
40
1
40
1
40
1
40
1
41
1
41
1
41
1
41
1
10
3.6228280992524162
20
31.840738080342614
30
0
10
3.6229767194605205
20
31.826309455235801
30
0
10
3.6231253396686252
20
31.811880830128988
30
0
10
3.6232784512853957
20
31.797014973958333
30
0
0
SPLINE
5
822
100
AcDbEntity
8
0
100
AcDbSpline
70
4
71
3
72
8
73
4
74
0
42
0.000000001
43
0.0000000001
44
0.0000000001
40
0
40
0
40
0
40
0
40
1
40
1
40
1
40
1
41
1
41
1
41
1
41
1
10
3.6232784512853957
20
31.797014973958333
30
0
10
3.6232591987864509
20
31.782189855873586
30
0
10
3.6232399462875065
20
31.767364737788839
30
0
10
3.6232201134380038
20
31.752090390523279
30
0
0
SPLINE
5
823
100
AcDbEntity
8
0
100
AcDbSpline
70
4
71
3
72
8
73
4
74
0
42
0.000000001
43
0.0000000001
44
0.0000000001
40
0
40
0
40
0
40
0
40
1
40
1
40
1
40
1
41
1
41
1
41
1
41
1
10
3.6232201134380038
20
31.752090390523279
30
0
10
3.6232420910613077
20
31.720730517307917
30
0
10
3.6233953036086097
20
31.689370517929397
30
0
10
3.623669254304601
20
31.658011830647791
30
0
0
SPLINE
5
824
100
AcDbEntity
8
0
100
AcDbSpline
70
4
71
3
72
8
73
4
74
0
42
0.000000001
43
0.0000000001
44
0.0000000001
40
0
40
0
40
0
40
0
40
1
40
1
40
1
40
1
41
1
41
1
41
1
41
1
10
3.623669254304601
20
31.658011830647791
30
0
10
3.6240521090444262
20
31.609927213191988
30
0
10
3.6239419686015784
20
31.56186192393303
30
0
10
3.6237693773921666
20
31.513776448567711
30
0
0
SPLINE
5
825
100
AcDbEntity
8
0
100
AcDbSpline
70
4
71
3
72
8
73
4
74
0
42
0.000000001
43
0.0000000001
44
0.0000000001
40
0
40
0
40
0
40
0
40
1
40
1
40
1
40
1
41
1
41
1
41
1
41
1
10
3.6237693773921666
20
31.513776448567711
30
0
10
3.6238518881019295
20
31.483338929017389
30
0
10
3.623962911686931
20
31.452901459932328
30
0
10
3.6241052742020625
20
31.422464192708336
30
0
0
SPLINE
5
826
100
AcDbEntity
8
0
100
AcDbSpline
70
4
71
3
72
8
73
4
74
0
42
0.000000001
43
0.0000000001
44
0.0000000001
40
0
40
0
40
0
40
0
40
1
40
1
40
1
40
1
41
1
41
1
41
1
41
1
10
3.6241052742020625
20
31.422464192708336
30
0
10
3.624066441179945
20
31.408035567601523
30
0
10
3.6240276081578271
20
31.393606942494714
30
0
10
3.6239875892019606
20
31.378741086324059
30
0
0
SPLINE
5
827
100
AcDbEntity
8
0
100
AcDbSpline
70
4
71
3
72
8
73
4
74
0
42
0.000000001
43
0.0000000001
44
0.0000000001
40
0
40
0
40
0
40
0
40
1
40
1
40
1
40
1
41
1
41
1
41
1
41
1
10
3.6239875892019606
20
31.378741086324059
30
0
10
3.6242392847156859
20
31.358676096598309
30
0
10
3.6242392847156859
20
31.358676096598309
30
0
10
3.6244960772212682
20
31.338205769856771
30
0
0
SPLINE
5
828
100
AcDbEntity
8
0
100
AcDbSpline
70
4
71
3
72
8
73
4
74
0
42
0.000000001
43
0.0000000001
44
0.0000000001
40
0
40
0
40
0
40
0
40
1
40
1
40
1
40
1
41
1
41
1
41
1
41
1
10
3.6244960772212682
20
31.338205769856771
30
0
10
3.6245675612704291
20
31.326427832841873
30
0
10
3.6246390200869576
20
31.314649946292242
30
0
10
3.624712674142553
20
31.30251511891683
30
0
0
SPLINE
5
829
100
AcDbEntity
8
0
100
AcDbSpline
70
4
71
3
72
8
73
4
74
0
42
0.000000001
43
0.0000000001
44
0.0000000001
40
0
40
0
40
0
40
0
40
1
40
1
40
1
40
1
41
1
41
1
41
1
41
1
10
3.624712674142553
20
31.30251511891683
30
0
10
3.6309388515568113
20
31.265950611432395
30
0
10
3.6395416906690929
20
31.254116254250206
30
0
10
3.6695288581864371
20
31.232708333333335
30
0
0
SPLINE
5
830
100
AcDbEntity
8
0
100
AcDbSpline
70
4
71
3
72
8
73
4
74
0
42
0.000000001
43
0.0000000001
44
0.0000000001
40
0
40
0
40
0
40
0
40
1
40
1
40
1
40
1
41
1
41
1
41
1
41
1
10
3.6695288581864371
20
31.232708333333335
30
0
10
3.7060967973089554
20
31.228762706518175
30
0
10
3.7396234219487843
20
31.227146152655287
30
0
10
3.7761890144364374
20
31.227437337239582
30
0
0
SPLINE
5
831
100
AcDbEntity
8
0
100
AcDbSpline
70
4
71
3
72
8
73
4
74
0
42
0.000000001
43
0.0000000001
44
0.0000000001
40
0
40
0
40
0
40
0
40
1
40
1
40
1
40
1
41
1
41
1
41
1
41
1
10
3.7761890144364374
20
31.227437337239582
30
0
10
3.7918198988056515
20
31.227380361954374
30
0
10
3.7918198988056515
20
31.227380361954374
30
0
10
3.8077665443436643
20
31.227322276433309
30
0
0
SPLINE
5
832
100
AcDbEntity
8
0
100
AcDbSpline
70
4
71
3
72
8
73
4
74
0
42
0.000000001
43
0.0000000001
44
0.0000000001
40
0
40
0
40
0
40
0
40
1
40
1
40
1
40
1
41
1
41
1
41
1
41
1
10
3.8077665443436643
20
31.227322276433309
30
0
10
3.8297840352074641
20
31.227295277516049
30
0
10
3.8518018414791761
20
31.227368401686352
30
0
10
3.8738187141434688
20
31.22753423055013
30
0
0
SPLINE
5
833
100
AcDbEntity
8
0
100
AcDbSpline
70
4
71
3
72
8
73
4
74
0
42
0.000000001
43
0.0000000001
44
0.0000000001
40
0
40
0
40
0
40
0
40
1
40
1
40
1
40
1
41
1
41
1
41
1
41
1
10
3.8738187141434688
20
31.22753423055013
30
0
10
3.9075318836387334
20
31.227746638854349
30
0
10
3.9412240595833796
20
31.227536249160771
30
0
10
3.9749365730301873
20
31.227282307942712
30
0
0
SPLINE
5
834
100
AcDbEntity
8
0
100
AcDbSpline
70
4
71
3
72
8
73
4
74
0
42
0.000000001
43
0.0000000001
44
0.0000000001
40
0
40
0
40
0
40
0
40
1
40
1
40
1
40
1
41
1
41
1
41
1
41
1
10
3.9749365730301873
20
31.227282307942712
30
0
10
3.9963306633101241
20
31.227308549880984
30
0
10
4.0177247386081856
20
31.227359368403754
30
0
10
4.0391187019364372
20
31.227437337239582
30
0
0
SPLINE
5
835
100
AcDbEntity
8
0
100
AcDbSpline
70
4
71
3
72
8
73
4
74
0
42
0.000000001
43
0.0000000001
44
0.0000000001
40
0
40
0
40
0
40
0
40
1
40
1
40
1
40
1
41
1
41
1
41
1
41
1
10
4.0391187019364372
20
31.227437337239582
30
0
10
4.0542507718470038
20
31.227316826184591
30
0
10
4.0542507718470038
20
31.227316826184591
30
0
10
4.069688541413977
20
31.227193892796837
30
0
0
SPLINE
5
836
100
AcDbEntity
8
0
100
AcDbSpline
70
4
71
3
72
8
73
4
74
0
42
0.000000001
43
0.0000000001
44
0.0000000001
40
0
40
0
40
0
40
0
40
1
40
1
40
1
40
1
41
1
41
1
41
1
41
1
10
4.069688541413977
20
31.227193892796837
30
0
10
4.1393526616907454
20
31.228120636940005
30
0
10
4.1393526616907454
20
31.228120636940005
30
0
10
4.1682631527599039
20
31.248759921391809
30
0
0
SPLINE
5
837
100
AcDbEntity
8
0
100
AcDbSpline
70
4
71
3
72
8
73
4
74
0
42
0.000000001
43
0.0000000001
44
0.0000000001
40
0
40
0
40
0
40
0
40
1
40
1
40
1
40
1
41
1
41
1
41
1
41
1
10
4.1682631527599039
20
31.248759921391809
30
0
10
4.191019164941344
20
31.280024970372516
30
0
10
4.1905779849704441
20
31.299704052209858
30
0
10
4.1908116391516064
20
31.338205769856771
30
0
0
SPLINE
5
838
100
AcDbEntity
8
0
100
AcDbSpline
70
4
71
3
72
8
73
4
74
0
42
0.000000001
43
0.0000000001
44
0.0000000001
40
0
40
0
40
0
40
0
40
1
40
1
40
1
40
1
41
1
41
1
41
1
41
1
10
4.1908116391516064
20
31.338205769856771
30
0
10
4.1909794361607569
20
31.351582446495691
30
0
10
4.1911472457862233
20
31.36495907266935
30
0
10
4.1913201271709148
20
31.378741086324059
30
0
0
SPLINE
5
839
100
AcDbEntity
8
0
100
AcDbSpline
70
4
71
3
72
8
73
4
74
0
42
0.000000001
43
0.0000000001
44
0.0000000001
40
0
40
0
40
0
40
0
40
1
40
1
40
1
40
1
41
1
41
1
41
1
41
1
10
4.1913201271709148
20
31.378741086324059
30
0
10
4.191281294148796
20
31.393169711430868
30
0
10
4.191242461126679
20
31.407598336537678
30
0
10
4.1912024421708125
20
31.422464192708336
30
0
0
SPLINE
5
840
100
AcDbEntity
8
0
100
AcDbSpline
70
4
71
3
72
8
73
4
74
0
42
0.000000001
43
0.0000000001
44
0.0000000001
40
0
40
0
40
0
40
0
40
1
40
1
40
1
40
1
41
1
41
1
41
1
41
1
10
4.1912024421708125
20
31.422464192708336
30
0
10
4.1912717814461722
20
31.437289323409399
30
0
10
4.1913411333378487
20
31.452114403645197
30
0
10
4.1914125795380608
20
31.467388776143395
30
0
0
SPLINE
5
841
100
AcDbEntity
8
0
100
AcDbSpline
70
4
71
3
72
8
73
4
74
0
42
0.000000001
43
0.0000000001
44
0.0000000001
40
0
40
0
40
0
40
0
40
1
40
1
40
1
40
1
41
1
41
1
41
1
41
1
10
4.1914125795380608
20
31.467388776143395
30
0
10
4.1914976008948024
20
31.498748195171359
30
0
10
4.1914797235743535
20
31.530108017921449
30
0
10
4.1913671607987428
20
31.561467336018882
30
0
0
SPLINE
5
842
100
AcDbEntity
8
0
100
AcDbSpline
70
4
71
3
72
8
73
4
74
0
42
0.000000001
43
0.0000000001
44
0.0000000001
40
0
40
0
40
0
40
0
40
1
40
1
40
1
40
1
41
1
41
1
41
1
41
1
10
4.1913671607987428
20
31.561467336018882
30
0
10
4.1912545601741806
20
31.60955339173476
30
0
10
4.1916350304301915
20
31.657618706226351
30
0
10
4.1920551033036251
20
31.705702718098962
30
0
0
SPLINE
5
843
100
AcDbEntity
8
0
100
AcDbSpline
70
4
71
3
72
8
73
4
74
0
42
0.000000001
43
0.0000000001
44
0.0000000001
40
0
40
0
40
0
40
0
40
1
40
1
40
1
40
1
41
1
41
1
41
1
41
1
10
4.1920551033036251
20
31.705702718098962
30
0
10
4.1920764248784721
20
31.736140136718753
30
0
10
4.192068792007003
20
31.766577580571177
30
0
10
4.1920292650874789
20
31.797014973958333
30
0
0
SPLINE
5
844
100
AcDbEntity
8
0
100
AcDbSpline
70
4
71
3
72
8
73
4
74
0
42
0.000000001
43
0.0000000001
44
0.0000000001
40
0
40
0
40
0
40
0
40
1
40
1
40
1
40
1
41
1
41
1
41
1
41
1
10
4.1920292650874789
20
31.797014973958333
30
0
10
4.1922521953996359
20
31.818657911618551
30
0
10
4.1922521953996359
20
31.818657911618551
30
0
10
4.1924796171204584
20
31.840738080342614
30
0
0
SPLINE
5
845
100
AcDbEntity
8
0
100
AcDbSpline
70
4
71
3
72
8
73
4
74
0
42
0.000000001
43
0.0000000001
44
0.0000000001
40
0
40
0
40
0
40
0
40
1
40
1
40
1
40
1
41
1
41
1
41
1
41
1
10
4.1924796171204584
20
31.840738080342614
30
0
10
4.1923555104152701
20
31.854114731748901
30
0
10
4.192231416326397
20
31.86749138315519
30
0
10
4.1921035499588983
20
31.881273396809895
30
0
0
SPLINE
5
846
100
AcDbEntity
8
0
100
AcDbSpline
70
4
71
3
72
8
73
4
74
0
42
0.000000001
43
0.0000000001
44
0.0000000001
40
0
40
0
40
0
40
0
40
1
40
1
40
1
40
1
41
1
41
1
41
1
41
1
10
4.1921035499588983
20
31.881273396809895
30
0
10
4.1921013547198314
20
31.893051308592163
30
0
10
4.1920991594807644
20
31.904829226682587
30
0
10
4.1920968885437979
20
31.91696404774984
30
0
0
SPLINE
5
847
100
AcDbEntity
8
0
100
AcDbSpline
70
4
71
3
72
8
73
4
74
0
42
0.000000001
43
0.0000000001
44
0.0000000001
40
0
40
0
40
0
40
0
40
1
40
1
40
1
40
1
41
1
41
1
41
1
41
1
10
4.1920968885437979
20
31.91696404774984
30
0
10
4.1854663581864378
20
31.947083333333339
30
0
10
4.1854663581864378
20
31.947083333333339
30
0
10
4.1614967699067131
20
31.970719245274864
30
0
0
SPLINE
5
848
100
AcDbEntity
8
0
100
AcDbSpline
70
4
71
3
72
8
73
4
74
0
42
0.000000001
43
0.0000000001
44
0.0000000001
40
0
40
0
40
0
40
0
40
1
40
1
40
1
40
1
41
1
41
1
41
1
41
1
10
4.1614967699067131
20
31.970719245274864
30
0
10
4.1191521979586625
20
31.99419994301163
30
0
10
4.078024444502228
20
31.992445020042748
30
0
10
4.0308504727697709
20
31.992041829427084
30
0
0
SPLINE
5
849
100
AcDbEntity
8
0
100
AcDbSpline
70
4
71
3
72
8
73
4
74
0
42
0.000000001
43
0.0000000001
44
0.0000000001
40
0
40
0
40
0
40
0
40
1
40
1
40
1
40
1
41
1
41
1
41
1
41
1
10
4.9568921394364374
20
31.992041829427084
30
0
10
4.9471089185430444
20
31.992079799515949
30
0
10
4.9373256976496513
20
31.992117769604814
30
0
10
4.9272460161861122
20
31.99215689023336
30
0
0
SPLINE
5
850
100
AcDbEntity
8
0
100
AcDbSpline
70
4
71
3
72
8
73
4
74
0
42
0.000000001
43
0.0000000001
44
0.0000000001
40
0
40
0
40
0
40
0
40
1
40
1
40
1
40
1
41
1
41
1
41
1
41
1
10
4.9272460161861122
20
31.99215689023336
30
0
10
4.9066087156500755
20
31.992183838315739
30
0
10
4.8859710744734937
20
31.992111017306648
30
0
10
4.865334420523677
20
31.991944936098058
30
0
0
SPLINE
5
851
100
AcDbEntity
8
0
100
AcDbSpline
70
4
71
3
72
8
73
4
74
0
42
0.000000001
43
0.0000000001
44
0.0000000001
40
0
40
0
40
0
40
0
40
1
40
1
40
1
40
1
41
1
41
1
41
1
41
1
10
4.865334420523677
20
31.991944936098058
30
0
10
4.8337997860924737
20
31.991732473305895
30
0
10
4.8022875708556514
20
31.991943077532294
30
0
10
4.7707536303218543
20
31.992196858723961
30
0
0
SPLINE
5
852
100
AcDbEntity
8
0
100
AcDbSpline
70
4
71
3
72
8
73
4
74
0
42
0.000000001
43
0.0000000001
44
0.0000000001
40
0
40
0
40
0
40
0
40
1
40
1
40
1
40
1
41
1
41
1
41
1
41
1
10
4.7707536303218543
20
31.992196858723961
30
0
10
4.7506686689671218
20
31.99217063190309
30
0
10
4.7305837328450222
20
31.992119781500712
30
0
10
4.710498910269771
20
31.992041829427084
30
0
0
SPLINE
5
853
100
AcDbEntity
8
0
100
AcDbSpline
70
4
71
3
72
8
73
4
74
0
42
0.000000001
43
0.0000000001
44
0.0000000001
40
0
40
0
40
0
40
0
40
1
40
1
40
1
40
1
41
1
41
1
41
1
41
1
10
4.710498910269771
20
31.992041829427084
30
0
10
4.696399621488287
20
31.992162334432656
30
0
10
4.696399621488287
20
31.992162334432656
30
0
10
4.6820155067460076
20
31.992285273869836
30
0
0
SPLINE
5
854
100
AcDbEntity
8
0
100
AcDbSpline
70
4
71
3
72
8
73
4
74
0
42
0.000000001
43
0.0000000001
44
0.0000000001
40
0
40
0
40
0
40
0
40
1
40
1
40
1
40
1
41
1
41
1
41
1
41
1
10
4.6820155067460076
20
31.992285273869836
30
0
10
4.6265177435891172
20
31.991499027589647
30
0
10
4.5956386529620827
20
31.986285530949633
30
0
10
4.5558830248531041
20
31.947083333333339
30
0
0
SPLINE
5
855
100
AcDbEntity
8
0
100
AcDbSpline
70
4
71
3
72
8
73
4
74
0
42
0.000000001
43
0.0000000001
44
0.0000000001
40
0
40
0
40
0
40
0
40
1
40
1
40
1
40
1
41
1
41
1
41
1
41
1
10
4.5558830248531041
20
31.947083333333339
30
0
10
4.5492524944957431
20
31.91696404774984
30
0
10
4.5492524944957431
20
31.91696404774984
30
0
10
4.5492458330806436
20
31.881273396809895
30
0
0
SPLINE
5
856
100
AcDbEntity
8
0
100
AcDbSpline
70
4
71
3
72
8
73
4
74
0
42
0.000000001
43
0.0000000001
44
0.0000000001
40
0
40
0
40
0
40
0
40
1
40
1
40
1
40
1
41
1
41
1
41
1
41
1
10
4.5492458330806436
20
31.881273396809895
30
0
10
4.5491217389917713
20
31.867896745403609
30
0
10
4.5489976196702662
20
31.854520093997323
30
0
10
4.5488697659190827
20
31.840738080342614
30
0
0
SPLINE
5
857
100
AcDbEntity
8
0
100
AcDbSpline
70
4
71
3
72
8
73
4
74
0
42
0.000000001
43
0.0000000001
44
0.0000000001
40
0
40
0
40
0
40
0
40
1
40
1
40
1
40
1
41
1
41
1
41
1
41
1
10
4.5488697659190827
20
31.840738080342614
30
0
10
4.5490183861271873
20
31.826309455235801
30
0
10
4.549167006335292
20
31.811880830128988
30
0
10
4.5493201179520621
20
31.797014973958333
30
0
0
SPLINE
5
858
100
AcDbEntity
8
0
100
AcDbSpline
70
4
71
3
72
8
73
4
74
0
42
0.000000001
43
0.0000000001
44
0.0000000001
40
0
40
0
40
0
40
0
40
1
40
1
40
1
40
1
41
1
41
1
41
1
41
1
10
4.5493201179520621
20
31.797014973958333
30
0
10
4.5493008654531177
20
31.782189855873586
30
0
10
4.5492816129541733
20
31.767364737788839
30
0
10
4.5492617801046711
20
31.752090390523279
30
0
0
SPLINE
5
859
100
AcDbEntity
8
0
100
AcDbSpline
70
4
71
3
72
8
73
4
74
0
42
0.000000001
43
0.0000000001
44
0.0000000001
40
0
40
0
40
0
40
0
40
1
40
1
40
1
40
1
41
1
41
1
41
1
41
1
10
4.5492617801046711
20
31.752090390523279
30
0
10
4.5492837577279746
20
31.720730517307917
30
0
10
4.549436970275277
20
31.689370517929397
30
0
10
4.5497109209712683
20
31.658011830647791
30
0
0
SPLINE
5
860
100
AcDbEntity
8
0
100
AcDbSpline
70
4
71
3
72
8
73
4
74
0
42
0.000000001
43
0.0000000001
44
0.0000000001
40
0
40
0
40
0
40
0
40
1
40
1
40
1
40
1
41
1
41
1
41
1
41
1
10
4.5497109209712683
20
31.658011830647791
30
0
10
4.5500937757110931
20
31.609927213191988
30
0
10
4.5499836352682452
20
31.56186192393303
30
0
10
4.5498110440588331
20
31.513776448567711
30
0
0
SPLINE
5
861
100
AcDbEntity
8
0
100
AcDbSpline
70
4
71
3
72
8
73
4
74
0
42
0.000000001
43
0.0000000001
44
0.0000000001
40
0
40
0
40
0
40
0
40
1
40
1
40
1
40
1
41
1
41
1
41
1
41
1
10
4.5498110440588331
20
31.513776448567711
30
0
10
4.5498935547685964
20
31.483338929017389
30
0
10
4.5500045783535974
20
31.452901459932328
30
0
10
4.5501469408687285
20
31.422464192708336
30
0
0
SPLINE
5
862
100
AcDbEntity
8
0
100
AcDbSpline
70
4
71
3
72
8
73
4
74
0
42
0.000000001
43
0.0000000001
44
0.0000000001
40
0
40
0
40
0
40
0
40
1
40
1
40
1
40
1
41
1
41
1
41
1
41
1
10
4.5501469408687285
20
31.422464192708336
30
0
10
4.5501081078466115
20
31.408035567601523
30
0
10
4.5500692748244944
20
31.393606942494714
30
0
10
4.5500292558686271
20
31.378741086324059
30
0
0
SPLINE
5
863
100
AcDbEntity
8
0
100
AcDbSpline
70
4
71
3
72
8
73
4
74
0
42
0.000000001
43
0.0000000001
44
0.0000000001
40
0
40
0
40
0
40
0
40
1
40
1
40
1
40
1
41
1
41
1
41
1
41
1
10
4.5500292558686271
20
31.378741086324059
30
0
10
4.5502809513823532
20
31.358676096598309
30
0
10
4.5502809513823532
20
31.358676096598309
30
0
10
4.5505377438879355
20
31.338205769856771
30
0
0
SPLINE
5
864
100
AcDbEntity
8
0
100
AcDbSpline
70
4
71
3
72
8
73
4
74
0
42
0.000000001
43
0.0000000001
44
0.0000000001
40
0
40
0
40
0
40
0
40
1
40
1
40
1
40
1
41
1
41
1
41
1
41
1
10
4.5505377438879355
20
31.338205769856771
30
0
10
4.5506092279370964
20
31.326427832841873
30
0
10
4.5506806867536245
20
31.314649946292242
30
0
10
4.5507543408092204
20
31.30251511891683
30
0
0
SPLINE
5
865
100
AcDbEntity
8
0
100
AcDbSpline
70
4
71
3
72
8
73
4
74
0
42
0.000000001
43
0.0000000001
44
0.0000000001
40
0
40
0
40
0
40
0
40
1
40
1
40
1
40
1
41
1
41
1
41
1
41
1
10
4.5507543408092204
20
31.30251511891683
30
0
10
4.5569805182234786
20
31.265950611432395
30
0
10
4.5655833573357603
20
31.254116254250206
30
0
10
4.5955705248531045
20
31.232708333333335
30
0
0
SPLINE
5
866
100
AcDbEntity
8
0
100
AcDbSpline
70
4
71
3
72
8
73
4
74
0
42
0.000000001
43
0.0000000001
44
0.0000000001
40
0
40
0
40
0
40
0
40
1
40
1
40
1
40
1
41
1
41
1
41
1
41
1
10
4.5955705248531045
20
31.232708333333335
30
0
10
4.6321384639756218
20
31.228762706518175
30
0
10
4.6656650886154507
20
31.227146152655287
30
0
10
4.7022306811031047
20
31.227437337239582
30
0
0
SPLINE
5
867
100
AcDbEntity
8
0
100
AcDbSpline
70
4
71
3
72
8
73
4
74
0
42
0.000000001
43
0.0000000001
44
0.0000000001
40
0
40
0
40
0
40
0
40
1
40
1
40
1
40
1
41
1
41
1
41
1
41
1
10
4.7022306811031047
20
31.227437337239582
30
0
10
4.7178615654723188
20
31.227380361954374
30
0
10
4.7178615654723188
20
31.227380361954374
30
0
10
4.7338082110103308
20
31.227322276433309
30
0
0
SPLINE
5
868
100
AcDbEntity
8
0
100
AcDbSpline
70
4
71
3
72
8
73
4
74
0
42
0.000000001
43
0.0000000001
44
0.0000000001
40
0
40
0
40
0
40
0
40
1
40
1
40
1
40
1
41
1
41
1
41
1
41
1
10
4.7338082110103308
20
31.227322276433309
30
0
10
4.755825701874131
20
31.227295277516049
30
0
10
4.7778435081458426
20
31.227368401686352
30
0
10
4.7998603808101352
20
31.22753423055013
30
0
0
SPLINE
5
869
100
AcDbEntity
8
0
100
AcDbSpline
70
4
71
3
72
8
73
4
74
0
42
0.000000001
43
0.0000000001
44
0.0000000001
40
0
40
0
40
0
40
0
40
1
40
1
40
1
40
1
41
1
41
1
41
1
41
1
10
4.7998603808101352
20
31.22753423055013
30
0
10
4.8335735503053998
20
31.227746638854349
30
0
10
4.8672657262500465
20
31.227536249160771
30
0
10
4.9009782396968546
20
31.227282307942712
30
0
0
SPLINE
5
870
100
AcDbEntity
8
0
100
AcDbSpline
70
4
71
3
72
8
73
4
74
0
42
0.000000001
43
0.0000000001
44
0.0000000001
40
0
40
0
40
0
40
0
40
1
40
1
40
1
40
1
41
1
41
1
41
1
41
1
10
4.9009782396968546
20
31.227282307942712
30
0
10
4.922372329976791
20
31.227308549880984
30
0
10
4.943766405274852
20
31.227359368403754
30
0
10
4.9651603686031045
20
31.227437337239582
30
0
0
SPLINE
5
871
100
AcDbEntity
8
0
100
AcDbSpline
70
4
71
3
72
8
73
4
74
0
42
0.000000001
43
0.0000000001
44
0.0000000001
40
0
40
0
40
0
40
0
40
1
40
1
40
1
40
1
41
1
41
1
41
1
41
1
10
4.9651603686031045
20
31.227437337239582
30
0
10
4.9802924385136702
20
31.227316826184591
30
0
10
4.9802924385136702
20
31.227316826184591
30
0
10
4.9957302080806434
20
31.227193892796837
30
0
0
SPLINE
5
872
100
AcDbEntity
8
0
100
AcDbSpline
70
4
71
3
72
8
73
4
74
0
42
0.000000001
43
0.0000000001
44
0.0000000001
40
0
40
0
40
0
40
0
40
1
40
1
40
1
40
1
41
1
41
1
41
1
41
1
10
4.9957302080806434
20
31.227193892796837
30
0
10
5.0653943283574119
20
31.228120636940005
30
0
10
5.0653943283574119
20
31.228120636940005
30
0
10
5.0943048194265703
20
31.248759921391809
30
0
0
SPLINE
5
873
100
AcDbEntity
8
0
100
AcDbSpline
70
4
71
3
72
8
73
4
74
0
42
0.000000001
43
0.0000000001
44
0.0000000001
40
0
40
0
40
0
40
0
40
1
40
1
40
1
40
1
41
1
41
1
41
1
41
1
10
5.0943048194265703
20
31.248759921391809
30
0
10
5.1170608316080113
20
31.280024970372516
30
0
10
5.1166196516371105
20
31.299704052209858
30
0
10
5.1168533058182746
20
31.338205769856771
30
0
0
SPLINE
5
874
100
AcDbEntity
8
0
100
AcDbSpline
70
4
71
3
72
8
73
4
74
0
42
0.000000001
43
0.0000000001
44
0.0000000001
40
0
40
0
40
0
40
0
40
1
40
1
40
1
40
1
41
1
41
1
41
1
41
1
10
5.1168533058182746
20
31.338205769856771
30
0
10
5.1170211028274242
20
31.351582446495691
30
0
10
5.1171889124528906
20
31.36495907266935
30
0
10
5.1173617938375804
20
31.378741086324059
30
0
0
SPLINE
5
875
100
AcDbEntity
8
0
100
AcDbSpline
70
4
71
3
72
8
73
4
74
0
42
0.000000001
43
0.0000000001
44
0.0000000001
40
0
40
0
40
0
40
0
40
1
40
1
40
1
40
1
41
1
41
1
41
1
41
1
10
5.1173617938375804
20
31.378741086324059
30
0
10
5.1173229608154633
20
31.393169711430868
30
0
10
5.1172841277933454
20
31.407598336537678
30
0
10
5.1172441088374798
20
31.422464192708336
30
0
0
SPLINE
5
876
100
AcDbEntity
8
0
100
AcDbSpline
70
4
71
3
72
8
73
4
74
0
42
0.000000001
43
0.0000000001
44
0.0000000001
40
0
40
0
40
0
40
0
40
1
40
1
40
1
40
1
41
1
41
1
41
1
41
1
10
5.1172441088374798
20
31.422464192708336
30
0
10
5.1173134481128386
20
31.437289323409399
30
0
10
5.1173828000045152
20
31.452114403645197
30
0
10
5.1174542462047281
20
31.467388776143395
30
0
0
SPLINE
5
877
100
AcDbEntity
8
0
100
AcDbSpline
70
4
71
3
72
8
73
4
74
0
42
0.000000001
43
0.0000000001
44
0.0000000001
40
0
40
0
40
0
40
0
40
1
40
1
40
1
40
1
41
1
41
1
41
1
41
1
10
5.1174542462047281
20
31.467388776143395
30
0
10
5.1175392675614697
20
31.498748195171359
30
0
10
5.1175213902410208
20
31.530108017921449
30
0
10
5.1174088274654084
20
31.561467336018882
30
0
0
SPLINE
5
878
100
AcDbEntity
8
0
100
AcDbSpline
70
4
71
3
72
8
73
4
74
0
42
0.000000001
43
0.0000000001
44
0.0000000001
40
0
40
0
40
0
40
0
40
1
40
1
40
1
40
1
41
1
41
1
41
1
41
1
10
5.1174088274654084
20
31.561467336018882
30
0
10
5.117296226840848
20
31.60955339173476
30
0
10
5.1176766970968579
20
31.657618706226351
30
0
10
5.1180967699702915
20
31.705702718098962
30
0
0
SPLINE
5
879
100
AcDbEntity
8
0
100
AcDbSpline
70
4
71
3
72
8
73
4
74
0
42
0.000000001
43
0.0000000001
44
0.0000000001
40
0
40
0
40
0
40
0
40
1
40
1
40
1
40
1
41
1
41
1
41
1
41
1
10
5.1180967699702915
20
31.705702718098962
30
0
10
5.1181180915451385
20
31.736140136718753
30
0
10
5.1181104586736703
20
31.766577580571177
30
0
10
5.1180709317541462
20
31.797014973958333
30
0
0
SPLINE
5
880
100
AcDbEntity
8
0
100
AcDbSpline
70
4
71
3
72
8
73
4
74
0
42
0.000000001
43
0.0000000001
44
0.0000000001
40
0
40
0
40
0
40
0
40
1
40
1
40
1
40
1
41
1
41
1
41
1
41
1
10
5.1180709317541462
20
31.797014973958333
30
0
10
5.1182938620663032
20
31.818657911618551
30
0
10
5.1182938620663032
20
31.818657911618551
30
0
10
5.1185212837871248
20
31.840738080342614
30
0
0
SPLINE
5
881
100
AcDbEntity
8
0
100
AcDbSpline
70
4
71
3
72
8
73
4
74
0
42
0.000000001
43
0.0000000001
44
0.0000000001
40
0
40
0
40
0
40
0
40
1
40
1
40
1
40
1
41
1
41
1
41
1
41
1
10
5.1185212837871248
20
31.840738080342614
30
0
10
5.1183971770819365
20
31.854114731748901
30
0
10
5.1182730829930643
20
31.86749138315519
30
0
10
5.1181452166255648
20
31.881273396809895
30
0
0
SPLINE
5
882
100
AcDbEntity
8
0
100
AcDbSpline
70
4
71
3
72
8
73
4
74
0
42
0.000000001
43
0.0000000001
44
0.0000000001
40
0
40
0
40
0
40
0
40
1
40
1
40
1
40
1
41
1
41
1
41
1
41
1
10
5.1181452166255648
20
31.881273396809895
30
0
10
5.1181430213864987
20
31.893051308592163
30
0
10
5.1181408261474299
20
31.904829226682587
30
0
10
5.1181385552104652
20
31.91696404774984
30
0
0
SPLINE
5
883
100
AcDbEntity
8
0
100
AcDbSpline
70
4
71
3
72
8
73
4
74
0
42
0.000000001
43
0.0000000001
44
0.0000000001
40
0
40
0
40
0
40
0
40
1
40
1
40
1
40
1
41
1
41
1
41
1
41
1
10
5.1181385552104652
20
31.91696404774984
30
0
10
5.1115080248531042
20
31.947083333333339
30
0
10
5.1115080248531042
20
31.947083333333339
30
0
10
5.0875384365733805
20
31.970719245274864
30
0
0
SPLINE
5
884
100
AcDbEntity
8
0
100
AcDbSpline
70
4
71
3
72
8
73
4
74
0
42
0.000000001
43
0.0000000001
44
0.0000000001
40
0
40
0
40
0
40
0
40
1
40
1
40
1
40
1
41
1
41
1
41
1
41
1
10
5.0875384365733805
20
31.970719245274864
30
0
10
5.045193864625328
20
31.99419994301163
30
0
10
5.0040661111688944
20
31.992445020042748
30
0
10
4.9568921394364374
20
31.992041829427084
30
0
0
SPLINE
5
885
100
AcDbEntity
8
0
100
AcDbSpline
70
4
71
3
72
8
73
4
74
0
42
0.000000001
43
0.0000000001
44
0.0000000001
40
0
40
0
40
0
40
0
40
1
40
1
40
1
40
1
41
1
41
1
41
1
41
1
10
5.0585913581864368
20
28.533958333333334
30
0
10
5.0149351088172534
20
28.533958333333334
30
0
10
4.9712788594480699
20
28.533958333333334
30
0
10
4.9262996915197714
20
28.533958333333334
30
0
0
SPLINE
5
886
100
AcDbEntity
8
0
100
AcDbSpline
70
4
71
3
72
8
73
4
74
0
42
0.000000001
43
0.0000000001
44
0.0000000001
40
0
40
0
40
0
40
0
40
1
40
1
40
1
40
1
41
1
41
1
41
1
41
1
10
4.9262996915197714
20
28.533958333333334
30
0
10
4.9088371955569921
20
28.490302083964153
30
0
10
4.8913746869778967
20
28.446645834594968
30
0
10
4.873383024853104
20
28.401666666666667
30
0
0
SPLINE
5
887
100
AcDbEntity
8
0
100
AcDbSpline
70
4
71
3
72
8
73
4
74
0
42
0.000000001
43
0.0000000001
44
0.0000000001
40
0
40
0
40
0
40
0
40
1
40
1
40
1
40
1
41
1
41
1
41
1
41
1
10
4.873383024853104
20
28.401666666666667
30
0
10
4.8559205288903255
20
28.440957288891081
30
0
10
4.8384580329275471
20
28.480247917423647
30
0
10
4.8204663581864375
20
28.520729166666669
30
0
0
SPLINE
5
888
100
AcDbEntity
8
0
100
AcDbSpline
70
4
71
3
72
8
73
4
74
0
42
0.000000001
43
0.0000000001
44
0.0000000001
40
0
40
0
40
0
40
0
40
1
40
1
40
1
40
1
41
1
41
1
41
1
41
1
10
4.8204663581864375
20
28.520729166666669
30
0
10
4.8073694862143537
20
28.520729166666669
30
0
10
4.7942726142422689
20
28.520729166666669
30
0
10
4.7807788581864372
20
28.520729166666669
30
0
0
SPLINE
5
889
100
AcDbEntity
8
0
100
AcDbSpline
70
4
71
3
72
8
73
4
74
0
42
0.000000001
43
0.0000000001
44
0.0000000001
40
0
40
0
40
0
40
0
40
1
40
1
40
1
40
1
41
1
41
1
41
1
41
1
10
4.7807788581864372
20
28.520729166666669
30
0
10
4.7410913581864378
20
28.433085937500003
30
0
10
4.7410913581864378
20
28.433085937500003
30
0
10
4.7410913581864378
20
28.388437500000002
30
0
0
SPLINE
5
890
100
AcDbEntity
8
0
100
AcDbSpline
70
4
71
3
72
8
73
4
74
0
42
0.000000001
43
0.0000000001
44
0.0000000001
40
0
40
0
40
0
40
0
40
1
40
1
40
1
40
1
41
1
41
1
41
1
41
1
10
4.7410913581864378
20
28.388437500000002
30
0
10
4.7323601102050485
20
28.388437500000002
30
0
10
4.7236288622236593
20
28.388437500000002
30
0
10
4.7146330248531045
20
28.388437500000002
30
0
0
SPLINE
5
891
100
AcDbEntity
8
0
100
AcDbSpline
70
4
71
3
72
8
73
4
74
0
42
0.000000001
43
0.0000000001
44
0.0000000001
40
0
40
0
40
0
40
0
40
1
40
1
40
1
40
1
41
1
41
1
41
1
41
1
10
4.7146330248531045
20
28.388437500000002
30
0
10
4.712723065934215
20
28.40262578427792
30
0
10
4.7108131070153254
20
28.416814068555833
30
0
10
4.7088452644364374
20
28.43143229166667
30
0
0
SPLINE
5
892
100
AcDbEntity
8
0
100
AcDbSpline
70
4
71
3
72
8
73
4
74
0
42
0.000000001
43
0.0000000001
44
0.0000000001
40
0
40
0
40
0
40
0
40
1
40
1
40
1
40
1
41
1
41
1
41
1
41
1
10
4.7088452644364374
20
28.43143229166667
30
0
10
4.7014038581864375
20
28.48104166666667
30
0
10
4.7014038581864375
20
28.48104166666667
30
0
10
4.6881746915197713
20
28.533958333333334
30
0
0
SPLINE
5
893
100
AcDbEntity
8
0
100
AcDbSpline
70
4
71
3
72
8
73
4
74
0
42
0.000000001
43
0.0000000001
44
0.0000000001
40
0
40
0
40
0
40
0
40
1
40
1
40
1
40
1
41
1
41
1
41
1
41
1
10
4.6881746915197713
20
28.533958333333334
30
0
10
4.6445184516128242
20
28.533958333333334
30
0
10
4.6008622117058771
20
28.533958333333334
30
0
10
4.5558830248531041
20
28.533958333333334
30
0
0
SPLINE
5
894
100
AcDbEntity
8
0
100
AcDbSpline
70
4
71
3
72
8
73
4
74
0
42
0.000000001
43
0.0000000001
44
0.0000000001
40
0
40
0
40
0
40
0
40
1
40
1
40
1
40
1
41
1
41
1
41
1
41
1
10
4.5558830248531041
20
28.533958333333334
30
0
10
4.5638292856232656
20
28.479500028491024
30
0
10
4.5759083993451135
20
28.42947860459487
30
0
10
4.5935551439937292
20
28.377378743489583
30
0
0
SPLINE
5
895
100
AcDbEntity
8
0
100
AcDbSpline
70
4
71
3
72
8
73
4
74
0
42
0.000000001
43
0.0000000001
44
0.0000000001
40
0
40
0
40
0
40
0
40
1
40
1
40
1
40
1
41
1
41
1
41
1
41
1
10
4.5935551439937292
20
28.377378743489583
30
0
10
4.5982874233738915
20
28.36330983479818
30
0
10
4.6030197027540538
20
28.349240926106773
30
0
10
4.6078953539546665
20
28.334745686848958
30
0
0
SPLINE
5
896
100
AcDbEntity
8
0
100
AcDbSpline
70
4
71
3
72
8
73
4
74
0
42
0.000000001
43
0.0000000001
44
0.0000000001
40
0
40
0
40
0
40
0
40
1
40
1
40
1
40
1
41
1
41
1
41
1
41
1
10
4.6078953539546665
20
28.334745686848958
30
0
10
4.6128322699880933
20
28.320267504851024
30
0
10
4.61776918602152
20
28.305789322853091
30
0
10
4.6228556811031041
20
28.290872395833336
30
0
0
SPLINE
5
897
100
AcDbEntity
8
0
100
AcDbSpline
70
4
71
3
72
8
73
4
74
0
42
0.000000001
43
0.0000000001
44
0.0000000001
40
0
40
0
40
0
40
0
40
1
40
1
40
1
40
1
41
1
41
1
41
1
41
1
10
4.6228556811031041
20
28.290872395833336
30
0
10
4.627843768916164
20
28.276087258855505
30
0
10
4.6328318062639573
20
28.261302096645039
30
0
10
4.6379710375484171
20
28.246068929036458
30
0
0
SPLINE
5
898
100
AcDbEntity
8
0
100
AcDbSpline
70
4
71
3
72
8
73
4
74
0
42
0.000000001
43
0.0000000001
44
0.0000000001
40
0
40
0
40
0
40
0
40
1
40
1
40
1
40
1
41
1
41
1
41
1
41
1
10
4.6379710375484171
20
28.246068929036458
30
0
10
4.6502420706765193
20
28.209721800684928
30
0
10
4.6625684642013248
20
28.173394454717638
30
0
10
4.6749455248531042
20
28.137083333333337
30
0
0
SPLINE
5
899
100
AcDbEntity
8
0
100
AcDbSpline
70
4
71
3
72
8
73
4
74
0
42
0.000000001
43
0.0000000001
44
0.0000000001
40
0
40
0
40
0
40
0
40
1
40
1
40
1
40
1
41
1
41
1
41
1
41
1
10
4.6749455248531042
20
28.137083333333337
30
0
10
4.7067103818273885
20
28.141808497111004
30
0
10
4.7067103818273885
20
28.141808497111004
30
0
10
4.7410913581864378
20
28.150312500000002
30
0
0
SPLINE
5
900
100
AcDbEntity
8
0
100
AcDbSpline
70
4
71
3
72
8
73
4
74
0
42
0.000000001
43
0.0000000001
44
0.0000000001
40
0
40
0
40
0
40
0
40
1
40
1
40
1
40
1
41
1
41
1
41
1
41
1
10
4.7410913581864378
20
28.150312500000002
30
0
10
4.7620203132645624
20
28.180543212890626
30
0
10
4.7620203132645624
20
28.180543212890626
30
0
10
4.7782983894364381
20
28.217285156250004
30
0
0
SPLINE
5
901
100
AcDbEntity
8
0
100
AcDbSpline
70
4
71
3
72
8
73
4
74
0
42
0.000000001
43
0.0000000001
44
0.0000000001
40
0
40
0
40
0
40
0
40
1
40
1
40
1
40
1
41
1
41
1
41
1
41
1
10
4.7782983894364381
20
28.217285156250004
30
0
10
4.783840686799719
20
28.22944410602252
30
0
10
4.7893829841630007
20
28.241603055795036
30
0
10
4.7950932299312292
20
28.254130452473959
30
0
0
SPLINE
5
902
100
AcDbEntity
8
0
100
AcDbSpline
70
4
71
3
72
8
73
4
74
0
42
0.000000001
43
0.0000000001
44
0.0000000001
40
0
40
0
40
0
40
0
40
1
40
1
40
1
40
1
41
1
41
1
41
1
41
1
10
4.7950932299312292
20
28.254130452473959
30
0
10
4.7991007271623944
20
28.263526782194774
30
0
10
4.8031082496261934
20
28.272923111915592
30
0
10
4.8072371915197714
20
28.282604166666665
30
0
0
SPLINE
5
903
100
AcDbEntity
8
0
100
AcDbSpline
70
4
71
3
72
8
73
4
74
0
42
0.000000001
43
0.0000000001
44
0.0000000001
40
0
40
0
40
0
40
0
40
1
40
1
40
1
40
1
41
1
41
1
41
1
41
1
10
4.8072371915197714
20
28.282604166666665
30
0
10
4.8132484625991525
20
28.268509672085447
30
0
10
4.8132484625991525
20
28.268509672085447
30
0
10
4.8193811531083126
20
28.254130452473959
30
0
0
SPLINE
5
904
100
AcDbEntity
8
0
100
AcDbSpline
70
4
71
3
72
8
73
4
74
0
42
0.000000001
43
0.0000000001
44
0.0000000001
40
0
40
0
40
0
40
0
40
1
40
1
40
1
40
1
41
1
41
1
41
1
41
1
10
4.8193811531083126
20
28.254130452473959
30
0
10
4.8249234504715934
20
28.241971502701443
30
0
10
4.8304657478348751
20
28.229812552928927
30
0
10
4.8361759936031037
20
28.217285156250004
30
0
0
SPLINE
5
905
100
AcDbEntity
8
0
100
AcDbSpline
70
4
71
3
72
8
73
4
74
0
42
0.000000001
43
0.0000000001
44
0.0000000001
40
0
40
0
40
0
40
0
40
1
40
1
40
1
40
1
41
1
41
1
41
1
41
1
10
4.8361759936031037
20
28.217285156250004
30
0
10
4.8415477688328759
20
28.205160320997237
30
0
10
4.8469195188300152
20
28.193035485744478
30
0
10
4.8524540697749794
20
28.180543212890626
30
0
0
SPLINE
5
906
100
AcDbEntity
8
0
100
AcDbSpline
70
4
71
3
72
8
73
4
74
0
42
0.000000001
43
0.0000000001
44
0.0000000001
40
0
40
0
40
0
40
0
40
1
40
1
40
1
40
1
41
1
41
1
41
1
41
1
10
4.8524540697749794
20
28.180543212890626
30
0
10
4.873383024853104
20
28.150312500000002
30
0
10
4.873383024853104
20
28.150312500000002
30
0
10
4.9077640012121542
20
28.141808497111004
30
0
0
SPLINE
5
907
100
AcDbEntity
8
0
100
AcDbSpline
70
4
71
3
72
8
73
4
74
0
42
0.000000001
43
0.0000000001
44
0.0000000001
40
0
40
0
40
0
40
0
40
1
40
1
40
1
40
1
41
1
41
1
41
1
41
1
10
4.9077640012121542
20
28.141808497111004
30
0
10
4.9182464065369311
20
28.140249196092292
30
0
10
4.9287288118617081
20
28.138689895073572
30
0
10
4.9395288581864376
20
28.137083333333337
30
0
0
SPLINE
5
908
100
AcDbEntity
8
0
100
AcDbSpline
70
4
71
3
72
8
73
4
74
0
42
0.000000001
43
0.0000000001
44
0.0000000001
40
0
40
0
40
0
40
0
40
1
40
1
40
1
40
1
41
1
41
1
41
1
41
1
10
4.9395288581864376
20
28.137083333333337
30
0
10
4.9565615919447286
20
28.187200035651525
30
0
10
4.9735157891329465
20
28.237342525720596
30
0
10
4.990397846223547
20
28.287510197957356
30
0
0
SPLINE
5
909
100
AcDbEntity
8
0
100
AcDbSpline
70
4
71
3
72
8
73
4
74
0
42
0.000000001
43
0.0000000001
44
0.0000000001
40
0
40
0
40
0
40
0
40
1
40
1
40
1
40
1
41
1
41
1
41
1
41
1
10
4.990397846223547
20
28.287510197957356
30
0
10
4.9961511767125462
20
28.3045706876119
30
0
10
5.001925866625343
20
28.321623985966049
30
0
10
5.0077223701493274
20
28.338669865926107
30
0
0
SPLINE
5
910
100
AcDbEntity
8
0
100
AcDbSpline
70
4
71
3
72
8
73
4
74
0
42
0.000000001
43
0.0000000001
44
0.0000000001
40
0
40
0
40
0
40
0
40
1
40
1
40
1
40
1
41
1
41
1
41
1
41
1
10
5.0077223701493274
20
28.338669865926107
30
0
10
5.0160533118711248
20
28.363180971741677
30
0
10
5.0243009953664082
20
28.387720338106156
30
0
10
5.0325464363114385
20
28.412260335286458
30
0
0
SPLINE
5
911
100
AcDbEntity
8
0
100
AcDbSpline
70
4
71
3
72
8
73
4
74
0
42
0.000000001
43
0.0000000001
44
0.0000000001
40
0
40
0
40
0
40
0
40
1
40
1
40
1
40
1
41
1
41
1
41
1
41
1
10
5.0325464363114385
20
28.412260335286458
30
0
10
5.0375345036229824
20
28.427016707062723
30
0
10
5.042522570934528
20
28.44177306622267
30
0
10
5.0476617927567506
20
28.456976598103843
30
0
0
SPLINE
5
912
100
AcDbEntity
8
0
100
AcDbSpline
70
4
71
3
72
8
73
4
74
0
42
0.000000001
43
0.0000000001
44
0.0000000001
40
0
40
0
40
0
40
0
40
1
40
1
40
1
40
1
41
1
41
1
41
1
41
1
10
5.0476617927567506
20
28.456976598103843
30
0
10
5.0585913581864368
20
28.494270833333335
30
0
10
5.0585913581864368
20
28.494270833333335
30
0
10
5.0585913581864368
20
28.533958333333334
30
0
0
SPLINE
5
913
100
AcDbEntity
8
0
100
AcDbSpline
70
4
71
3
72
8
73
4
74
0
42
0.000000001
43
0.0000000001
44
0.0000000001
40
0
40
0
40
0
40
0
40
1
40
1
40
1
40
1
41
1
41
1
41
1
41
1
10
4.519502816519771
20
29.157382812500003
30
0
10
4.4770987176364994
20
29.157002165319863
30
0
10
4.4386542181388871
20
29.151307525442292
30
0
10
4.3971330248531046
20
29.142499999999998
30
0
0
SPLINE
5
914
100
AcDbEntity
8
0
100
AcDbSpline
70
4
71
3
72
8
73
4
74
0
42
0.000000001
43
0.0000000001
44
0.0000000001
40
0
40
0
40
0
40
0
40
1
40
1
40
1
40
1
41
1
41
1
41
1
41
1
10
4.3971330248531046
20
29.142499999999998
30
0
10
4.3927674008624091
20
29.146865624779217
30
0
10
4.3884017768717145
20
29.151231249952691
30
0
10
4.3839038581864376
20
29.155729166666667
30
0
0
SPLINE
5
915
100
AcDbEntity
8
0
100
AcDbSpline
70
4
71
3
72
8
73
4
74
0
42
0.000000001
43
0.0000000001
44
0.0000000001
40
0
40
0
40
0
40
0
40
1
40
1
40
1
40
1
41
1
41
1
41
1
41
1
10
4.3839038581864376
20
29.155729166666667
30
0
10
4.3080727184033734
20
29.163187967663013
30
0
10
4.3080727184033734
20
29.163187967663013
30
0
10
4.2780705248531046
20
29.155729166666667
30
0
0
SPLINE
5
916
100
AcDbEntity
8
0
100
AcDbSpline
70
4
71
3
72
8
73
4
74
0
42
0.000000001
43
0.0000000001
44
0.0000000001
40
0
40
0
40
0
40
0
40
1
40
1
40
1
40
1
41
1
41
1
41
1
41
1
10
4.2780705248531046
20
29.155729166666667
30
0
10
4.2462212899542191
20
29.127757234921063
30
0
10
4.2276818147516586
20
29.105738599126539
30
0
10
4.2210035947180131
20
29.063060404459637
30
0
0
SPLINE
5
917
100
AcDbEntity
8
0
100
AcDbSpline
70
4
71
3
72
8
73
4
74
0
42
0.000000001
43
0.0000000001
44
0.0000000001
40
0
40
0
40
0
40
0
40
1
40
1
40
1
40
1
41
1
41
1
41
1
41
1
10
4.2210035947180131
20
29.063060404459637
30
0
10
4.2199490725215609
20
29.032864020566148
30
0
10
4.2205309118048682
20
29.003185372451942
30
0
10
4.2218465665197709
20
28.973001302083333
30
0
0
SPLINE
5
918
100
AcDbEntity
8
0
100
AcDbSpline
70
4
71
3
72
8
73
4
74
0
42
0.000000001
43
0.0000000001
44
0.0000000001
40
0
40
0
40
0
40
0
40
1
40
1
40
1
40
1
41
1
41
1
41
1
41
1
10
4.2218465665197709
20
28.973001302083333
30
0
10
4.2220853176927902
20
28.962573260466261
30
0
10
4.2223240688658095
20
28.952145206232871
30
0
10
4.2225700365718541
20
28.94140116373698
30
0
0
SPLINE
5
919
100
AcDbEntity
8
0
100
AcDbSpline
70
4
71
3
72
8
73
4
74
0
42
0.000000001
43
0.0000000001
44
0.0000000001
40
0
40
0
40
0
40
0
40
1
40
1
40
1
40
1
41
1
41
1
41
1
41
1
10
4.2225700365718541
20
28.94140116373698
30
0
10
4.2231901032940886
20
28.915822944641114
30
0
10
4.2241391278521556
20
28.89025310277939
30
0
10
4.2251538581864372
20
28.864687500000002
30
0
0
SPLINE
5
920
100
AcDbEntity
8
0
100
AcDbSpline
70
4
71
3
72
8
73
4
74
0
42
0.000000001
43
0.0000000001
44
0.0000000001
40
0
40
0
40
0
40
0
40
1
40
1
40
1
40
1
41
1
41
1
41
1
41
1
10
4.2251538581864372
20
28.864687500000002
30
0
10
4.2644444741026897
20
28.864687500000002
30
0
10
4.303735115251575
20
28.864687500000002
30
0
10
4.3442163581864373
20
28.864687500000002
30
0
0
SPLINE
5
921
100
AcDbEntity
8
0
100
AcDbSpline
70
4
71
3
72
8
73
4
74
0
42
0.000000001
43
0.0000000001
44
0.0000000001
40
0
40
0
40
0
40
0
40
1
40
1
40
1
40
1
41
1
41
1
41
1
41
1
10
4.3442163581864373
20
28.864687500000002
30
0
10
4.3442163581864373
20
28.925806261102359
30
0
10
4.3442163581864373
20
28.986924996972085
30
0
10
4.3442163581864373
20
29.049895833333331
30
0
0
SPLINE
5
922
100
AcDbEntity
8
0
100
AcDbSpline
70
4
71
3
72
8
73
4
74
0
42
0.000000001
43
0.0000000001
44
0.0000000001
40
0
40
0
40
0
40
0
40
1
40
1
40
1
40
1
41
1
41
1
41
1
41
1
10
4.3442163581864373
20
29.049895833333331
30
0
10
4.3616788541492166
20
29.049895833333331
30
0
10
4.379141362728312
20
29.049895833333331
30
0
10
4.3971330248531046
20
29.049895833333331
30
0
0
SPLINE
5
923
100
AcDbEntity
8
0
100
AcDbSpline
70
4
71
3
72
8
73
4
74
0
42
0.000000001
43
0.0000000001
44
0.0000000001
40
0
40
0
40
0
40
0
40
1
40
1
40
1
40
1
41
1
41
1
41
1
41
1
10
4.3971330248531046
20
29.049895833333331
30
0
10
4.3971330248531046
20
28.988777084847293
30
0
10
4.3971330248531046
20
28.927658336361254
30
0
10
4.3971330248531046
20
28.864687500000002
30
0
0
SPLINE
5
924
100
AcDbEntity
8
0
100
AcDbSpline
70
4
71
3
72
8
73
4
74
0
42
0.000000001
43
0.0000000001
44
0.0000000001
40
0
40
0
40
0
40
0
40
1
40
1
40
1
40
1
41
1
41
1
41
1
41
1
10
4.3971330248531046
20
28.864687500000002
30
0
10
4.4407892773763677
20
28.864687500000002
30
0
10
4.4844455235914724
20
28.864687500000002
30
0
10
4.5294246915197709
20
28.864687500000002
30
0
0
SPLINE
5
925
100
AcDbEntity
8
0
100
AcDbSpline
70
4
71
3
72
8
73
4
74
0
42
0.000000001
43
0.0000000001
44
0.0000000001
40
0
40
0
40
0
40
0
40
1
40
1
40
1
40
1
41
1
41
1
41
1
41
1
10
4.5294246915197709
20
28.864687500000002
30
0
10
4.5294246915197709
20
28.925806261102359
30
0
10
4.5294246915197709
20
28.986924996972085
30
0
10
4.5294246915197709
20
29.049895833333331
30
0
0
SPLINE
5
926
100
AcDbEntity
8
0
100
AcDbSpline
70
4
71
3
72
8
73
4
74
0
42
0.000000001
43
0.0000000001
44
0.0000000001
40
0
40
0
40
0
40
0
40
1
40
1
40
1
40
1
41
1
41
1
41
1
41
1
10
4.5294246915197709
20
29.049895833333331
30
0
10
4.5468871906366291
20
29.049895833333331
30
0
10
4.564349692907566
20
29.049895833333331
30
0
10
4.5823413581864374
20
29.049895833333331
30
0
0
SPLINE
5
927
100
AcDbEntity
8
0
100
AcDbSpline
70
4
71
3
72
8
73
4
74
0
42
0.000000001
43
0.0000000001
44
0.0000000001
40
0
40
0
40
0
40
0
40
1
40
1
40
1
40
1
41
1
41
1
41
1
41
1
10
4.5823413581864374
20
29.049895833333331
30
0
10
4.5823413581864374
20
28.988777084847293
30
0
10
4.5823413581864374
20
28.927658336361254
30
0
10
4.5823413581864374
20
28.864687500000002
30
0
0
SPLINE
5
928
100
AcDbEntity
8
0
100
AcDbSpline
70
4
71
3
72
8
73
4
74
0
42
0.000000001
43
0.0000000001
44
0.0000000001
40
0
40
0
40
0
40
0
40
1
40
1
40
1
40
1
41
1
41
1
41
1
41
1
10
4.5823413581864374
20
28.864687500000002
30
0
10
4.6216319804108483
20
28.864687500000002
30
0
10
4.6609226026352584
20
28.864687500000002
30
0
10
4.7014038581864375
20
28.864687500000002
30
0
0
SPLINE
5
929
100
AcDbEntity
8
0
100
AcDbSpline
70
4
71
3
72
8
73
4
74
0
42
0.000000001
43
0.0000000001
44
0.0000000001
40
0
40
0
40
0
40
0
40
1
40
1
40
1
40
1
41
1
41
1
41
1
41
1
10
4.7014038581864375
20
28.864687500000002
30
0
10
4.7014038581864375
20
28.956365629037222
30
0
10
4.7014038581864375
20
29.048043745458124
30
0
10
4.7014038581864375
20
29.142499999999998
30
0
0
SPLINE
5
930
100
AcDbEntity
8
0
100
AcDbSpline
70
4
71
3
72
8
73
4
74
0
42
0.000000001
43
0.0000000001
44
0.0000000001
40
0
40
0
40
0
40
0
40
1
40
1
40
1
40
1
41
1
41
1
41
1
41
1
10
4.7014038581864375
20
29.142499999999998
30
0
10
4.662113229653869
20
29.142499999999998
30
0
10
4.6228226074294589
20
29.142499999999998
30
0
10
4.5823413581864374
20
29.142499999999998
30
0
0
SPLINE
5
931
100
AcDbEntity
8
0
100
AcDbSpline
70
4
71
3
72
8
73
4
74
0
42
0.000000001
43
0.0000000001
44
0.0000000001
40
0
40
0
40
0
40
0
40
1
40
1
40
1
40
1
41
1
41
1
41
1
41
1
10
4.5823413581864374
20
29.142499999999998
30
0
10
4.5691121915197712
20
29.155729166666667
30
0
10
4.5691121915197712
20
29.155729166666667
30
0
10
4.519502816519771
20
29.157382812500003
30
0
0
SPLINE
5
932
100
AcDbEntity
8
0
100
AcDbSpline
70
4
71
3
72
8
73
4
74
0
42
0.000000001
43
0.0000000001
44
0.0000000001
40
0
40
0
40
0
40
0
40
1
40
1
40
1
40
1
41
1
41
1
41
1
41
1
10
3.4446330248531036
20
28.520729166666669
30
0
10
3.4053423994746144
20
28.520729166666669
30
0
10
3.3660517740961247
20
28.520729166666669
30
0
10
3.325570524853104
20
28.520729166666669
30
0
0
SPLINE
5
933
100
AcDbEntity
8
0
100
AcDbSpline
70
4
71
3
72
8
73
4
74
0
42
0.000000001
43
0.0000000001
44
0.0000000001
40
0
40
0
40
0
40
0
40
1
40
1
40
1
40
1
41
1
41
1
41
1
41
1
10
3.325570524853104
20
28.520729166666669
30
0
10
3.325570524853104
20
28.477072917297484
30
0
10
3.325570524853104
20
28.433416667928299
30
0
10
3.325570524853104
20
28.388437500000002
30
0
0
SPLINE
5
934
100
AcDbEntity
8
0
100
AcDbSpline
70
4
71
3
72
8
73
4
74
0
42
0.000000001
43
0.0000000001
44
0.0000000001
40
0
40
0
40
0
40
0
40
1
40
1
40
1
40
1
41
1
41
1
41
1
41
1
10
3.325570524853104
20
28.388437500000002
30
0
10
3.2993767809089358
20
28.388437500000002
30
0
10
3.2731830243484512
20
28.388437500000002
30
0
10
3.2461955248531038
20
28.388437500000002
30
0
0
SPLINE
5
935
100
AcDbEntity
8
0
100
AcDbSpline
70
4
71
3
72
8
73
4
74
0
42
0.000000001
43
0.0000000001
44
0.0000000001
40
0
40
0
40
0
40
0
40
1
40
1
40
1
40
1
41
1
41
1
41
1
41
1
10
3.2461955248531038
20
28.388437500000002
30
0
10
3.2461955248531038
20
28.432093752523265
30
0
10
3.2461955248531038
20
28.475749998738369
30
0
10
3.2461955248531038
20
28.520729166666669
30
0
0
SPLINE
5
936
100
AcDbEntity
8
0
100
AcDbSpline
70
4
71
3
72
8
73
4
74
0
42
0.000000001
43
0.0000000001
44
0.0000000001
40
0
40
0
40
0
40
0
40
1
40
1
40
1
40
1
41
1
41
1
41
1
41
1
10
3.2461955248531038
20
28.520729166666669
30
0
10
3.2025392849461571
20
28.520729166666669
30
0
10
3.1588830198065776
20
28.520729166666669
30
0
10
3.1139038581864376
20
28.520729166666669
30
0
0
SPLINE
5
937
100
AcDbEntity
8
0
100
AcDbSpline
70
4
71
3
72
8
73
4
74
0
42
0.000000001
43
0.0000000001
44
0.0000000001
40
0
40
0
40
0
40
0
40
1
40
1
40
1
40
1
41
1
41
1
41
1
41
1
10
3.1139038581864376
20
28.520729166666669
30
0
10
3.1139038581864376
20
28.394126045703885
30
0
10
3.1139038581864376
20
28.267522924741112
30
0
10
3.1139038581864376
20
28.137083333333337
30
0
0
SPLINE
5
938
100
AcDbEntity
8
0
100
AcDbSpline
70
4
71
3
72
8
73
4
74
0
42
0.000000001
43
0.0000000001
44
0.0000000001
40
0
40
0
40
0
40
0
40
1
40
1
40
1
40
1
41
1
41
1
41
1
41
1
10
3.1139038581864376
20
28.137083333333337
30
0
10
3.1575600980933842
20
28.137083333333337
30
0
10
3.2012163632329638
20
28.137083333333337
30
0
10
3.2461955248531038
20
28.137083333333337
30
0
0
SPLINE
5
939
100
AcDbEntity
8
0
100
AcDbSpline
70
4
71
3
72
8
73
4
74
0
42
0.000000001
43
0.0000000001
44
0.0000000001
40
0
40
0
40
0
40
0
40
1
40
1
40
1
40
1
41
1
41
1
41
1
41
1
10
3.2461955248531038
20
28.137083333333337
30
0
10
3.2461955248531038
20
28.185105197230978
30
0
10
3.2461955248531038
20
28.23312708636125
30
0
10
3.2461955248531038
20
28.282604166666665
30
0
0
SPLINE
5
940
100
AcDbEntity
8
0
100
AcDbSpline
70
4
71
3
72
8
73
4
74
0
42
0.000000001
43
0.0000000001
44
0.0000000001
40
0
40
0
40
0
40
0
40
1
40
1
40
1
40
1
41
1
41
1
41
1
41
1
10
3.2461955248531038
20
28.282604166666665
30
0
10
3.272389268797272
20
28.282604166666665
30
0
10
3.2985830253577566
20
28.282604166666665
30
0
10
3.325570524853104
20
28.282604166666665
30
0
0
SPLINE
5
941
100
AcDbEntity
8
0
100
AcDbSpline
70
4
71
3
72
8
73
4
74
0
42
0.000000001
43
0.0000000001
44
0.0000000001
40
0
40
0
40
0
40
0
40
1
40
1
40
1
40
1
41
1
41
1
41
1
41
1
10
3.325570524853104
20
28.282604166666665
30
0
10
3.325570524853104
20
28.234582302769024
30
0
10
3.325570524853104
20
28.186560413638752
30
0
10
3.325570524853104
20
28.137083333333337
30
0
0
SPLINE
5
942
100
AcDbEntity
8
0
100
AcDbSpline
70
4
71
3
72
8
73
4
74
0
42
0.000000001
43
0.0000000001
44
0.0000000001
40
0
40
0
40
0
40
0
40
1
40
1
40
1
40
1
41
1
41
1
41
1
41
1
10
3.325570524853104
20
28.137083333333337
30
0
10
3.364861147077514
20
28.137083333333337
30
0
10
3.404151775610083
20
28.137083333333337
30
0
10
3.4446330248531036
20
28.137083333333337
30
0
0
SPLINE
5
943
100
AcDbEntity
8
0
100
AcDbSpline
70
4
71
3
72
8
73
4
74
0
42
0.000000001
43
0.0000000001
44
0.0000000001
40
0
40
0
40
0
40
0
40
1
40
1
40
1
40
1
41
1
41
1
41
1
41
1
10
3.4446330248531036
20
28.137083333333337
30
0
10
3.4446330248531036
20
28.263686454296113
30
0
10
3.4446330248531036
20
28.390289587875209
30
0
10
3.4446330248531036
20
28.520729166666669
30
0
0
SPLINE
5
944
100
AcDbEntity
8
0
100
AcDbSpline
70
4
71
3
72
8
73
4
74
0
42
0.000000001
43
0.0000000001
44
0.0000000001
40
0
40
0
40
0
40
0
40
1
40
1
40
1
40
1
41
1
41
1
41
1
41
1
10
6.1698413581864378
20
29.235104166666666
30
0
10
6.134370653799806
20
29.236195572960035
30
0
10
6.098899949413175
20
29.237286979253405
30
0
10
6.0623543790197711
20
29.238411458333331
30
0
0
SPLINE
5
945
100
AcDbEntity
8
0
100
AcDbSpline
70
4
71
3
72
8
73
4
74
0
42
0.000000001
43
0.0000000001
44
0.0000000001
40
0
40
0
40
0
40
0
40
1
40
1
40
1
40
1
41
1
41
1
41
1
41
1
10
6.0623543790197711
20
29.238411458333331
30
0
10
6.051335868558918
20
29.238893211983768
30
0
10
6.040317358098064
20
29.239374965239939
30
0
10
6.0289649442053186
20
29.239871317545575
30
0
0
SPLINE
5
946
100
AcDbEntity
8
0
100
AcDbSpline
70
4
71
3
72
8
73
4
74
0
42
0.000000001
43
0.0000000001
44
0.0000000001
40
0
40
0
40
0
40
0
40
1
40
1
40
1
40
1
41
1
41
1
41
1
41
1
10
6.0289649442053186
20
29.239871317545575
30
0
10
5.959285167079801
20
29.240902132894846
30
0
10
5.9209718993521072
20
29.227961197017382
30
0
10
5.865570524853104
20
29.182187500000005
30
0
0
SPLINE
5
947
100
AcDbEntity
8
0
100
AcDbSpline
70
4
71
3
72
8
73
4
74
0
42
0.000000001
43
0.0000000001
44
0.0000000001
40
0
40
0
40
0
40
0
40
1
40
1
40
1
40
1
41
1
41
1
41
1
41
1
10
5.865570524853104
20
29.182187500000005
30
0
10
5.8203383556223258
20
29.130924371927978
30
0
10
5.8198233575837151
20
29.080751571158569
30
0
10
5.8221623217281042
20
29.015065917968748
30
0
0
SPLINE
5
948
100
AcDbEntity
8
0
100
AcDbSpline
70
4
71
3
72
8
73
4
74
0
42
0.000000001
43
0.0000000001
44
0.0000000001
40
0
40
0
40
0
40
0
40
1
40
1
40
1
40
1
41
1
41
1
41
1
41
1
10
5.8221623217281042
20
29.015065917968748
30
0
10
5.8293751203235322
20
28.954358246922496
30
0
10
5.8534279005941094
20
28.92763663629691
30
0
10
5.8994702644364372
20
28.889595540364581
30
0
0
SPLINE
5
949
100
AcDbEntity
8
0
100
AcDbSpline
70
4
71
3
72
8
73
4
74
0
42
0.000000001
43
0.0000000001
44
0.0000000001
40
0
40
0
40
0
40
0
40
1
40
1
40
1
40
1
41
1
41
1
41
1
41
1
10
5.8994702644364372
20
28.889595540364581
30
0
10
5.9571176965252892
20
28.858020458022754
30
0
10
5.998176489195858
20
28.858574213385584
30
0
10
6.0623543790197711
20
28.861380208333337
30
0
0
SPLINE
5
950
100
AcDbEntity
8
0
100
AcDbSpline
70
4
71
3
72
8
73
4
74
0
42
0.000000001
43
0.0000000001
44
0.0000000001
40
0
40
0
40
0
40
0
40
1
40
1
40
1
40
1
41
1
41
1
41
1
41
1
10
6.0623543790197711
20
28.861380208333337
30
0
10
6.0978250834064029
20
28.862471620639166
30
0
10
6.1332957846389551
20
28.863563032944999
30
0
10
6.1698413581864378
20
28.864687500000002
30
0
0
SPLINE
5
951
100
AcDbEntity
8
0
100
AcDbSpline
70
4
71
3
72
8
73
4
74
0
42
0.000000001
43
0.0000000001
44
0.0000000001
40
0
40
0
40
0
40
0
40
1
40
1
40
1
40
1
41
1
41
1
41
1
41
1
10
6.1698413581864378
20
28.864687500000002
30
0
10
6.1698413581864378
20
28.986924996972085
30
0
10
6.1698413581864378
20
29.109162493944169
30
0
10
6.1698413581864378
20
29.235104166666666
30
0
0
SPLINE
5
952
100
AcDbEntity
8
0
100
AcDbSpline
70
4
71
3
72
8
73
4
74
0
42
0.000000001
43
0.0000000001
44
0.0000000001
40
0
40
0
40
0
40
0
40
1
40
1
40
1
40
1
41
1
41
1
41
1
41
1
10
6.0507788581864377
20
29.129270833333333
30
0
10
6.0507788581864377
20
29.076883332828682
30
0
10
6.0507788581864377
20
29.024495832324032
30
0
10
6.0507788581864377
20
28.970520833333335
30
0
0
SPLINE
5
953
100
AcDbEntity
8
0
100
AcDbSpline
70
4
71
3
72
8
73
4
74
0
42
0.000000001
43
0.0000000001
44
0.0000000001
40
0
40
0
40
0
40
0
40
1
40
1
40
1
40
1
41
1
41
1
41
1
41
1
10
6.0507788581864377
20
28.970520833333335
30
0
10
6.0119587425605792
20
28.974047270417213
30
0
10
6.0119587425605792
20
28.974047270417213
30
0
10
5.9714038581864379
20
28.983750000000001
30
0
0
SPLINE
5
954
100
AcDbEntity
8
0
100
AcDbSpline
70
4
71
3
72
8
73
4
74
0
42
0.000000001
43
0.0000000001
44
0.0000000001
40
0
40
0
40
0
40
0
40
1
40
1
40
1
40
1
41
1
41
1
41
1
41
1
10
5.9714038581864379
20
28.983750000000001
30
0
10
5.940707149030402
20
29.021131464441616
30
0
10
5.940707149030402
20
29.021131464441616
30
0
10
5.9474259936031046
20
29.063951822916671
30
0
0
SPLINE
5
955
100
AcDbEntity
8
0
100
AcDbSpline
70
4
71
3
72
8
73
4
74
0
42
0.000000001
43
0.0000000001
44
0.0000000001
40
0
40
0
40
0
40
0
40
1
40
1
40
1
40
1
41
1
41
1
41
1
41
1
10
5.9474259936031046
20
29.063951822916671
30
0
10
5.9547026307599094
20
29.106746973991395
30
0
10
5.9547026307599094
20
29.106746973991395
30
0
10
5.9978621915197721
20
29.129270833333333
30
0
0
SPLINE
5
956
100
AcDbEntity
8
0
100
AcDbSpline
70
4
71
3
72
8
73
4
74
0
42
0.000000001
43
0.0000000001
44
0.0000000001
40
0
40
0
40
0
40
0
40
1
40
1
40
1
40
1
41
1
41
1
41
1
41
1
10
5.9978621915197721
20
29.129270833333333
30
0
10
6.0153246874825497
20
29.129270833333333
30
0
10
6.032787196061645
20
29.129270833333333
30
0
10
6.0507788581864377
20
29.129270833333333
30
0
0
SPLINE
5
957
100
AcDbEntity
8
0
100
AcDbSpline
70
4
71
3
72
8
73
4
74
0
42
0.000000001
43
0.0000000001
44
0.0000000001
40
0
40
0
40
0
40
0
40
1
40
1
40
1
40
1
41
1
41
1
41
1
41
1
10
4.5294246915197709
20
28.533958333333334
30
0
10
4.4901340661412812
20
28.533958333333334
30
0
10
4.4508434407627915
20
28.533958333333334
30
0
10
4.4103621915197708
20
28.533958333333334
30
0
0
SPLINE
5
958
100
AcDbEntity
8
0
100
AcDbSpline
70
4
71
3
72
8
73
4
74
0
42
0.000000001
43
0.0000000001
44
0.0000000001
40
0
40
0
40
0
40
0
40
1
40
1
40
1
40
1
41
1
41
1
41
1
41
1
10
4.4103621915197708
20
28.533958333333334
30
0
10
4.4103621915197708
20
28.49903333194554
30
0
10
4.4103621915197708
20
28.464108330557742
30
0
10
4.4103621915197708
20
28.428125000000001
30
0
0
SPLINE
5
959
100
AcDbEntity
8
0
100
AcDbSpline
70
4
71
3
72
8
73
4
74
0
42
0.000000001
43
0.0000000001
44
0.0000000001
40
0
40
0
40
0
40
0
40
1
40
1
40
1
40
1
41
1
41
1
41
1
41
1
10
4.4103621915197708
20
28.428125000000001
30
0
10
4.4025347638345105
20
28.429847373217349
30
0
10
4.3947073361492492
20
28.431569752742849
30
0
10
4.3866427090978961
20
28.433344319661458
30
0
0
SPLINE
5
960
100
AcDbEntity
8
0
100
AcDbSpline
70
4
71
3
72
8
73
4
74
0
42
0.000000001
43
0.0000000001
44
0.0000000001
40
0
40
0
40
0
40
0
40
1
40
1
40
1
40
1
41
1
41
1
41
1
41
1
10
4.3866427090978961
20
28.433344319661458
30
0
10
4.3709622678375579
20
28.436081360131503
30
0
10
4.3709622678375579
20
28.436081360131503
30
0
10
4.3549650561031044
20
28.438873697916666
30
0
0
SPLINE
5
961
100
AcDbEntity
8
0
100
AcDbSpline
70
4
71
3
72
8
73
4
74
0
42
0.000000001
43
0.0000000001
44
0.0000000001
40
0
40
0
40
0
40
0
40
1
40
1
40
1
40
1
41
1
41
1
41
1
41
1
10
4.3549650561031044
20
28.438873697916666
30
0
10
4.3395404106593469
20
28.441866540511448
30
0
10
4.3395404106593469
20
28.441866540511448
30
0
10
4.3238041674312298
20
28.444919840494794
30
0
0
SPLINE
5
962
100
AcDbEntity
8
0
100
AcDbSpline
70
4
71
3
72
8
73
4
74
0
42
0.000000001
43
0.0000000001
44
0.0000000001
40
0
40
0
40
0
40
0
40
1
40
1
40
1
40
1
41
1
41
1
41
1
41
1
10
4.3238041674312298
20
28.444919840494794
30
0
10
4.2912996915197708
20
28.44135416666667
30
0
10
4.2912996915197708
20
28.44135416666667
30
0
10
4.2545060717281045
20
28.416136067708333
30
0
0
SPLINE
5
963
100
AcDbEntity
8
0
100
AcDbSpline
70
4
71
3
72
8
73
4
74
0
42
0.000000001
43
0.0000000001
44
0.0000000001
40
0
40
0
40
0
40
0
40
1
40
1
40
1
40
1
41
1
41
1
41
1
41
1
10
4.2545060717281045
20
28.416136067708333
30
0
10
4.2143281250413596
20
28.360113289157553
30
0
10
4.2175824534114534
20
28.319012534618381
30
0
10
4.2210197436031045
20
28.252011718750005
30
0
0
SPLINE
5
964
100
AcDbEntity
8
0
100
AcDbSpline
70
4
71
3
72
8
73
4
74
0
42
0.000000001
43
0.0000000001
44
0.0000000001
40
0
40
0
40
0
40
0
40
1
40
1
40
1
40
1
41
1
41
1
41
1
41
1
10
4.2210197436031045
20
28.252011718750005
30
0
10
4.2213181699530624
20
28.240952709913255
30
0
10
4.2216165963030194
20
28.229893701076509
30
0
10
4.2219240811682086
20
28.218499552408858
30
0
0
SPLINE
5
965
100
AcDbEntity
8
0
100
AcDbSpline
70
4
71
3
72
8
73
4
74
0
42
0.000000001
43
0.0000000001
44
0.0000000001
40
0
40
0
40
0
40
0
40
1
40
1
40
1
40
1
41
1
41
1
41
1
41
1
10
4.2219240811682086
20
28.218499552408858
30
0
10
4.2226997575378755
20
28.191350551446281
30
0
10
4.2238860697762508
20
28.16421381354332
30
0
10
4.2251538581864372
20
28.137083333333337
30
0
0
SPLINE
5
966
100
AcDbEntity
8
0
100
AcDbSpline
70
4
71
3
72
8
73
4
74
0
42
0.000000001
43
0.0000000001
44
0.0000000001
40
0
40
0
40
0
40
0
40
1
40
1
40
1
40
1
41
1
41
1
41
1
41
1
10
4.2251538581864372
20
28.137083333333337
30
0
10
4.2644444741026897
20
28.137083333333337
30
0
10
4.303735115251575
20
28.137083333333337
30
0
10
4.3442163581864373
20
28.137083333333337
30
0
0
SPLINE
5
967
100
AcDbEntity
8
0
100
AcDbSpline
70
4
71
3
72
8
73
4
74
0
42
0.000000001
43
0.0000000001
44
0.0000000001
40
0
40
0
40
0
40
0
40
1
40
1
40
1
40
1
41
1
41
1
41
1
41
1
10
4.3442163581864373
20
28.137083333333337
30
0
10
4.3485819821771319
20
28.198202094435693
30
0
10
4.3529476061678265
20
28.25932083030542
30
0
10
4.3574455248531043
20
28.322291666666672
30
0
0
SPLINE
5
968
100
AcDbEntity
8
0
100
AcDbSpline
70
4
71
3
72
8
73
4
74
0
42
0.000000001
43
0.0000000001
44
0.0000000001
40
0
40
0
40
0
40
0
40
1
40
1
40
1
40
1
41
1
41
1
41
1
41
1
10
4.3574455248531043
20
28.322291666666672
30
0
10
4.3705423968251882
20
28.326657290657362
30
0
10
4.3836392687972729
20
28.331022914648059
30
0
10
4.3971330248531046
20
28.335520833333337
30
0
0
SPLINE
5
969
100
AcDbEntity
8
0
100
AcDbSpline
70
4
71
3
72
8
73
4
74
0
42
0.000000001
43
0.0000000001
44
0.0000000001
40
0
40
0
40
0
40
0
40
1
40
1
40
1
40
1
41
1
41
1
41
1
41
1
10
4.3971330248531046
20
28.335520833333337
30
0
10
4.4014986488437993
20
28.270036448240283
30
0
10
4.4058642728344939
20
28.204552088379859
30
0
10
4.4103621915197708
20
28.137083333333337
30
0
0
SPLINE
5
970
100
AcDbEntity
8
0
100
AcDbSpline
70
4
71
3
72
8
73
4
74
0
42
0.000000001
43
0.0000000001
44
0.0000000001
40
0
40
0
40
0
40
0
40
1
40
1
40
1
40
1
41
1
41
1
41
1
41
1
10
4.4103621915197708
20
28.137083333333337
30
0
10
4.4496528137441809
20
28.137083333333337
30
0
10
4.4889434422767502
20
28.137083333333337
30
0
10
4.5294246915197709
20
28.137083333333337
30
0
0
SPLINE
5
971
100
AcDbEntity
8
0
100
AcDbSpline
70
4
71
3
72
8
73
4
74
0
42
0.000000001
43
0.0000000001
44
0.0000000001
40
0
40
0
40
0
40
0
40
1
40
1
40
1
40
1
41
1
41
1
41
1
41
1
10
4.5294246915197709
20
28.137083333333337
30
0
10
4.5294246915197709
20
28.268052078286807
30
0
10
4.5294246915197709
20
28.399020835856597
30
0
10
4.5294246915197709
20
28.533958333333334
30
0
0
SPLINE
5
972
100
AcDbEntity
8
0
100
AcDbSpline
70
4
71
3
72
8
73
4
74
0
42
0.000000001
43
0.0000000001
44
0.0000000001
40
0
40
0
40
0
40
0
40
1
40
1
40
1
40
1
41
1
41
1
41
1
41
1
10
4.9453166186031048
20
29.158209635416668
30
0
10
4.9349312059423669
20
29.158124369335422
30
0
10
4.9245457932816281
20
29.158039103118647
30
0
10
4.9138456713374792
20
29.157951253255206
30
0
0
SPLINE
5
973
100
AcDbEntity
8
0
100
AcDbSpline
70
4
71
3
72
8
73
4
74
0
42
0.000000001
43
0.0000000001
44
0.0000000001
40
0
40
0
40
0
40
0
40
1
40
1
40
1
40
1
41
1
41
1
41
1
41
1
10
4.9138456713374792
20
29.157951253255206
30
0
10
4.8866121915197711
20
29.155729166666667
30
0
10
4.8866121915197711
20
29.155729166666667
30
0
10
4.8601538581864379
20
29.142499999999998
30
0
0
SPLINE
5
974
100
AcDbEntity
8
0
100
AcDbSpline
70
4
71
3
72
8
73
4
74
0
42
0.000000001
43
0.0000000001
44
0.0000000001
40
0
40
0
40
0
40
0
40
1
40
1
40
1
40
1
41
1
41
1
41
1
41
1
10
4.8601538581864379
20
29.142499999999998
30
0
10
4.825228853644564
20
29.142499999999998
30
0
10
4.7903038617190061
20
29.142499999999998
30
0
10
4.754320524853104
20
29.142499999999998
30
0
0
SPLINE
5
975
100
AcDbEntity
8
0
100
AcDbSpline
70
4
71
3
72
8
73
4
74
0
42
0.000000001
43
0.0000000001
44
0.0000000001
40
0
40
0
40
0
40
0
40
1
40
1
40
1
40
1
41
1
41
1
41
1
41
1
10
4.754320524853104
20
29.142499999999998
30
0
10
4.754320524853104
20
29.050821870962782
30
0
10
4.754320524853104
20
28.959143754541877
30
0
10
4.754320524853104
20
28.864687500000002
30
0
0
SPLINE
5
976
100
AcDbEntity
8
0
100
AcDbSpline
70
4
71
3
72
8
73
4
74
0
42
0.000000001
43
0.0000000001
44
0.0000000001
40
0
40
0
40
0
40
0
40
1
40
1
40
1
40
1
41
1
41
1
41
1
41
1
10
4.754320524853104
20
28.864687500000002
30
0
10
4.9880218910392458
20
28.841317363381389
30
0
10
4.9880218910392458
20
28.841317363381389
30
0
10
5.0445353686031051
20
28.873782552083334
30
0
0
SPLINE
5
977
100
AcDbEntity
8
0
100
AcDbSpline
70
4
71
3
72
8
73
4
74
0
42
0.000000001
43
0.0000000001
44
0.0000000001
40
0
40
0
40
0
40
0
40
1
40
1
40
1
40
1
41
1
41
1
41
1
41
1
10
5.0445353686031051
20
28.873782552083334
30
0
10
5.0877068517820376
20
28.922186942696577
30
0
10
5.0992932100312256
20
28.951586227715019
30
0
10
5.095798389436438
20
29.016822916666669
30
0
0
SPLINE
5
978
100
AcDbEntity
8
0
100
AcDbSpline
70
4
71
3
72
8
73
4
74
0
42
0.000000001
43
0.0000000001
44
0.0000000001
40
0
40
0
40
0
40
0
40
1
40
1
40
1
40
1
41
1
41
1
41
1
41
1
10
5.095798389436438
20
29.016822916666669
30
0
10
5.0755422751323724
20
29.104080023467542
30
0
10
5.0402732551809493
20
29.159930431200195
30
0
10
4.9453166186031048
20
29.158209635416668
30
0
0
SPLINE
5
979
100
AcDbEntity
8
0
100
AcDbSpline
70
4
71
3
72
8
73
4
74
0
42
0.000000001
43
0.0000000001
44
0.0000000001
40
0
40
0
40
0
40
0
40
1
40
1
40
1
40
1
41
1
41
1
41
1
41
1
10
4.9527580248531047
20
29.049895833333331
30
0
10
4.9614892744115329
20
29.032433337370556
30
0
10
4.9702205255470018
20
29.014970828791462
30
0
10
4.979216358186437
20
28.996979166666669
30
0
0
SPLINE
5
980
100
AcDbEntity
8
0
100
AcDbSpline
70
4
71
3
72
8
73
4
74
0
42
0.000000001
43
0.0000000001
44
0.0000000001
40
0
40
0
40
0
40
0
40
1
40
1
40
1
40
1
41
1
41
1
41
1
41
1
10
4.979216358186437
20
28.996979166666669
30
0
10
4.9661194830602744
20
28.979516670703891
30
0
10
4.9530226079341109
20
28.962054162124794
30
0
10
4.9395288581864376
20
28.944062500000001
30
0
0
SPLINE
5
981
100
AcDbEntity
8
0
100
AcDbSpline
70
4
71
3
72
8
73
4
74
0
42
0.000000001
43
0.0000000001
44
0.0000000001
40
0
40
0
40
0
40
0
40
1
40
1
40
1
40
1
41
1
41
1
41
1
41
1
10
4.9395288581864376
20
28.944062500000001
30
0
10
4.9065151435848415
20
28.954398455123108
30
0
10
4.9065151435848415
20
28.954398455123108
30
0
10
4.873383024853104
20
28.970520833333335
30
0
0
SPLINE
5
982
100
AcDbEntity
8
0
100
AcDbSpline
70
4
71
3
72
8
73
4
74
0
42
0.000000001
43
0.0000000001
44
0.0000000001
40
0
40
0
40
0
40
0
40
1
40
1
40
1
40
1
41
1
41
1
41
1
41
1
10
4.873383024853104
20
28.970520833333335
30
0
10
4.8690174008624094
20
28.98361770530542
30
0
10
4.8646517768717148
20
28.996714577277505
30
0
10
4.8601538581864379
20
29.010208333333335
30
0
0
SPLINE
5
983
100
AcDbEntity
8
0
100
AcDbSpline
70
4
71
3
72
8
73
4
74
0
42
0.000000001
43
0.0000000001
44
0.0000000001
40
0
40
0
40
0
40
0
40
1
40
1
40
1
40
1
41
1
41
1
41
1
41
1
10
4.8601538581864379
20
29.010208333333335
30
0
10
4.8688851061678271
20
29.023305205305419
30
0
10
4.8776163604573748
20
29.036402077277504
30
0
10
4.8866121915197711
20
29.049895833333331
30
0
0
SPLINE
5
984
100
AcDbEntity
8
0
100
AcDbSpline
70
4
71
3
72
8
73
4
74
0
42
0.000000001
43
0.0000000001
44
0.0000000001
40
0
40
0
40
0
40
0
40
1
40
1
40
1
40
1
41
1
41
1
41
1
41
1
10
4.8866121915197711
20
29.049895833333331
30
0
10
4.9207937354561029
20
29.053207225302856
30
0
10
4.9207937354561029
20
29.053207225302856
30
0
10
4.9527580248531047
20
29.049895833333331
30
0
0
SPLINE
5
985
100
AcDbEntity
8
0
100
AcDbSpline
70
4
71
3
72
8
73
4
74
0
42
0.000000001
43
0.0000000001
44
0.0000000001
40
0
40
0
40
0
40
0
40
1
40
1
40
1
40
1
41
1
41
1
41
1
41
1
10
2.9129858894364373
20
28.43556640625
30
0
10
2.8547203461544051
20
28.427272752840071
30
0
10
2.8044764335171712
20
28.428125000000001
30
0
10
2.7434871915197698
20
28.428125000000001
30
0
0
SPLINE
5
986
100
AcDbEntity
8
0
100
AcDbSpline
70
4
71
3
72
8
73
4
74
0
42
0.000000001
43
0.0000000001
44
0.0000000001
40
0
40
0
40
0
40
0
40
1
40
1
40
1
40
1
41
1
41
1
41
1
41
1
10
2.7434871915197698
20
28.428125000000001
30
0
10
2.7434871915197698
20
28.332081246972084
30
0
10
2.7434871915197698
20
28.236037493944171
30
0
10
2.7434871915197698
20
28.137083333333337
30
0
0
SPLINE
5
987
100
AcDbEntity
8
0
100
AcDbSpline
70
4
71
3
72
8
73
4
74
0
42
0.000000001
43
0.0000000001
44
0.0000000001
40
0
40
0
40
0
40
0
40
1
40
1
40
1
40
1
41
1
41
1
41
1
41
1
10
2.7434871915197698
20
28.137083333333337
30
0
10
2.7857791786607438
20
28.135446214874587
30
0
10
2.8280711784180341
20
28.133809121648472
30
0
10
2.8716447436031038
20
28.132122395833335
30
0
0
SPLINE
5
988
100
AcDbEntity
8
0
100
AcDbSpline
70
4
71
3
72
8
73
4
74
0
42
0.000000001
43
0.0000000001
44
0.0000000001
40
0
40
0
40
0
40
0
40
1
40
1
40
1
40
1
41
1
41
1
41
1
41
1
10
2.8716447436031038
20
28.132122395833335
30
0
10
2.8848556607679861
20
28.131399758458141
30
0
10
2.898066581086947
20
28.130677146315577
30
0
10
2.9116778297440544
20
28.129932607014972
30
0
0
SPLINE
5
989
100
AcDbEntity
8
0
100
AcDbSpline
70
4
71
3
72
8
73
4
74
0
42
0.000000001
43
0.0000000001
44
0.0000000001
40
0
40
0
40
0
40
0
40
1
40
1
40
1
40
1
41
1
41
1
41
1
41
1
10
2.9116778297440544
20
28.129932607014972
30
0
10
2.9959187726891372
20
28.128353876868886
30
0
10
2.9959187726891372
20
28.128353876868886
30
0
10
3.0308921292639113
20
28.153477681477867
30
0
0
SPLINE
5
990
100
AcDbEntity
8
0
100
AcDbSpline
70
4
71
3
72
8
73
4
74
0
42
0.000000001
43
0.0000000001
44
0.0000000001
40
0
40
0
40
0
40
0
40
1
40
1
40
1
40
1
41
1
41
1
41
1
41
1
10
3.0308921292639113
20
28.153477681477867
30
0
10
3.0731213880793589
20
28.202195562322935
30
0
10
3.0874455248531039
20
28.245182973444464
30
0
10
3.0874455248531039
20
28.3090625
30
0
0
SPLINE
5
991
100
AcDbEntity
8
0
100
AcDbSpline
70
4
71
3
72
8
73
4
74
0
42
0.000000001
43
0.0000000001
44
0.0000000001
40
0
40
0
40
0
40
0
40
1
40
1
40
1
40
1
41
1
41
1
41
1
41
1
10
3.0874455248531039
20
28.3090625
30
0
10
3.0689996879514392
20
28.35702166711291
30
0
10
3.0487146065847415
20
28.395948434770109
30
0
10
3.0080705248531037
20
28.428125000000001
30
0
0
SPLINE
5
992
100
AcDbEntity
8
0
100
AcDbSpline
70
4
71
3
72
8
73
4
74
0
42
0.000000001
43
0.0000000001
44
0.0000000001
40
0
40
0
40
0
40
0
40
1
40
1
40
1
40
1
41
1
41
1
41
1
41
1
10
3.0080705248531037
20
28.428125000000001
30
0
10
2.9681145244058307
20
28.441443666421499
30
0
10
2.95320313279493
20
28.44133206406298
30
0
10
2.9129858894364373
20
28.43556640625
30
0
0
SPLINE
5
993
100
AcDbEntity
8
0
100
AcDbSpline
70
4
71
3
72
8
73
4
74
0
42
0.000000001
43
0.0000000001
44
0.0000000001
40
0
40
0
40
0
40
0
40
1
40
1
40
1
40
1
41
1
41
1
41
1
41
1
10
2.9419246915197705
20
28.335520833333337
30
0
10
2.9506559426552394
20
28.326789585351943
30
0
10
2.9593871906366287
20
28.318058337370555
30
0
10
2.9683830248531038
20
28.3090625
30
0
0
SPLINE
5
994
100
AcDbEntity
8
0
100
AcDbSpline
70
4
71
3
72
8
73
4
74
0
42
0.000000001
43
0.0000000001
44
0.0000000001
40
0
40
0
40
0
40
0
40
1
40
1
40
1
40
1
41
1
41
1
41
1
41
1
10
2.9683830248531038
20
28.3090625
30
0
10
2.9641442137674821
20
28.274629544417067
30
0
10
2.9641442137674821
20
28.274629544417067
30
0
10
2.9551538581864372
20
28.24291666666667
30
0
0
SPLINE
5
995
100
AcDbEntity
8
0
100
AcDbSpline
70
4
71
3
72
8
73
4
74
0
42
0.000000001
43
0.0000000001
44
0.0000000001
40
0
40
0
40
0
40
0
40
1
40
1
40
1
40
1
41
1
41
1
41
1
41
1
10
2.9551538581864372
20
28.24291666666667
30
0
10
2.9077500826149021
20
28.229658785263698
30
0
10
2.9077500826149021
20
28.229658785263698
30
0
10
2.8625496915197708
20
28.24291666666667
30
0
0
SPLINE
5
996
100
AcDbEntity
8
0
100
AcDbSpline
70
4
71
3
72
8
73
4
74
0
42
0.000000001
43
0.0000000001
44
0.0000000001
40
0
40
0
40
0
40
0
40
1
40
1
40
1
40
1
41
1
41
1
41
1
41
1
10
2.8625496915197708
20
28.24291666666667
30
0
10
2.8625496915197708
20
28.269110410610836
30
0
10
2.8625496915197708
20
28.29530416717132
30
0
10
2.8625496915197708
20
28.322291666666672
30
0
0
SPLINE
5
997
100
AcDbEntity
8
0
100
AcDbSpline
70
4
71
3
72
8
73
4
74
0
42
0.000000001
43
0.0000000001
44
0.0000000001
40
0
40
0
40
0
40
0
40
1
40
1
40
1
40
1
41
1
41
1
41
1
41
1
10
2.8625496915197708
20
28.322291666666672
30
0
10
2.9009239559835533
20
28.331261180092891
30
0
10
2.9009239559835533
20
28.331261180092891
30
0
10
2.9419246915197705
20
28.335520833333337
30
0
0
SPLINE
5
998
100
AcDbEntity
8
0
100
AcDbSpline
70
4
71
3
72
8
73
4
74
0
42
0.000000001
43
0.0000000001
44
0.0000000001
40
0
40
0
40
0
40
0
40
1
40
1
40
1
40
1
41
1
41
1
41
1
41
1
10
5.1776538581864369
20
29.155729166666667
30
0
10
5.122041772277786
20
29.093625771452984
30
0
10
5.1177182047780692
20
29.04450475513935
30
0
10
5.1214298998531049
20
28.965559895833334
30
0
0
SPLINE
5
999
100
AcDbEntity
8
0
100
AcDbSpline
70
4
71
3
72
8
73
4
74
0
42
0.000000001
43
0.0000000001
44
0.0000000001
40
0
40
0
40
0
40
0
40
1
40
1
40
1
40
1
41
1
41
1
41
1
41
1
10
5.1214298998531049
20
28.965559895833334
30
0
10
5.1216686447179649
20
28.955822509229186
30
0
10
5.1219073895828267
20
28.946085110008717
30
0
10
5.1221533699051864
20
28.936052652994793
30
0
0
SPLINE
5
1000
100
AcDbEntity
8
0
100
AcDbSpline
70
4
71
3
72
8
73
4
74
0
42
0.000000001
43
0.0000000001
44
0.0000000001
40
0
40
0
40
0
40
0
40
1
40
1
40
1
40
1
41
1
41
1
41
1
41
1
10
5.1221533699051864
20
28.936052652994793
30
0
10
5.1227714432494187
20
28.912256715695065
30
0
10
5.1237203731851118
20
28.888469735980035
30
0
10
5.1247371915197704
20
28.864687500000002
30
0
0
SPLINE
5
1001
100
AcDbEntity
8
0
100
AcDbSpline
70
4
71
3
72
8
73
4
74
0
42
0.000000001
43
0.0000000001
44
0.0000000001
40
0
40
0
40
0
40
0
40
1
40
1
40
1
40
1
41
1
41
1
41
1
41
1
10
5.1247371915197704
20
28.864687500000002
30
0
10
5.1640278168982601
20
28.864687500000002
30
0
10
5.2033184422767498
20
28.864687500000002
30
0
10
5.2437996915197704
20
28.864687500000002
30
0
0
SPLINE
5
1002
100
AcDbEntity
8
0
100
AcDbSpline
70
4
71
3
72
8
73
4
74
0
42
0.000000001
43
0.0000000001
44
0.0000000001
40
0
40
0
40
0
40
0
40
1
40
1
40
1
40
1
41
1
41
1
41
1
41
1
10
5.2437996915197704
20
28.864687500000002
30
0
10
5.2437996915197704
20
28.925806261102359
30
0
10
5.2437996915197704
20
28.986924996972085
30
0
10
5.2437996915197704
20
29.049895833333331
30
0
0
SPLINE
5
1003
100
AcDbEntity
8
0
100
AcDbSpline
70
4
71
3
72
8
73
4
74
0
42
0.000000001
43
0.0000000001
44
0.0000000001
40
0
40
0
40
0
40
0
40
1
40
1
40
1
40
1
41
1
41
1
41
1
41
1
10
5.2437996915197704
20
29.049895833333331
30
0
10
5.2612621937907083
20
29.04553020934264
30
0
10
5.2787246897534867
20
29.041164585351943
30
0
10
5.2967163581864369
20
29.036666666666665
30
0
0
SPLINE
5
1004
100
AcDbEntity
8
0
100
AcDbSpline
70
4
71
3
72
8
73
4
74
0
42
0.000000001
43
0.0000000001
44
0.0000000001
40
0
40
0
40
0
40
0
40
1
40
1
40
1
40
1
41
1
41
1
41
1
41
1
10
5.2967163581864369
20
29.036666666666665
30
0
10
5.3010819821771324
20
28.979913542171325
30
0
10
5.3054476061678271
20
28.923160417675973
30
0
10
5.3099455248531049
20
28.864687500000002
30
0
0
SPLINE
5
1005
100
AcDbEntity
8
0
100
AcDbSpline
70
4
71
3
72
8
73
4
74
0
42
0.000000001
43
0.0000000001
44
0.0000000001
40
0
40
0
40
0
40
0
40
1
40
1
40
1
40
1
41
1
41
1
41
1
41
1
10
5.3099455248531049
20
28.864687500000002
30
0
10
5.3492361533856725
20
28.864687500000002
30
0
10
5.3885267693019241
20
28.864687500000002
30
0
10
5.429008024853105
20
28.864687500000002
30
0
0
SPLINE
5
1006
100
AcDbEntity
8
0
100
AcDbSpline
70
4
71
3
72
8
73
4
74
0
42
0.000000001
43
0.0000000001
44
0.0000000001
40
0
40
0
40
0
40
0
40
1
40
1
40
1
40
1
41
1
41
1
41
1
41
1
10
5.429008024853105
20
28.864687500000002
30
0
10
5.429008024853105
20
28.956365629037222
30
0
10
5.429008024853105
20
29.048043745458124
30
0
10
5.429008024853105
20
29.142499999999998
30
0
0
SPLINE
5
1007
100
AcDbEntity
8
0
100
AcDbSpline
70
4
71
3
72
8
73
4
74
0
42
0.000000001
43
0.0000000001
44
0.0000000001
40
0
40
0
40
0
40
0
40
1
40
1
40
1
40
1
41
1
41
1
41
1
41
1
10
5.429008024853105
20
29.142499999999998
30
0
10
5.3897174089368516
20
29.142499999999998
30
0
10
5.350426780404284
20
29.142499999999998
30
0
10
5.3099455248531049
20
29.142499999999998
30
0
0
SPLINE
5
1008
100
AcDbEntity
8
0
100
AcDbSpline
70
4
71
3
72
8
73
4
74
0
42
0.000000001
43
0.0000000001
44
0.0000000001
40
0
40
0
40
0
40
0
40
1
40
1
40
1
40
1
41
1
41
1
41
1
41
1
10
5.3099455248531049
20
29.142499999999998
30
0
10
5.268349163553748
20
29.163298179861158
30
0
10
5.2219397784487747
20
29.16901494274537
30
0
10
5.1776538581864369
20
29.155729166666667
30
0
0
SPLINE
5
1009
100
AcDbEntity
8
0
100
AcDbSpline
70
4
71
3
72
8
73
4
74
0
42
0.000000001
43
0.0000000001
44
0.0000000001
40
0
40
0
40
0
40
0
40
1
40
1
40
1
40
1
41
1
41
1
41
1
41
1
10
3.5901538581864374
20
28.44135416666667
30
0
10
3.5353040059622467
20
28.417669003779693
30
0
10
3.5080056908941604
20
28.390370685557524
30
0
10
3.484320524853104
20
28.335520833333337
30
0
0
SPLINE
5
1010
100
AcDbEntity
8
0
100
AcDbSpline
70
4
71
3
72
8
73
4
74
0
42
0.000000001
43
0.0000000001
44
0.0000000001
40
0
40
0
40
0
40
0
40
1
40
1
40
1
40
1
41
1
41
1
41
1
41
1
10
3.484320524853104
20
28.335520833333337
30
0
10
3.4818400561031035
20
28.285084635416666
30
0
10
3.4818400561031035
20
28.285084635416666
30
0
10
3.484320524853104
20
28.24291666666667
30
0
0
SPLINE
5
1011
100
AcDbEntity
8
0
100
AcDbSpline
70
4
71
3
72
8
73
4
74
0
42
0.000000001
43
0.0000000001
44
0.0000000001
40
0
40
0
40
0
40
0
40
1
40
1
40
1
40
1
41
1
41
1
41
1
41
1
10
3.484320524853104
20
28.24291666666667
30
0
10
3.5061486511147355
20
28.238551042675972
30
0
10
3.5279767773763671
20
28.234185418685279
30
0
10
3.5504663581864375
20
28.229687500000004
30
0
0
SPLINE
5
1012
100
AcDbEntity
8
0
100
AcDbSpline
70
4
71
3
72
8
73
4
74
0
42
0.000000001
43
0.0000000001
44
0.0000000001
40
0
40
0
40
0
40
0
40
1
40
1
40
1
40
1
41
1
41
1
41
1
41
1
10
3.5504663581864375
20
28.229687500000004
30
0
10
3.5330038559155001
20
28.216590628027916
30
0
10
3.5155413599527217
20
28.203493756055835
30
0
10
3.4975496915197706
20
28.189999999999998
30
0
0
SPLINE
5
1013
100
AcDbEntity
8
0
100
AcDbSpline
70
4
71
3
72
8
73
4
74
0
42
0.000000001
43
0.0000000001
44
0.0000000001
40
0
40
0
40
0
40
0
40
1
40
1
40
1
40
1
41
1
41
1
41
1
41
1
10
3.4975496915197706
20
28.189999999999998
30
0
10
3.5266849738077655
20
28.154786144892373
30
0
10
3.5423853267695842
20
28.138595045606294
30
0
10
3.5880351244624791
20
28.130055338541666
30
0
0
SPLINE
5
1014
100
AcDbEntity
8
0
100
AcDbSpline
70
4
71
3
72
8
73
4
74
0
42
0.000000001
43
0.0000000001
44
0.0000000001
40
0
40
0
40
0
40
0
40
1
40
1
40
1
40
1
41
1
41
1
41
1
41
1
10
3.5880351244624791
20
28.130055338541666
30
0
10
3.6968619438227353
20
28.131153210401536
30
0
10
3.6968619438227353
20
28.131153210401536
30
0
10
3.7505575040197709
20
28.156927083333336
30
0
0
SPLINE
5
1015
100
AcDbEntity
8
0
100
AcDbSpline
70
4
71
3
72
8
73
4
74
0
42
0.000000001
43
0.0000000001
44
0.0000000001
40
0
40
0
40
0
40
0
40
1
40
1
40
1
40
1
41
1
41
1
41
1
41
1
10
3.7505575040197709
20
28.156927083333336
30
0
10
3.7839287713384961
20
28.201422106424971
30
0
10
3.7993188354587892
20
28.240066413680715
30
0
10
3.8018205248531038
20
28.295833333333334
30
0
0
SPLINE
5
1016
100
AcDbEntity
8
0
100
AcDbSpline
70
4
71
3
72
8
73
4
74
0
42
0.000000001
43
0.0000000001
44
0.0000000001
40
0
40
0
40
0
40
0
40
1
40
1
40
1
40
1
41
1
41
1
41
1
41
1
10
3.8018205248531038
20
28.295833333333334
30
0
10
3.7863988947089848
20
28.353664446373781
30
0
10
3.7705168447113375
20
28.381006388664247
30
0
10
3.7257528165197709
20
28.420683593750002
30
0
0
SPLINE
5
1017
100
AcDbEntity
8
0
100
AcDbSpline
70
4
71
3
72
8
73
4
74
0
42
0.000000001
43
0.0000000001
44
0.0000000001
40
0
40
0
40
0
40
0
40
1
40
1
40
1
40
1
41
1
41
1
41
1
41
1
10
3.7257528165197709
20
28.420683593750002
30
0
10
3.675277854970727
20
28.444950403127201
30
0
10
3.6455382952805691
20
28.448403095081449
30
0
10
3.5901538581864374
20
28.44135416666667
30
0
0
SPLINE
5
1018
100
AcDbEntity
8
0
100
AcDbSpline
70
4
71
3
72
8
73
4
74
0
42
0.000000001
43
0.0000000001
44
0.0000000001
40
0
40
0
40
0
40
0
40
1
40
1
40
1
40
1
41
1
41
1
41
1
41
1
10
3.656299691519771
20
28.348750000000003
30
0
10
3.6693965634918548
20
28.329104692041874
30
0
10
3.6693965634918548
20
28.329104692041874
30
0
10
3.6827580248531038
20
28.3090625
30
0
0
SPLINE
5
1019
100
AcDbEntity
8
0
100
AcDbSpline
70
4
71
3
72
8
73
4
74
0
42
0.000000001
43
0.0000000001
44
0.0000000001
40
0
40
0
40
0
40
0
40
1
40
1
40
1
40
1
41
1
41
1
41
1
41
1
10
3.6827580248531038
20
28.3090625
30
0
10
3.6565642746007776
20
28.3090625
30
0
10
3.6303705243484514
20
28.3090625
30
0
10
3.603383024853104
20
28.3090625
30
0
0
SPLINE
5
1020
100
AcDbEntity
8
0
100
AcDbSpline
70
4
71
3
72
8
73
4
74
0
42
0.000000001
43
0.0000000001
44
0.0000000001
40
0
40
0
40
0
40
0
40
1
40
1
40
1
40
1
41
1
41
1
41
1
41
1
10
3.603383024853104
20
28.3090625
30
0
10
3.603383024853104
20
28.322159371972084
30
0
10
3.603383024853104
20
28.335256243944169
30
0
10
3.603383024853104
20
28.348750000000003
30
0
0
SPLINE
5
1021
100
AcDbEntity
8
0
100
AcDbSpline
70
4
71
3
72
8
73
4
74
0
42
0.000000001
43
0.0000000001
44
0.0000000001
40
0
40
0
40
0
40
0
40
1
40
1
40
1
40
1
41
1
41
1
41
1
41
1
10
3.603383024853104
20
28.348750000000003
30
0
10
3.6208455239699617
20
28.348750000000003
30
0
10
3.6383080262408991
20
28.348750000000003
30
0
10
3.656299691519771
20
28.348750000000003
30
0
0
SPLINE
5
1022
100
AcDbEntity
8
0
100
AcDbSpline
70
4
71
3
72
8
73
4
74
0
42
0.000000001
43
0.0000000001
44
0.0000000001
40
0
40
0
40
0
40
0
40
1
40
1
40
1
40
1
41
1
41
1
41
1
41
1
10
3.6695288581864371
20
28.24291666666667
30
0
10
3.665163234195743
20
28.234185418685279
30
0
10
3.6607976102050483
20
28.225454170703888
30
0
10
3.656299691519771
20
28.216458333333335
30
0
0
SPLINE
5
1023
100
AcDbEntity
8
0
100
AcDbSpline
70
4
71
3
72
8
73
4
74
0
42
0.000000001
43
0.0000000001
44
0.0000000001
40
0
40
0
40
0
40
0
40
1
40
1
40
1
40
1
41
1
41
1
41
1
41
1
10
3.656299691519771
20
28.216458333333335
30
0
10
3.634471565258139
20
28.220823957324029
30
0
10
3.6126434421505866
20
28.225189581314723
30
0
10
3.5901538581864374
20
28.229687500000004
30
0
0
SPLINE
5
1024
100
AcDbEntity
8
0
100
AcDbSpline
70
4
71
3
72
8
73
4
74
0
42
0.000000001
43
0.0000000001
44
0.0000000001
40
0
40
0
40
0
40
0
40
1
40
1
40
1
40
1
41
1
41
1
41
1
41
1
10
3.5901538581864374
20
28.229687500000004
30
0
10
3.5901538581864374
20
28.234053123990694
30
0
10
3.5901538581864374
20
28.238418747981392
30
0
10
3.5901538581864374
20
28.24291666666667
30
0
0
SPLINE
5
1025
100
AcDbEntity
8
0
100
AcDbSpline
70
4
71
3
72
8
73
4
74
0
42
0.000000001
43
0.0000000001
44
0.0000000001
40
0
40
0
40
0
40
0
40
1
40
1
40
1
40
1
41
1
41
1
41
1
41
1
10
3.5901538581864374
20
28.24291666666667
30
0
10
3.6163476084387636
20
28.24291666666667
30
0
10
3.6425413586910897
20
28.24291666666667
30
0
10
3.6695288581864371
20
28.24291666666667
30
0
0
SPLINE
5
1026
100
AcDbEntity
8
0
100
AcDbSpline
70
4
71
3
72
8
73
4
74
0
42
0.000000001
43
0.0000000001
44
0.0000000001
40
0
40
0
40
0
40
0
40
1
40
1
40
1
40
1
41
1
41
1
41
1
41
1
10
5.8126538581864384
20
29.142499999999998
30
0
10
5.7689976088172532
20
29.142499999999998
30
0
10
5.7253413594480698
20
29.142499999999998
30
0
10
5.6803621915197713
20
29.142499999999998
30
0
0
SPLINE
5
1027
100
AcDbEntity
8
0
100
AcDbSpline
70
4
71
3
72
8
73
4
74
0
42
0.000000001
43
0.0000000001
44
0.0000000001
40
0
40
0
40
0
40
0
40
1
40
1
40
1
40
1
41
1
41
1
41
1
41
1
10
5.6803621915197713
20
29.142499999999998
30
0
10
5.6672653195476874
20
29.111940625756979
30
0
10
5.6541684475756027
20
29.08138125151396
30
0
10
5.6406746915197719
20
29.049895833333331
30
0
0
SPLINE
5
1028
100
AcDbEntity
8
0
100
AcDbSpline
70
4
71
3
72
8
73
4
74
0
42
0.000000001
43
0.0000000001
44
0.0000000001
40
0
40
0
40
0
40
0
40
1
40
1
40
1
40
1
41
1
41
1
41
1
41
1
10
5.6406746915197719
20
29.049895833333331
30
0
10
5.6123020087894133
20
29.09067724997799
30
0
10
5.6123020087894133
20
29.09067724997799
30
0
10
5.5877580248531045
20
29.142499999999998
30
0
0
SPLINE
5
1029
100
AcDbEntity
8
0
100
AcDbSpline
70
4
71
3
72
8
73
4
74
0
42
0.000000001
43
0.0000000001
44
0.0000000001
40
0
40
0
40
0
40
0
40
1
40
1
40
1
40
1
41
1
41
1
41
1
41
1
10
5.5877580248531045
20
29.142499999999998
30
0
10
5.5441017849461582
20
29.142499999999998
30
0
10
5.5004455198065783
20
29.142499999999998
30
0
10
5.4554663581864382
20
29.142499999999998
30
0
0
SPLINE
5
1030
100
AcDbEntity
8
0
100
AcDbSpline
70
4
71
3
72
8
73
4
74
0
42
0.000000001
43
0.0000000001
44
0.0000000001
40
0
40
0
40
0
40
0
40
1
40
1
40
1
40
1
41
1
41
1
41
1
41
1
10
5.4554663581864382
20
29.142499999999998
30
0
10
5.4791920226033861
20
29.062917310198149
30
0
10
5.5143849346256593
20
28.988792073031266
30
0
10
5.5488973477697714
20
28.913470052083333
30
0
0
SPLINE
5
1031
100
AcDbEntity
8
0
100
AcDbSpline
70
4
71
3
72
8
73
4
74
0
42
0.000000001
43
0.0000000001
44
0.0000000001
40
0
40
0
40
0
40
0
40
1
40
1
40
1
40
1
41
1
41
1
41
1
41
1
10
5.5488973477697714
20
28.913470052083333
30
0
10
5.5549768226560294
20
28.900057696501413
30
0
10
5.5610562975422884
20
28.886645340919497
30
0
10
5.5673199958817499
20
28.872826538085938
30
0
0
SPLINE
5
1032
100
AcDbEntity
8
0
100
AcDbSpline
70
4
71
3
72
8
73
4
74
0
42
0.000000001
43
0.0000000001
44
0.0000000001
40
0
40
0
40
0
40
0
40
1
40
1
40
1
40
1
41
1
41
1
41
1
41
1
10
5.5673199958817499
20
28.872826538085938
30
0
10
5.6124797222233163
20
28.773819969296458
30
0
10
5.6124797222233163
20
28.773819969296458
30
0
10
5.6274455248531039
20
28.758854166666666
30
0
0
SPLINE
5
1033
100
AcDbEntity
8
0
100
AcDbSpline
70
4
71
3
72
8
73
4
74
0
42
0.000000001
43
0.0000000001
44
0.0000000001
40
0
40
0
40
0
40
0
40
1
40
1
40
1
40
1
41
1
41
1
41
1
41
1
10
5.6274455248531039
20
28.758854166666666
30
0
10
5.6475443389233293
20
28.757904309431712
30
0
10
5.6676843452668528
20
28.757743981281916
30
0
10
5.6878035977697721
20
28.758027343750001
30
0
0
SPLINE
5
1034
100
AcDbEntity
8
0
100
AcDbSpline
70
4
71
3
72
8
73
4
74
0
42
0.000000001
43
0.0000000001
44
0.0000000001
40
0
40
0
40
0
40
0
40
1
40
1
40
1
40
1
41
1
41
1
41
1
41
1
10
5.6878035977697721
20
28.758027343750001
30
0
10
5.6987347150063847
20
28.758146719336509
30
0
10
5.7096658322429992
20
28.75826609492302
30
0
10
5.7209281908687295
20
28.758389078776041
30
0
0
SPLINE
5
1035
100
AcDbEntity
8
0
100
AcDbSpline
70
4
71
3
72
8
73
4
74
0
42
0.000000001
43
0.0000000001
44
0.0000000001
40
0
40
0
40
0
40
0
40
1
40
1
40
1
40
1
41
1
41
1
41
1
41
1
10
5.7209281908687295
20
28.758389078776041
30
0
10
5.7335902099526272
20
28.758619301319122
30
0
10
5.7335902099526272
20
28.758619301319122
30
0
10
5.746508024853104
20
28.758854166666666
30
0
0
SPLINE
5
1036
100
AcDbEntity
8
0
100
AcDbSpline
70
4
71
3
72
8
73
4
74
0
42
0.000000001
43
0.0000000001
44
0.0000000001
40
0
40
0
40
0
40
0
40
1
40
1
40
1
40
1
41
1
41
1
41
1
41
1
10
5.746508024853104
20
28.758854166666666
30
0
10
5.7424152539388675
20
28.765487876335779
30
0
10
5.7383224767164727
20
28.772121586004893
30
0
10
5.7341056811031041
20
28.778956298828128
30
0
0
SPLINE
5
1037
100
AcDbEntity
8
0
100
AcDbSpline
70
4
71
3
72
8
73
4
74
0
42
0.000000001
43
0.0000000001
44
0.0000000001
40
0
40
0
40
0
40
0
40
1
40
1
40
1
40
1
41
1
41
1
41
1
41
1
10
5.7341056811031041
20
28.778956298828128
30
0
10
5.7110629883623467
20
28.828684469064076
30
0
10
5.7004108178830482
20
28.867838273644448
30
0
10
5.7153277575191197
20
28.922080637613931
30
0
0
SPLINE
5
1038
100
AcDbEntity
8
0
100
AcDbSpline
70
4
71
3
72
8
73
4
74
0
42
0.000000001
43
0.0000000001
44
0.0000000001
40
0
40
0
40
0
40
0
40
1
40
1
40
1
40
1
41
1
41
1
41
1
41
1
10
5.7153277575191197
20
28.922080637613931
30
0
10
5.7430893941935244
20
28.99765639791886
30
0
10
5.7773862197216701
20
29.07018278191487
30
0
10
5.8126538581864384
20
29.142499999999998
30
0
0
SPLINE
5
1039
100
AcDbEntity
8
0
100
AcDbSpline
70
4
71
3
72
8
73
4
74
0
42
0.000000001
43
0.0000000001
44
0.0000000001
40
0
40
0
40
0
40
0
40
1
40
1
40
1
40
1
41
1
41
1
41
1
41
1
10
3.7629598477697708
20
29.135885416666667
30
0
10
3.7494536961830001
20
29.126062760322043
30
0
10
3.7494536961830001
20
29.126062760322043
30
0
10
3.7356746915197707
20
29.116041666666668
30
0
0
SPLINE
5
1040
100
AcDbEntity
8
0
100
AcDbSpline
70
4
71
3
72
8
73
4
74
0
42
0.000000001
43
0.0000000001
44
0.0000000001
40
0
40
0
40
0
40
0
40
1
40
1
40
1
40
1
41
1
41
1
41
1
41
1
10
3.7356746915197707
20
29.116041666666668
30
0
10
3.7563452644364377
20
29.076354166666668
30
0
10
3.7563452644364377
20
29.076354166666668
30
0
10
3.7885913581864372
20
29.036666666666665
30
0
0
SPLINE
5
1041
100
AcDbEntity
8
0
100
AcDbSpline
70
4
71
3
72
8
73
4
74
0
42
0.000000001
43
0.0000000001
44
0.0000000001
40
0
40
0
40
0
40
0
40
1
40
1
40
1
40
1
41
1
41
1
41
1
41
1
10
3.7885913581864372
20
29.036666666666665
30
0
10
3.8382007331864374
20
29.031705729166667
30
0
10
3.8382007331864374
20
29.031705729166667
30
0
10
3.881195524853104
20
29.036666666666665
30
0
0
SPLINE
5
1042
100
AcDbEntity
8
0
100
AcDbSpline
70
4
71
3
72
8
73
4
74
0
42
0.000000001
43
0.0000000001
44
0.0000000001
40
0
40
0
40
0
40
0
40
1
40
1
40
1
40
1
41
1
41
1
41
1
41
1
10
3.881195524853104
20
29.036666666666665
30
0
10
3.8817606853660278
20
29.014625305732093
30
0
10
3.8817331313308419
20
28.992562888165317
30
0
10
3.881195524853104
20
28.970520833333335
30
0
0
SPLINE
5
1043
100
AcDbEntity
8
0
100
AcDbSpline
70
4
71
3
72
8
73
4
74
0
42
0.000000001
43
0.0000000001
44
0.0000000001
40
0
40
0
40
0
40
0
40
1
40
1
40
1
40
1
41
1
41
1
41
1
41
1
10
3.881195524853104
20
28.970520833333335
30
0
10
3.8768299008624094
20
28.966155209342638
30
0
10
3.8724642768717148
20
28.961789585351948
30
0
10
3.8679663581864379
20
28.95729166666667
30
0
0
SPLINE
5
1044
100
AcDbEntity
8
0
100
AcDbSpline
70
4
71
3
72
8
73
4
74
0
42
0.000000001
43
0.0000000001
44
0.0000000001
40
0
40
0
40
0
40
0
40
1
40
1
40
1
40
1
41
1
41
1
41
1
41
1
10
3.8679663581864379
20
28.95729166666667
30
0
10
3.8495488764560557
20
28.9589287725091
30
0
10
3.8495488764560557
20
28.9589287725091
30
0
10
3.8307593269364375
20
28.960598958333335
30
0
0
SPLINE
5
1045
100
AcDbEntity
8
0
100
AcDbSpline
70
4
71
3
72
8
73
4
74
0
42
0.000000001
43
0.0000000001
44
0.0000000001
40
0
40
0
40
0
40
0
40
1
40
1
40
1
40
1
41
1
41
1
41
1
41
1
10
3.8307593269364375
20
28.960598958333335
30
0
10
3.7885913581864372
20
28.95729166666667
30
0
10
3.7885913581864372
20
28.95729166666667
30
0
10
3.757172087353104
20
28.924218750000001
30
0
0
SPLINE
5
1046
100
AcDbEntity
8
0
100
AcDbSpline
70
4
71
3
72
8
73
4
74
0
42
0.000000001
43
0.0000000001
44
0.0000000001
40
0
40
0
40
0
40
0
40
1
40
1
40
1
40
1
41
1
41
1
41
1
41
1
10
3.757172087353104
20
28.924218750000001
30
0
10
3.7500779467911856
20
28.913304677406948
30
0
10
3.7429838062292671
20
28.902390630046529
30
0
10
3.7356746915197707
20
28.891145833333333
30
0
0
SPLINE
5
1047
100
AcDbEntity
8
0
100
AcDbSpline
70
4
71
3
72
8
73
4
74
0
42
0.000000001
43
0.0000000001
44
0.0000000001
40
0
40
0
40
0
40
0
40
1
40
1
40
1
40
1
41
1
41
1
41
1
41
1
10
3.7356746915197707
20
28.891145833333333
30
0
10
3.7400403170875052
20
28.882414585351945
30
0
10
3.7444059410781998
20
28.873683337370558
30
0
10
3.7489038581864378
20
28.864687500000002
30
0
0
SPLINE
5
1048
100
AcDbEntity
8
0
100
AcDbSpline
70
4
71
3
72
8
73
4
74
0
42
0.000000001
43
0.0000000001
44
0.0000000001
40
0
40
0
40
0
40
0
40
1
40
1
40
1
40
1
41
1
41
1
41
1
41
1
10
3.7489038581864378
20
28.864687500000002
30
0
10
3.8149895590013601
20
28.84265893201033
30
0
10
3.8813063970423078
20
28.84000291983287
30
0
10
3.945687712353104
20
28.867994791666668
30
0
0
SPLINE
5
1049
100
AcDbEntity
8
0
100
AcDbSpline
70
4
71
3
72
8
73
4
74
0
42
0.000000001
43
0.0000000001
44
0.0000000001
40
0
40
0
40
0
40
0
40
1
40
1
40
1
40
1
41
1
41
1
41
1
41
1
10
3.945687712353104
20
28.867994791666668
30
0
10
3.995977157276505
20
28.909409616788228
30
0
10
4.0115008534209267
20
28.928668474356336
30
0
10
4.0201017748531047
20
28.995325520833333
30
0
0
SPLINE
5
1050
100
AcDbEntity
8
0
100
AcDbSpline
70
4
71
3
72
8
73
4
74
0
42
0.000000001
43
0.0000000001
44
0.0000000001
40
0
40
0
40
0
40
0
40
1
40
1
40
1
40
1
41
1
41
1
41
1
41
1
10
4.0201017748531047
20
28.995325520833333
30
0
10
4.0177295288658481
20
29.058901555587848
30
0
10
3.99260976147814
20
29.086060091331603
30
0
10
3.9473413581864376
20
29.129270833333333
30
0
0
SPLINE
5
1051
100
AcDbEntity
8
0
100
AcDbSpline
70
4
71
3
72
8
73
4
74
0
42
0.000000001
43
0.0000000001
44
0.0000000001
40
0
40
0
40
0
40
0
40
1
40
1
40
1
40
1
41
1
41
1
41
1
41
1
10
3.9473413581864376
20
29.129270833333333
30
0
10
3.8905693470653233
20
29.170903643170995
30
0
10
3.8239443460321758
20
29.167026437794171
30
0
10
3.7629598477697708
20
29.135885416666667
30
0
0
SPLINE
5
1052
100
AcDbEntity
8
0
100
AcDbSpline
70
4
71
3
72
8
73
4
74
0
42
0.000000001
43
0.0000000001
44
0.0000000001
40
0
40
0
40
0
40
0
40
1
40
1
40
1
40
1
41
1
41
1
41
1
41
1
10
2.6508830248531035
20
28.494270833333335
30
0
10
2.6203236506100822
20
28.494270833333335
30
0
10
2.5897642763670614
20
28.494270833333335
30
0
10
2.5582788581864371
20
28.494270833333335
30
0
0
SPLINE
5
1053
100
AcDbEntity
8
0
100
AcDbSpline
70
4
71
3
72
8
73
4
74
0
42
0.000000001
43
0.0000000001
44
0.0000000001
40
0
40
0
40
0
40
0
40
1
40
1
40
1
40
1
41
1
41
1
41
1
41
1
10
2.5582788581864371
20
28.494270833333335
30
0
10
2.5582788581864371
20
28.472442708648742
30
0
10
2.5582788581864371
20
28.45061458396415
30
0
10
2.5582788581864371
20
28.428125000000001
30
0
0
SPLINE
5
1054
100
AcDbEntity
8
0
100
AcDbSpline
70
4
71
3
72
8
73
4
74
0
42
0.000000001
43
0.0000000001
44
0.0000000001
40
0
40
0
40
0
40
0
40
1
40
1
40
1
40
1
41
1
41
1
41
1
41
1
10
2.5582788581864371
20
28.428125000000001
30
0
10
2.5408163622236577
20
28.428125000000001
30
0
10
2.5233538536445632
20
28.428125000000001
30
0
10
2.505362191519771
20
28.428125000000001
30
0
0
SPLINE
5
1055
100
AcDbEntity
8
0
100
AcDbSpline
70
4
71
3
72
8
73
4
74
0
42
0.000000001
43
0.0000000001
44
0.0000000001
40
0
40
0
40
0
40
0
40
1
40
1
40
1
40
1
41
1
41
1
41
1
41
1
10
2.505362191519771
20
28.428125000000001
30
0
10
2.505362191519771
20
28.397565625756979
30
0
10
2.505362191519771
20
28.36700625151396
30
0
10
2.505362191519771
20
28.335520833333337
30
0
0
SPLINE
5
1056
100
AcDbEntity
8
0
100
AcDbSpline
70
4
71
3
72
8
73
4
74
0
42
0.000000001
43
0.0000000001
44
0.0000000001
40
0
40
0
40
0
40
0
40
1
40
1
40
1
40
1
41
1
41
1
41
1
41
1
10
2.505362191519771
20
28.335520833333337
30
0
10
2.5228246874825491
20
28.335520833333337
30
0
10
2.5402871960616444
20
28.335520833333337
30
0
10
2.5582788581864371
20
28.335520833333337
30
0
0
SPLINE
5
1057
100
AcDbEntity
8
0
100
AcDbSpline
70
4
71
3
72
8
73
4
74
0
42
0.000000001
43
0.0000000001
44
0.0000000001
40
0
40
0
40
0
40
0
40
1
40
1
40
1
40
1
41
1
41
1
41
1
41
1
10
2.5582788581864371
20
28.335520833333337
30
0
10
2.5539132341957425
20
28.304961452782152
30
0
10
2.5495476102050474
20
28.274402072230977
30
0
10
2.5450496915197709
20
28.24291666666667
30
0
0
SPLINE
5
1058
100
AcDbEntity
8
0
100
AcDbSpline
70
4
71
3
72
8
73
4
74
0
42
0.000000001
43
0.0000000001
44
0.0000000001
40
0
40
0
40
0
40
0
40
1
40
1
40
1
40
1
41
1
41
1
41
1
41
1
10
2.5450496915197709
20
28.24291666666667
30
0
10
2.5319528195476861
20
28.238551042675972
30
0
10
2.5188559475756023
20
28.234185418685279
30
0
10
2.505362191519771
20
28.229687500000004
30
0
0
SPLINE
5
1059
100
AcDbEntity
8
0
100
AcDbSpline
70
4
71
3
72
8
73
4
74
0
42
0.000000001
43
0.0000000001
44
0.0000000001
40
0
40
0
40
0
40
0
40
1
40
1
40
1
40
1
41
1
41
1
41
1
41
1
10
2.505362191519771
20
28.229687500000004
30
0
10
2.505362191519771
20
28.199128132065137
30
0
10
2.505362191519771
20
28.16856873889764
30
0
10
2.505362191519771
20
28.137083333333337
30
0
0
SPLINE
5
1060
100
AcDbEntity
8
0
100
AcDbSpline
70
4
71
3
72
8
73
4
74
0
42
0.000000001
43
0.0000000001
44
0.0000000001
40
0
40
0
40
0
40
0
40
1
40
1
40
1
40
1
41
1
41
1
41
1
41
1
10
2.505362191519771
20
28.137083333333337
30
0
10
2.6105959028717218
20
28.126964719494186
30
0
10
2.6105959028717218
20
28.126964719494186
30
0
10
2.6583244311031038
20
28.161888020833334
30
0
0
SPLINE
5
1061
100
AcDbEntity
8
0
100
AcDbSpline
70
4
71
3
72
8
73
4
74
0
42
0.000000001
43
0.0000000001
44
0.0000000001
40
0
40
0
40
0
40
0
40
1
40
1
40
1
40
1
41
1
41
1
41
1
41
1
10
2.6583244311031038
20
28.161888020833334
30
0
10
2.6851187968717349
20
28.220136645634966
30
0
10
2.6817511802878311
20
28.272435895005863
30
0
10
2.6773413581864371
20
28.335520833333337
30
0
0
SPLINE
5
1062
100
AcDbEntity
8
0
100
AcDbSpline
70
4
71
3
72
8
73
4
74
0
42
0.000000001
43
0.0000000001
44
0.0000000001
40
0
40
0
40
0
40
0
40
1
40
1
40
1
40
1
41
1
41
1
41
1
41
1
10
2.6773413581864371
20
28.335520833333337
30
0
10
2.6904382333126007
20
28.335520833333337
30
0
10
2.7035351084387638
20
28.335520833333337
30
0
10
2.7170288581864375
20
28.335520833333337
30
0
0
SPLINE
5
1063
100
AcDbEntity
8
0
100
AcDbSpline
70
4
71
3
72
8
73
4
74
0
42
0.000000001
43
0.0000000001
44
0.0000000001
40
0
40
0
40
0
40
0
40
1
40
1
40
1
40
1
41
1
41
1
41
1
41
1
10
2.7170288581864375
20
28.335520833333337
30
0
10
2.7170288581864375
20
28.361714577277503
30
0
10
2.7170288581864375
20
28.387908333837988
30
0
10
2.7170288581864375
20
28.414895833333333
30
0
0
SPLINE
5
1064
100
AcDbEntity
8
0
100
AcDbSpline
70
4
71
3
72
8
73
4
74
0
42
0.000000001
43
0.0000000001
44
0.0000000001
40
0
40
0
40
0
40
0
40
1
40
1
40
1
40
1
41
1
41
1
41
1
41
1
10
2.7170288581864375
20
28.414895833333333
30
0
10
2.6995663590695793
20
28.41926145732403
30
0
10
2.6821038567986424
20
28.42362708131472
30
0
10
2.664112191519771
20
28.428125000000001
30
0
0
SPLINE
5
1065
100
AcDbEntity
8
0
100
AcDbSpline
70
4
71
3
72
8
73
4
74
0
42
0.000000001
43
0.0000000001
44
0.0000000001
40
0
40
0
40
0
40
0
40
1
40
1
40
1
40
1
41
1
41
1
41
1
41
1
10
2.664112191519771
20
28.428125000000001
30
0
10
2.659746566740556
20
28.449953126261633
30
0
10
2.6553809415670813
20
28.471781249369187
30
0
10
2.6508830248531035
20
28.494270833333335
30
0
0
SPLINE
5
1066
100
AcDbEntity
8
0
100
AcDbSpline
70
4
71
3
72
8
73
4
74
0
42
0.000000001
43
0.0000000001
44
0.0000000001
40
0
40
0
40
0
40
0
40
1
40
1
40
1
40
1
41
1
41
1
41
1
41
1
10
3.9605705248531042
20
28.494270833333335
30
0
10
3.930011150610083
20
28.494270833333335
30
0
10
3.8994517763670622
20
28.494270833333335
30
0
10
3.8679663581864379
20
28.494270833333335
30
0
0
SPLINE
5
1067
100
AcDbEntity
8
0
100
AcDbSpline
70
4
71
3
72
8
73
4
74
0
42
0.000000001
43
0.0000000001
44
0.0000000001
40
0
40
0
40
0
40
0
40
1
40
1
40
1
40
1
41
1
41
1
41
1
41
1
10
3.8679663581864379
20
28.494270833333335
30
0
10
3.8679663581864379
20
28.472442708648742
30
0
10
3.8679663581864379
20
28.45061458396415
30
0
10
3.8679663581864379
20
28.428125000000001
30
0
0
SPLINE
5
1068
100
AcDbEntity
8
0
100
AcDbSpline
70
4
71
3
72
8
73
4
74
0
42
0.000000001
43
0.0000000001
44
0.0000000001
40
0
40
0
40
0
40
0
40
1
40
1
40
1
40
1
41
1
41
1
41
1
41
1
10
3.8679663581864379
20
28.428125000000001
30
0
10
3.8505038622236585
20
28.428125000000001
30
0
10
3.8330413536445636
20
28.428125000000001
30
0
10
3.8150496915197705
20
28.428125000000001
30
0
0
SPLINE
5
1069
100
AcDbEntity
8
0
100
AcDbSpline
70
4
71
3
72
8
73
4
74
0
42
0.000000001
43
0.0000000001
44
0.0000000001
40
0
40
0
40
0
40
0
40
1
40
1
40
1
40
1
41
1
41
1
41
1
41
1
10
3.8150496915197705
20
28.428125000000001
30
0
10
3.8150496915197705
20
28.397565625756979
30
0
10
3.8150496915197705
20
28.36700625151396
30
0
10
3.8150496915197705
20
28.335520833333337
30
0
0
SPLINE
5
1070
100
AcDbEntity
8
0
100
AcDbSpline
70
4
71
3
72
8
73
4
74
0
42
0.000000001
43
0.0000000001
44
0.0000000001
40
0
40
0
40
0
40
0
40
1
40
1
40
1
40
1
41
1
41
1
41
1
41
1
10
3.8150496915197705
20
28.335520833333337
30
0
10
3.8325121874825498
20
28.335520833333337
30
0
10
3.8499746960616448
20
28.335520833333337
30
0
10
3.8679663581864379
20
28.335520833333337
30
0
0
SPLINE
5
1071
100
AcDbEntity
8
0
100
AcDbSpline
70
4
71
3
72
8
73
4
74
0
42
0.000000001
43
0.0000000001
44
0.0000000001
40
0
40
0
40
0
40
0
40
1
40
1
40
1
40
1
41
1
41
1
41
1
41
1
10
3.8679663581864379
20
28.335520833333337
30
0
10
3.8679663581864379
20
28.300595828791462
30
0
10
3.8679663581864379
20
28.265670824249586
30
0
10
3.8679663581864379
20
28.229687500000004
30
0
0
SPLINE
5
1072
100
AcDbEntity
8
0
100
AcDbSpline
70
4
71
3
72
8
73
4
74
0
42
0.000000001
43
0.0000000001
44
0.0000000001
40
0
40
0
40
0
40
0
40
1
40
1
40
1
40
1
41
1
41
1
41
1
41
1
10
3.8679663581864379
20
28.229687500000004
30
0
10
3.8505038622236585
20
28.229687500000004
30
0
10
3.8330413536445636
20
28.229687500000004
30
0
10
3.8150496915197705
20
28.229687500000004
30
0
0
SPLINE
5
1073
100
AcDbEntity
8
0
100
AcDbSpline
70
4
71
3
72
8
73
4
74
0
42
0.000000001
43
0.0000000001
44
0.0000000001
40
0
40
0
40
0
40
0
40
1
40
1
40
1
40
1
41
1
41
1
41
1
41
1
10
3.8150496915197705
20
28.229687500000004
30
0
10
3.8150496915197705
20
28.199128132065137
30
0
10
3.8150496915197705
20
28.16856873889764
30
0
10
3.8150496915197705
20
28.137083333333337
30
0
0
SPLINE
5
1074
100
AcDbEntity
8
0
100
AcDbSpline
70
4
71
3
72
8
73
4
74
0
42
0.000000001
43
0.0000000001
44
0.0000000001
40
0
40
0
40
0
40
0
40
1
40
1
40
1
40
1
41
1
41
1
41
1
41
1
10
3.8150496915197705
20
28.137083333333337
30
0
10
3.8340541662987411
20
28.136007615725198
30
0
10
3.8530762534555136
20
28.135240039030712
30
0
10
3.8721004727697705
20
28.134602864583336
30
0
0
SPLINE
5
1075
100
AcDbEntity
8
0
100
AcDbSpline
70
4
71
3
72
8
73
4
74
0
42
0.000000001
43
0.0000000001
44
0.0000000001
40
0
40
0
40
0
40
0
40
1
40
1
40
1
40
1
41
1
41
1
41
1
41
1
10
3.8721004727697705
20
28.134602864583336
30
0
10
3.8879855506833727
20
28.133912196954093
30
0
10
3.8879855506833727
20
28.133912196954093
30
0
10
3.9041915372228959
20
28.133207600911462
30
0
0
SPLINE
5
1076
100
AcDbEntity
8
0
100
AcDbSpline
70
4
71
3
72
8
73
4
74
0
42
0.000000001
43
0.0000000001
44
0.0000000001
40
0
40
0
40
0
40
0
40
1
40
1
40
1
40
1
41
1
41
1
41
1
41
1
10
3.9041915372228959
20
28.133207600911462
30
0
10
3.9341121915197705
20
28.137083333333337
30
0
10
3.9341121915197705
20
28.137083333333337
30
0
10
3.9570048510249789
20
28.154601643880209
30
0
0
SPLINE
5
1077
100
AcDbEntity
8
0
100
AcDbSpline
70
4
71
3
72
8
73
4
74
0
42
0.000000001
43
0.0000000001
44
0.0000000001
40
0
40
0
40
0
40
0
40
1
40
1
40
1
40
1
41
1
41
1
41
1
41
1
10
3.9570048510249789
20
28.154601643880209
30
0
10
3.9872291295942008
20
28.194497691591582
30
0
10
3.9885535968061623
20
28.230313773949941
30
0
10
3.9878556811031043
20
28.278470052083335
30
0
0
SPLINE
5
1078
100
AcDbEntity
8
0
100
AcDbSpline
70
4
71
3
72
8
73
4
74
0
42
0.000000001
43
0.0000000001
44
0.0000000001
40
0
40
0
40
0
40
0
40
1
40
1
40
1
40
1
41
1
41
1
41
1
41
1
10
3.9878556811031043
20
28.278470052083335
30
0
10
3.9877363086706734
20
28.28916241814693
30
0
10
3.987616936238243
20
28.299854796826839
30
0
10
3.9874939460770626
20
28.31087117513021
30
0
0
SPLINE
5
1079
100
AcDbEntity
8
0
100
AcDbSpline
70
4
71
3
72
8
73
4
74
0
42
0.000000001
43
0.0000000001
44
0.0000000001
40
0
40
0
40
0
40
0
40
1
40
1
40
1
40
1
41
1
41
1
41
1
41
1
10
3.9874939460770626
20
28.31087117513021
30
0
10
3.9872637266880613
20
28.323072755436101
30
0
10
3.9872637266880613
20
28.323072755436101
30
0
10
3.9870288581864379
20
28.335520833333337
30
0
0
SPLINE
5
1080
100
AcDbEntity
8
0
100
AcDbSpline
70
4
71
3
72
8
73
4
74
0
42
0.000000001
43
0.0000000001
44
0.0000000001
40
0
40
0
40
0
40
0
40
1
40
1
40
1
40
1
41
1
41
1
41
1
41
1
10
3.9870288581864379
20
28.335520833333337
30
0
10
4.0001257333126006
20
28.335520833333337
30
0
10
4.0132226084387641
20
28.335520833333337
30
0
10
4.0267163581864374
20
28.335520833333337
30
0
0
SPLINE
5
1081
100
AcDbEntity
8
0
100
AcDbSpline
70
4
71
3
72
8
73
4
74
0
42
0.000000001
43
0.0000000001
44
0.0000000001
40
0
40
0
40
0
40
0
40
1
40
1
40
1
40
1
41
1
41
1
41
1
41
1
10
4.0267163581864374
20
28.335520833333337
30
0
10
4.0267163581864374
20
28.361714577277503
30
0
10
4.0267163581864374
20
28.387908333837988
30
0
10
4.0267163581864374
20
28.414895833333333
30
0
0
SPLINE
5
1082
100
AcDbEntity
8
0
100
AcDbSpline
70
4
71
3
72
8
73
4
74
0
42
0.000000001
43
0.0000000001
44
0.0000000001
40
0
40
0
40
0
40
0
40
1
40
1
40
1
40
1
41
1
41
1
41
1
41
1
10
4.0267163581864374
20
28.414895833333333
30
0
10
4.0092538590695801
20
28.41926145732403
30
0
10
3.9917913567986423
20
28.42362708131472
30
0
10
3.9737996915197709
20
28.428125000000001
30
0
0
SPLINE
5
1083
100
AcDbEntity
8
0
100
AcDbSpline
70
4
71
3
72
8
73
4
74
0
42
0.000000001
43
0.0000000001
44
0.0000000001
40
0
40
0
40
0
40
0
40
1
40
1
40
1
40
1
41
1
41
1
41
1
41
1
10
3.9737996915197709
20
28.428125000000001
30
0
10
3.9694340667405563
20
28.449953126261633
30
0
10
3.9650684415670816
20
28.471781249369187
30
0
10
3.9605705248531042
20
28.494270833333335
30
0
0
SPLINE
5
1084
100
AcDbEntity
8
0
100
AcDbSpline
70
4
71
3
72
8
73
4
74
0
42
0.000000001
43
0.0000000001
44
0.0000000001
40
0
40
0
40
0
40
0
40
1
40
1
40
1
40
1
41
1
41
1
41
1
41
1
10
4.1722371915197707
20
28.428125000000001
30
0
10
4.132946566141281
20
28.428125000000001
30
0
10
4.0936559407627922
20
28.428125000000001
30
0
10
4.0531746915197706
20
28.428125000000001
30
0
0
SPLINE
5
1085
100
AcDbEntity
8
0
100
AcDbSpline
70
4
71
3
72
8
73
4
74
0
42
0.000000001
43
0.0000000001
44
0.0000000001
40
0
40
0
40
0
40
0
40
1
40
1
40
1
40
1
41
1
41
1
41
1
41
1
10
4.0531746915197706
20
28.428125000000001
30
0
10
4.0531746915197706
20
28.332081246972084
30
0
10
4.0531746915197706
20
28.236037493944171
30
0
10
4.0531746915197706
20
28.137083333333337
30
0
0
SPLINE
5
1086
100
AcDbEntity
8
0
100
AcDbSpline
70
4
71
3
72
8
73
4
74
0
42
0.000000001
43
0.0000000001
44
0.0000000001
40
0
40
0
40
0
40
0
40
1
40
1
40
1
40
1
41
1
41
1
41
1
41
1
10
4.0531746915197706
20
28.137083333333337
30
0
10
4.0924653137441815
20
28.137083333333337
30
0
10
4.13175594227675
20
28.137083333333337
30
0
10
4.1722371915197707
20
28.137083333333337
30
0
0
SPLINE
5
1087
100
AcDbEntity
8
0
100
AcDbSpline
70
4
71
3
72
8
73
4
74
0
42
0.000000001
43
0.0000000001
44
0.0000000001
40
0
40
0
40
0
40
0
40
1
40
1
40
1
40
1
41
1
41
1
41
1
41
1
10
4.1722371915197707
20
28.137083333333337
30
0
10
4.1722371915197707
20
28.23312708636125
30
0
10
4.1722371915197707
20
28.329170833081008
30
0
10
4.1722371915197707
20
28.428125000000001
30
0
0
SPLINE
5
1088
100
AcDbEntity
8
0
100
AcDbSpline
70
4
71
3
72
8
73
4
74
0
42
0.000000001
43
0.0000000001
44
0.0000000001
40
0
40
0
40
0
40
0
40
1
40
1
40
1
40
1
41
1
41
1
41
1
41
1
10
4.1722371915197707
20
29.142499999999998
30
0
10
4.132946566141281
20
29.142499999999998
30
0
10
4.0936559407627922
20
29.142499999999998
30
0
10
4.0531746915197706
20
29.142499999999998
30
0
0
SPLINE
5
1089
100
AcDbEntity
8
0
100
AcDbSpline
70
4
71
3
72
8
73
4
74
0
42
0.000000001
43
0.0000000001
44
0.0000000001
40
0
40
0
40
0
40
0
40
1
40
1
40
1
40
1
41
1
41
1
41
1
41
1
10
4.0531746915197706
20
29.142499999999998
30
0
10
4.0531746915197706
20
29.050821877270934
30
0
10
4.0531746915197706
20
28.959143754541877
30
0
10
4.0531746915197706
20
28.864687500000002
30
0
0
SPLINE
5
1090
100
AcDbEntity
8
0
100
AcDbSpline
70
4
71
3
72
8
73
4
74
0
42
0.000000001
43
0.0000000001
44
0.0000000001
40
0
40
0
40
0
40
0
40
1
40
1
40
1
40
1
41
1
41
1
41
1
41
1
10
4.0531746915197706
20
28.864687500000002
30
0
10
4.0924653137441815
20
28.864687500000002
30
0
10
4.13175594227675
20
28.864687500000002
30
0
10
4.1722371915197707
20
28.864687500000002
30
0
0
SPLINE
5
1091
100
AcDbEntity
8
0
100
AcDbSpline
70
4
71
3
72
8
73
4
74
0
42
0.000000001
43
0.0000000001
44
0.0000000001
40
0
40
0
40
0
40
0
40
1
40
1
40
1
40
1
41
1
41
1
41
1
41
1
10
4.1722371915197707
20
28.864687500000002
30
0
10
4.1722371915197707
20
28.956365629037222
30
0
10
4.1722371915197707
20
29.048043751766283
30
0
10
4.1722371915197707
20
29.142499999999998
30
0
0
SPLINE
5
1092
100
AcDbEntity
8
0
100
AcDbSpline
70
4
71
3
72
8
73
4
74
0
42
0.000000001
43
0.0000000001
44
0.0000000001
40
0
40
0
40
0
40
0
40
1
40
1
40
1
40
1
41
1
41
1
41
1
41
1
10
4.113532764436437
20
29.264042968749997
30
0
10
4.0664038581864377
20
29.2615625
30
0
10
4.0664038581864377
20
29.2615625
30
0
10
4.0399455248531044
20
29.235104166666666
30
0
0
SPLINE
5
1093
100
AcDbEntity
8
0
100
AcDbSpline
70
4
71
3
72
8
73
4
74
0
42
0.000000001
43
0.0000000001
44
0.0000000001
40
0
40
0
40
0
40
0
40
1
40
1
40
1
40
1
41
1
41
1
41
1
41
1
10
4.0399455248531044
20
29.235104166666666
30
0
10
4.0447982017414112
20
29.196282745252056
30
0
10
4.0513804494556123
20
29.183981742064159
30
0
10
4.0796330248531039
20
29.155729166666667
30
0
0
SPLINE
5
1094
100
AcDbEntity
8
0
100
AcDbSpline
70
4
71
3
72
8
73
4
74
0
42
0.000000001
43
0.0000000001
44
0.0000000001
40
0
40
0
40
0
40
0
40
1
40
1
40
1
40
1
41
1
41
1
41
1
41
1
10
4.0796330248531039
20
29.155729166666667
30
0
10
4.1127059415197706
20
29.152421875000002
30
0
10
4.1127059415197706
20
29.152421875000002
30
0
10
4.1457788581864374
20
29.155729166666667
30
0
0
SPLINE
5
1095
100
AcDbEntity
8
0
100
AcDbSpline
70
4
71
3
72
8
73
4
74
0
42
0.000000001
43
0.0000000001
44
0.0000000001
40
0
40
0
40
0
40
0
40
1
40
1
40
1
40
1
41
1
41
1
41
1
41
1
10
4.1457788581864374
20
29.155729166666667
30
0
10
4.1722371915197707
20
29.182187500000005
30
0
10
4.1722371915197707
20
29.182187500000005
30
0
10
4.1747176602697706
20
29.216087239583331
30
0
0
SPLINE
5
1096
100
AcDbEntity
8
0
100
AcDbSpline
70
4
71
3
72
8
73
4
74
0
42
0.000000001
43
0.0000000001
44
0.0000000001
40
0
40
0
40
0
40
0
40
1
40
1
40
1
40
1
41
1
41
1
41
1
41
1
10
4.1747176602697706
20
29.216087239583331
30
0
10
4.1708365469889177
20
29.266541702180792
30
0
10
4.1660440278516546
20
29.261178717960913
30
0
10
4.113532764436437
20
29.264042968749997
30
0
0
SPLINE
5
1097
100
AcDbEntity
8
0
100
AcDbSpline
70
4
71
3
72
8
73
4
74
0
42
0.000000001
43
0.0000000001
44
0.0000000001
40
0
40
0
40
0
40
0
40
1
40
1
40
1
40
1
41
1
41
1
41
1
41
1
10
4.0664038581864377
20
28.5471875
30
0
10
4.0531746915197706
20
28.533958333333334
30
0
10
4.0531746915197706
20
28.533958333333334
30
0
10
4.0523478686031043
20
28.493444010416667
30
0
0
SPLINE
5
1098
100
AcDbEntity
8
0
100
AcDbSpline
70
4
71
3
72
8
73
4
74
0
42
0.000000001
43
0.0000000001
44
0.0000000001
40
0
40
0
40
0
40
0
40
1
40
1
40
1
40
1
41
1
41
1
41
1
41
1
10
4.0523478686031043
20
28.493444010416667
30
0
10
4.0526207201025226
20
28.480619985212883
30
0
10
4.052893571601941
20
28.467795966317262
30
0
10
4.0531746915197706
20
28.454583333333332
30
0
0
SPLINE
5
1099
100
AcDbEntity
8
0
100
AcDbSpline
70
4
71
3
72
8
73
4
74
0
42
0.000000001
43
0.0000000001
44
0.0000000001
40
0
40
0
40
0
40
0
40
1
40
1
40
1
40
1
41
1
41
1
41
1
41
1
10
4.0531746915197706
20
28.454583333333332
30
0
10
4.1424715665197711
20
28.439700520833334
30
0
10
4.1424715665197711
20
28.439700520833334
30
0
10
4.1722371915197707
20
28.454583333333332
30
0
0
SPLINE
5
1100
100
AcDbEntity
8
0
100
AcDbSpline
70
4
71
3
72
8
73
4
74
0
42
0.000000001
43
0.0000000001
44
0.0000000001
40
0
40
0
40
0
40
0
40
1
40
1
40
1
40
1
41
1
41
1
41
1
41
1
10
4.1722371915197707
20
28.454583333333332
30
0
10
4.1722371915197707
20
28.480777083585661
30
0
10
4.1722371915197707
20
28.50697083383799
30
0
10
4.1722371915197707
20
28.533958333333334
30
0
0
SPLINE
5
1101
100
AcDbEntity
8
0
100
AcDbSpline
70
4
71
3
72
8
73
4
74
0
42
0.000000001
43
0.0000000001
44
0.0000000001
40
0
40
0
40
0
40
0
40
1
40
1
40
1
40
1
41
1
41
1
41
1
41
1
10
4.1722371915197707
20
28.533958333333334
30
0
10
4.1360888458506597
20
28.552032506956412
30
0
10
4.106329629939431
20
28.548886468964628
30
0
10
4.0664038581864377
20
28.5471875
30
0
0
SPLINE
5
1102
100
AcDbEntity
8
0
100
AcDbSpline
70
4
71
3
72
8
73
4
74
0
42
0.000000001
43
0.0000000001
44
0.0000000001
40
0
40
0
40
0
40
0
40
1
40
1
40
1
40
1
41
1
41
1
41
1
41
1
10
12.252632407043929
20
29.325312499999995
30
0
10
12.021254285071844
20
29.325312499999995
30
0
10
11.789876163099763
20
29.325312499999995
30
0
10
11.551486573710596
20
29.325312499999995
30
0
0
SPLINE
5
1103
100
AcDbEntity
8
0
100
AcDbSpline
70
4
71
3
72
8
73
4
74
0
42
0.000000001
43
0.0000000001
44
0.0000000001
40
0
40
0
40
0
40
0
40
1
40
1
40
1
40
1
41
1
41
1
41
1
41
1
10
11.551486573710596
20
29.325312499999995
30
0
10
11.544938150340871
20
29.312215624873833
30
0
10
11.544938150340871
20
29.312215624873833
30
0
10
11.538257407043929
20
29.298854166666661
30
0
0
SPLINE
5
1104
100
AcDbEntity
8
0
100
AcDbSpline
70
4
71
3
72
8
73
4
74
0
42
0.000000001
43
0.0000000001
44
0.0000000001
40
0
40
0
40
0
40
0
40
1
40
1
40
1
40
1
41
1
41
1
41
1
41
1
10
11.538257407043929
20
29.298854166666661
30
0
10
11.5338917578206
20
29.307585416225091
30
0
10
11.52952615906254
20
29.316316666572039
30
0
10
11.525028240377262
20
29.325312499999995
30
0
0
SPLINE
5
1105
100
AcDbEntity
8
0
100
AcDbSpline
70
4
71
3
72
8
73
4
74
0
42
0.000000001
43
0.0000000001
44
0.0000000001
40
0
40
0
40
0
40
0
40
1
40
1
40
1
40
1
41
1
41
1
41
1
41
1
10
11.525028240377262
20
29.325312499999995
30
0
10
11.490103248451703
20
29.325312499999995
30
0
10
11.455178256526146
20
29.325312499999995
30
0
10
11.419194907043927
20
29.325312499999995
30
0
0
SPLINE
5
1106
100
AcDbEntity
8
0
100
AcDbSpline
70
4
71
3
72
8
73
4
74
0
42
0.000000001
43
0.0000000001
44
0.0000000001
40
0
40
0
40
0
40
0
40
1
40
1
40
1
40
1
41
1
41
1
41
1
41
1
10
11.419194907043927
20
29.325312499999995
30
0
10
11.415286523595009
20
29.318420866299416
30
0
10
11.411378140146091
20
29.311529232598836
30
0
10
11.407351314718081
20
29.304428761800128
30
0
0
SPLINE
5
1107
100
AcDbEntity
8
0
100
AcDbSpline
70
4
71
3
72
8
73
4
74
0
42
0.000000001
43
0.0000000001
44
0.0000000001
40
0
40
0
40
0
40
0
40
1
40
1
40
1
40
1
41
1
41
1
41
1
41
1
10
11.407351314718081
20
29.304428761800128
30
0
10
11.266331781242842
20
29.056041776140525
30
0
10
11.122817749673679
20
28.809375555117921
30
0
10
10.971215145284489
20
28.567270914713539
30
0
0
SPLINE
5
1108
100
AcDbEntity
8
0
100
AcDbSpline
70
4
71
3
72
8
73
4
74
0
42
0.000000001
43
0.0000000001
44
0.0000000001
40
0
40
0
40
0
40
0
40
1
40
1
40
1
40
1
41
1
41
1
41
1
41
1
10
10.971215145284489
20
28.567270914713539
30
0
10
10.964426860505894
20
28.556408013900114
30
0
10
10.95763867665783
20
28.545545113086696
30
0
10
10.950644695455388
20
28.534353027343748
30
0
0
SPLINE
5
1109
100
AcDbEntity
8
0
100
AcDbSpline
70
4
71
3
72
8
73
4
74
0
42
0.000000001
43
0.0000000001
44
0.0000000001
40
0
40
0
40
0
40
0
40
1
40
1
40
1
40
1
41
1
41
1
41
1
41
1
10
10.950644695455388
20
28.534353027343748
30
0
10
10.944672837748682
20
28.524843705892557
30
0
10
10.938701080972509
20
28.515334434906634
30
0
10
10.932548254822249
20
28.505536956787104
30
0
0
SPLINE
5
1110
100
AcDbEntity
8
0
100
AcDbSpline
70
4
71
3
72
8
73
4
74
0
42
0.000000001
43
0.0000000001
44
0.0000000001
40
0
40
0
40
0
40
0
40
1
40
1
40
1
40
1
41
1
41
1
41
1
41
1
10
10.932548254822249
20
28.505536956787104
30
0
10
10.917091652248853
20
28.479658873081203
30
0
10
10.903508421276564
20
28.452689629395799
30
0
10
10.890028240377262
20
28.425729166666663
30
0
0
SPLINE
5
1111
100
AcDbEntity
8
0
100
AcDbSpline
70
4
71
3
72
8
73
4
74
0
42
0.000000001
43
0.0000000001
44
0.0000000001
40
0
40
0
40
0
40
0
40
1
40
1
40
1
40
1
41
1
41
1
41
1
41
1
10
10.890028240377262
20
28.425729166666663
30
0
10
10.885662591153935
20
28.722591648499165
30
0
10
10.881296941930607
20
29.019454155564301
30
0
10
10.876799073710595
20
29.325312499999995
30
0
0
SPLINE
5
1112
100
AcDbEntity
8
0
100
AcDbSpline
70
4
71
3
72
8
73
4
74
0
42
0.000000001
43
0.0000000001
44
0.0000000001
40
0
40
0
40
0
40
0
40
1
40
1
40
1
40
1
41
1
41
1
41
1
41
1
10
10.876799073710595
20
29.325312499999995
30
0
10
10.798217791412824
20
29.325312499999995
30
0
10
10.719636610045587
20
29.325312499999995
30
0
10
10.638674073710595
20
29.325312499999995
30
0
0
SPLINE
5
1113
100
AcDbEntity
8
0
100
AcDbSpline
70
4
71
3
72
8
73
4
74
0
42
0.000000001
43
0.0000000001
44
0.0000000001
40
0
40
0
40
0
40
0
40
1
40
1
40
1
40
1
41
1
41
1
41
1
41
1
10
10.638674073710595
20
29.325312499999995
30
0
10
10.638368254199182
20
29.092683672110233
30
0
10
10.638131975824193
20
28.860054894685739
30
0
10
10.637988654469009
20
28.627425915400181
30
0
0
SPLINE
5
1114
100
AcDbEntity
8
0
100
AcDbSpline
70
4
71
3
72
8
73
4
74
0
42
0.000000001
43
0.0000000001
44
0.0000000001
40
0
40
0
40
0
40
0
40
1
40
1
40
1
40
1
41
1
41
1
41
1
41
1
10
10.637988654469009
20
28.627425915400181
30
0
10
10.637920324498966
20
28.519419800043103
30
0
10
10.637827165618097
20
28.411413886547084
30
0
10
10.637676072611963
20
28.303407821655266
30
0
0
SPLINE
5
1115
100
AcDbEntity
8
0
100
AcDbSpline
70
4
71
3
72
8
73
4
74
0
42
0.000000001
43
0.0000000001
44
0.0000000001
40
0
40
0
40
0
40
0
40
1
40
1
40
1
40
1
41
1
41
1
41
1
41
1
10
10.637676072611963
20
28.303407821655266
30
0
10
10.63754445919847
20
28.209303827285762
30
0
10
10.637458971038019
20
28.115199832916254
30
0
10
10.637429398392195
20
28.021095737616214
30
0
0
SPLINE
5
1116
100
AcDbEntity
8
0
100
AcDbSpline
70
4
71
3
72
8
73
4
74
0
42
0.000000001
43
0.0000000001
44
0.0000000001
40
0
40
0
40
0
40
0
40
1
40
1
40
1
40
1
41
1
41
1
41
1
41
1
10
10.637429398392195
20
28.021095737616214
30
0
10
10.637412038340724
20
27.971237770716346
30
0
10
10.637371262405868
20
27.921380005677534
30
0
10
10.63727537840064
20
27.871522038777666
30
0
0
SPLINE
5
1117
100
AcDbEntity
8
0
100
AcDbSpline
70
4
71
3
72
8
73
4
74
0
42
0.000000001
43
0.0000000001
44
0.0000000001
40
0
40
0
40
0
40
0
40
1
40
1
40
1
40
1
41
1
41
1
41
1
41
1
10
10.63727537840064
20
27.871522038777666
30
0
10
10.637169300411696
20
27.81595473448435
30
0
10
10.637166070634677
20
27.76038783391316
30
0
10
10.637172227397118
20
27.704820327758782
30
0
0
SPLINE
5
1118
100
AcDbEntity
8
0
100
AcDbSpline
70
4
71
3
72
8
73
4
74
0
42
0.000000001
43
0.0000000001
44
0.0000000001
40
0
40
0
40
0
40
0
40
1
40
1
40
1
40
1
41
1
41
1
41
1
41
1
10
10.637172227397118
20
27.704820327758782
30
0
10
10.637124689116632
20
27.688168102105454
30
0
10
10.637077150836145
20
27.671515775521591
30
0
10
10.63702809859768
20
27.654358897209161
30
0
0
SPLINE
5
1119
100
AcDbEntity
8
0
100
AcDbSpline
70
4
71
3
72
8
73
4
74
0
42
0.000000001
43
0.0000000001
44
0.0000000001
40
0
40
0
40
0
40
0
40
1
40
1
40
1
40
1
41
1
41
1
41
1
41
1
10
10.63702809859768
20
27.654358897209161
30
0
10
10.637046266093408
20
27.639313586552934
30
0
10
10.637064433589137
20
27.624268275896704
30
0
10
10.637083206668054
20
27.608766961097714
30
0
0
SPLINE
5
1120
100
AcDbEntity
8
0
100
AcDbSpline
70
4
71
3
72
8
73
4
74
0
42
0.000000001
43
0.0000000001
44
0.0000000001
40
0
40
0
40
0
40
0
40
1
40
1
40
1
40
1
41
1
41
1
41
1
41
1
10
10.637083206668054
20
27.608766961097714
30
0
10
10.637070994073703
20
27.595609051386511
30
0
10
10.637058781479354
20
27.58245114167531
30
0
10
10.637046266093408
20
27.568894556363418
30
0
0
SPLINE
5
1121
100
AcDbEntity
8
0
100
AcDbSpline
70
4
71
3
72
8
73
4
74
0
42
0.000000001
43
0.0000000001
44
0.0000000001
40
0
40
0
40
0
40
0
40
1
40
1
40
1
40
1
41
1
41
1
41
1
41
1
10
10.637046266093408
20
27.568894556363418
30
0
10
10.638674073710595
20
27.539374999999996
30
0
10
10.638674073710595
20
27.539374999999996
30
0
10
10.651903240377262
20
27.526145833333327
30
0
0
SPLINE
5
1122
100
AcDbEntity
8
0
100
AcDbSpline
70
4
71
3
72
8
73
4
74
0
42
0.000000001
43
0.0000000001
44
0.0000000001
40
0
40
0
40
0
40
0
40
1
40
1
40
1
40
1
41
1
41
1
41
1
41
1
10
10.651903240377262
20
27.526145833333327
30
0
10
10.688948479984754
20
27.525171046257014
30
0
10
10.725663373961602
20
27.524925583203629
30
0
10
10.762697511210595
20
27.525319010416659
30
0
0
SPLINE
5
1123
100
AcDbEntity
8
0
100
AcDbSpline
70
4
71
3
72
8
73
4
74
0
42
0.000000001
43
0.0000000001
44
0.0000000001
40
0
40
0
40
0
40
0
40
1
40
1
40
1
40
1
41
1
41
1
41
1
41
1
10
10.762697511210595
20
27.525319010416659
30
0
10
10.77303178836361
20
27.525378761291499
30
0
10
10.783366065516626
20
27.525438310305272
30
0
10
10.794013429179346
20
27.525499877929683
30
0
0
SPLINE
5
1124
100
AcDbEntity
8
0
100
AcDbSpline
70
4
71
3
72
8
73
4
74
0
42
0.000000001
43
0.0000000001
44
0.0000000001
40
0
40
0
40
0
40
0
40
1
40
1
40
1
40
1
41
1
41
1
41
1
41
1
10
10.794013429179346
20
27.525499877929683
30
0
10
10.821608946814692
20
27.525665202140807
30
0
10
10.849204060727908
20
27.525901783307386
30
0
10
10.876799073710595
20
27.526145833333327
30
0
0
SPLINE
5
1125
100
AcDbEntity
8
0
100
AcDbSpline
70
4
71
3
72
8
73
4
74
0
42
0.000000001
43
0.0000000001
44
0.0000000001
40
0
40
0
40
0
40
0
40
1
40
1
40
1
40
1
41
1
41
1
41
1
41
1
10
10.876799073710595
20
27.526145833333327
30
0
10
10.889895920450046
20
27.526145833333327
30
0
10
10.90299286812003
20
27.526145833333327
30
0
10
10.916486573710596
20
27.526145833333327
30
0
0
SPLINE
5
1126
100
AcDbEntity
8
0
100
AcDbSpline
70
4
71
3
72
8
73
4
74
0
42
0.000000001
43
0.0000000001
44
0.0000000001
40
0
40
0
40
0
40
0
40
1
40
1
40
1
40
1
41
1
41
1
41
1
41
1
10
10.916486573710596
20
27.526145833333327
30
0
10
11.000271329576329
20
27.526145833333327
30
0
10
11.084055984511529
20
27.526145833333327
30
0
10
11.167840740377262
20
27.526145833333327
30
0
0
SPLINE
5
1127
100
AcDbEntity
8
0
100
AcDbSpline
70
4
71
3
72
8
73
4
74
0
42
0.000000001
43
0.0000000001
44
0.0000000001
40
0
40
0
40
0
40
0
40
1
40
1
40
1
40
1
41
1
41
1
41
1
41
1
10
11.167840740377262
20
27.526145833333327
30
0
10
11.184228931759353
20
27.521848413149513
30
0
10
11.20061702221091
20
27.517550992965695
30
0
10
11.217501791809553
20
27.513123372395828
30
0
0
SPLINE
5
1128
100
AcDbEntity
8
0
100
AcDbSpline
70
4
71
3
72
8
73
4
74
0
42
0.000000001
43
0.0000000001
44
0.0000000001
40
0
40
0
40
0
40
0
40
1
40
1
40
1
40
1
41
1
41
1
41
1
41
1
10
11.217501791809553
20
27.513123372395828
30
0
10
11.289123106494102
20
27.499432347615556
30
0
10
11.351947820677911
20
27.493932239214573
30
0
10
11.419194907043927
20
27.526145833333327
30
0
0
SPLINE
5
1129
100
AcDbEntity
8
0
100
AcDbSpline
70
4
71
3
72
8
73
4
74
0
42
0.000000001
43
0.0000000001
44
0.0000000001
40
0
40
0
40
0
40
0
40
1
40
1
40
1
40
1
41
1
41
1
41
1
41
1
10
11.419194907043927
20
27.526145833333327
30
0
10
11.507395171815709
20
27.616566468874609
30
0
10
11.562418914729909
20
27.737670894463854
30
0
10
11.619479839498357
20
27.849188130696611
30
0
0
SPLINE
5
1130
100
AcDbEntity
8
0
100
AcDbSpline
70
4
71
3
72
8
73
4
74
0
42
0.000000001
43
0.0000000001
44
0.0000000001
40
0
40
0
40
0
40
0
40
1
40
1
40
1
40
1
41
1
41
1
41
1
41
1
10
11.619479839498357
20
27.849188130696611
30
0
10
11.645593394134991
20
27.900032390753424
30
0
10
11.674297785058174
20
27.949007821083065
30
0
10
11.704207589322881
20
27.997711041768383
30
0
0
SPLINE
5
1131
100
AcDbEntity
8
0
100
AcDbSpline
70
4
71
3
72
8
73
4
74
0
42
0.000000001
43
0.0000000001
44
0.0000000001
40
0
40
0
40
0
40
0
40
1
40
1
40
1
40
1
41
1
41
1
41
1
41
1
10
11.704207589322881
20
27.997711041768383
30
0
10
11.722670962904447
20
28.027859899997708
30
0
10
11.740894424611881
20
28.058136132558182
30
0
10
11.759041734233055
20
28.088475850423173
30
0
0
SPLINE
5
1132
100
AcDbEntity
8
0
100
AcDbSpline
70
4
71
3
72
8
73
4
74
0
42
0.000000001
43
0.0000000001
44
0.0000000001
40
0
40
0
40
0
40
0
40
1
40
1
40
1
40
1
41
1
41
1
41
1
41
1
10
11.759041734233055
20
28.088475850423173
30
0
10
11.809902496431821
20
28.173148895899448
30
0
10
11.861754547848856
20
28.25720788002014
30
0
10
11.913583334778304
20
28.341289876302081
30
0
0
SPLINE
5
1133
100
AcDbEntity
8
0
100
AcDbSpline
70
4
71
3
72
8
73
4
74
0
42
0.000000001
43
0.0000000001
44
0.0000000001
40
0
40
0
40
0
40
0
40
1
40
1
40
1
40
1
41
1
41
1
41
1
41
1
10
11.913583334778304
20
28.341289876302081
30
0
10
11.923423481280162
20
28.357265059947963
30
0
10
11.933262996966199
20
28.373240546385439
30
0
10
11.943101881836409
20
28.389216537475583
30
0
0
SPLINE
5
1134
100
AcDbEntity
8
0
100
AcDbSpline
70
4
71
3
72
8
73
4
74
0
42
0.000000001
43
0.0000000001
44
0.0000000001
40
0
40
0
40
0
40
0
40
1
40
1
40
1
40
1
41
1
41
1
41
1
41
1
10
11.943101881836409
20
28.389216537475583
30
0
10
11.966896507039223
20
28.427850221792852
30
0
10
11.990699534708813
20
28.466478657722469
30
0
10
12.014507407043929
20
28.505104166666662
30
0
0
SPLINE
5
1135
100
AcDbEntity
8
0
100
AcDbSpline
70
4
71
3
72
8
73
4
74
0
42
0.000000001
43
0.0000000001
44
0.0000000001
40
0
40
0
40
0
40
0
40
1
40
1
40
1
40
1
41
1
41
1
41
1
41
1
10
12.014507407043929
20
28.505104166666662
30
0
10
12.014643764192417
20
28.493034792741135
30
0
10
12.014780121340905
20
28.480965469280871
30
0
10
12.014920616641199
20
28.468530373573302
30
0
0
SPLINE
5
1136
100
AcDbEntity
8
0
100
AcDbSpline
70
4
71
3
72
8
73
4
74
0
42
0.000000001
43
0.0000000001
44
0.0000000001
40
0
40
0
40
0
40
0
40
1
40
1
40
1
40
1
41
1
41
1
41
1
41
1
10
12.014920616641199
20
28.468530373573302
30
0
10
12.016214394663329
20
28.355033788681023
30
0
10
12.017570244962528
20
28.241538213094071
30
0
10
12.018996595238205
20
28.128043243090307
30
0
0
SPLINE
5
1137
100
AcDbEntity
8
0
100
AcDbSpline
70
4
71
3
72
8
73
4
74
0
42
0.000000001
43
0.0000000001
44
0.0000000001
40
0
40
0
40
0
40
0
40
1
40
1
40
1
40
1
41
1
41
1
41
1
41
1
10
12.018996595238205
20
28.128043243090307
30
0
10
12.019727736010706
20
28.069688136577604
30
0
10
12.020434527292405
20
28.011333030064897
30
0
10
12.021086462830063
20
27.952977015177403
30
0
0
SPLINE
5
1138
100
AcDbEntity
8
0
100
AcDbSpline
70
4
71
3
72
8
73
4
74
0
42
0.000000001
43
0.0000000001
44
0.0000000001
40
0
40
0
40
0
40
0
40
1
40
1
40
1
40
1
41
1
41
1
41
1
41
1
10
12.021086462830063
20
27.952977015177403
30
0
10
12.021715966557021
20
27.896707133452093
30
0
10
12.022408400470571
20
27.840438261032098
30
0
10
12.023145269050753
20
27.784169691403701
30
0
0
SPLINE
5
1139
100
AcDbEntity
8
0
100
AcDbSpline
70
4
71
3
72
8
73
4
74
0
42
0.000000001
43
0.0000000001
44
0.0000000001
40
0
40
0
40
0
40
0
40
1
40
1
40
1
40
1
41
1
41
1
41
1
41
1
10
12.023145269050753
20
27.784169691403701
30
0
10
12.023415813341295
20
27.762654329935703
30
0
10
12.023663295005317
20
27.741138665676111
30
0
10
12.023887865438617
20
27.719622799555456
30
0
0
SPLINE
5
1140
100
AcDbEntity
8
0
100
AcDbSpline
70
4
71
3
72
8
73
4
74
0
42
0.000000001
43
0.0000000001
44
0.0000000001
40
0
40
0
40
0
40
0
40
1
40
1
40
1
40
1
41
1
41
1
41
1
41
1
10
12.023887865438617
20
27.719622799555456
30
0
10
12.024205165798023
20
27.68959001143773
30
0
10
12.024602857326025
20
27.659559342861169
30
0
10
12.025020331238265
20
27.629527765909824
30
0
0
SPLINE
5
1141
100
AcDbEntity
8
0
100
AcDbSpline
70
4
71
3
72
8
73
4
74
0
42
0.000000001
43
0.0000000001
44
0.0000000001
40
0
40
0
40
0
40
0
40
1
40
1
40
1
40
1
41
1
41
1
41
1
41
1
10
12.025020331238265
20
27.629527765909824
30
0
10
12.025225977196847
20
27.612401065826411
30
0
10
12.025431597922797
20
27.595274365742995
30
0
10
12.025643476341719
20
27.577628680864965
30
0
0
SPLINE
5
1142
100
AcDbEntity
8
0
100
AcDbSpline
70
4
71
3
72
8
73
4
74
0
42
0.000000001
43
0.0000000001
44
0.0000000001
40
0
40
0
40
0
40
0
40
1
40
1
40
1
40
1
41
1
41
1
41
1
41
1
10
12.025643476341719
20
27.577628680864965
30
0
10
12.027736573710595
20
27.539374999999996
30
0
10
12.027736573710595
20
27.539374999999996
30
0
10
12.04096574037726
20
27.526145833333327
30
0
0
SPLINE
5
1143
100
AcDbEntity
8
0
100
AcDbSpline
70
4
71
3
72
8
73
4
74
0
42
0.000000001
43
0.0000000001
44
0.0000000001
40
0
40
0
40
0
40
0
40
1
40
1
40
1
40
1
41
1
41
1
41
1
41
1
10
12.04096574037726
20
27.526145833333327
30
0
10
12.110815736844692
20
27.526145833333327
30
0
10
12.180665739620284
20
27.526145833333327
30
0
10
12.252632407043929
20
27.526145833333327
30
0
0
SPLINE
5
1144
100
AcDbEntity
8
0
100
AcDbSpline
70
4
71
3
72
8
73
4
74
0
42
0.000000001
43
0.0000000001
44
0.0000000001
40
0
40
0
40
0
40
0
40
1
40
1
40
1
40
1
41
1
41
1
41
1
41
1
10
12.252632407043929
20
27.526145833333327
30
0
10
12.252632407043929
20
28.119870796998335
30
0
10
12.252632407043929
20
28.713595811128609
30
0
10
12.252632407043929
20
29.325312499999995
30
0
0
LINE
5
1145
100
AcDbEntity
8
0
100
AcDbLine
10
12.054194907043929
20
29.272395833333327
30
0
11
12.067424073710596
21
29.298854166666661
31
0
0
LINE
5
1146
100
AcDbEntity
8
0
100
AcDbLine
10
11.921903240377262
20
29.272395833333327
30
0
11
11.935132407043927
21
29.298854166666661
31
0
0
LINE
5
1147
100
AcDbEntity
8
0
100
AcDbLine
10
11.49856990704393
20
29.232708333333331
30
0
11
11.511799073710595
21
29.259166666666662
31
0
0
LINE
5
1148
100
AcDbEntity
8
0
100
AcDbLine
10
11.882215740377262
20
29.206249999999994
30
0
11
11.895444907043927
21
29.232708333333328
31
0
0
LINE
5
1149
100
AcDbEntity
8
0
100
AcDbLine
10
11.749924073710595
20
29.206249999999994
30
0
11
11.763153240377262
21
29.232708333333328
31
0
0
LINE
5
1150
100
AcDbEntity
8
0
100
AcDbLine
10
11.868986573710597
20
29.179791666666659
30
0
11
11.882215740377262
21
29.206249999999994
31
0
0
LINE
5
1151
100
AcDbEntity
8
0
100
AcDbLine
10
11.458882407043928
20
29.166562499999994
30
0
11
11.472111573710595
21
29.193020833333328
31
0
0
LINE
5
1152
100
AcDbEntity
8
0
100
AcDbLine
10
11.842528240377263
20
29.140104166666664
30
0
11
11.85575740704393
21
29.166562499999994
31
0
0
LINE
5
1153
100
AcDbEntity
8
0
100
AcDbLine
10
11.710236573710596
20
29.140104166666664
30
0
11
11.723465740377261
21
29.166562499999994
31
0
0
LINE
5
1154
100
AcDbEntity
8
0
100
AcDbLine
10
11.445653240377263
20
29.140104166666664
30
0
11
11.458882407043928
21
29.166562499999994
31
0
0
LINE
5
1155
100
AcDbEntity
8
0
100
AcDbLine
10
11.419194907043927
20
29.100416666666664
30
0
11
11.432424073710594
21
29.126874999999998
31
0
0
LINE
5
1156
100
AcDbEntity
8
0
100
AcDbLine
10
11.80284074037726
20
29.073958333333326
30
0
11
11.816069907043927
21
29.100416666666661
31
0
0
LINE
5
1157
100
AcDbEntity
8
0
100
AcDbLine
10
11.670549073710594
20
29.073958333333326
30
0
11
11.683778240377261
21
29.100416666666661
31
0
0
LINE
5
1158
100
AcDbEntity
8
0
100
AcDbLine
10
11.405965740377262
20
29.073958333333326
30
0
11
11.419194907043927
21
29.100416666666664
31
0
0
LINE
5
1159
100
AcDbEntity
8
0
100
AcDbLine
10
11.644090740377262
20
29.034270833333331
30
0
11
11.657319907043927
21
29.060729166666661
31
0
0
LINE
5
1160
100
AcDbEntity
8
0
100
AcDbLine
10
11.511799073710595
20
29.034270833333331
30
0
11
11.525028240377262
21
29.060729166666661
31
0
0
LINE
5
1161
100
AcDbEntity
8
0
100
AcDbLine
10
11.379507407043929
20
29.034270833333331
30
0
11
11.392736573710597
21
29.060729166666661
31
0
0
LINE
5
1162
100
AcDbEntity
8
0
100
AcDbLine
10
11.763153240377262
20
29.007812499999996
30
0
11
11.776382407043929
21
29.034270833333331
31
0
0
LINE
5
1163
100
AcDbEntity
8
0
100
AcDbLine
10
11.630861573710597
20
29.007812499999996
30
0
11
11.644090740377262
21
29.034270833333331
31
0
0
SPLINE
5
1164
100
AcDbEntity
8
0
100
AcDbSpline
70
4
71
3
72
8
73
4
74
0
42
0.000000001
43
0.0000000001
44
0.0000000001
40
0
40
0
40
0
40
0
40
1
40
1
40
1
40
1
41
1
41
1
41
1
41
1
10
11.379507407043929
20
29.034270833333331
30
0
10
11.375141757820602
20
29.021173961361242
30
0
10
11.370776108597273
20
29.008077089389161
30
0
10
11.366278240377261
20
28.994583333333331
30
0
0
SPLINE
5
1165
100
AcDbEntity
8
0
100
AcDbSpline
70
4
71
3
72
8
73
4
74
0
42
0.000000001
43
0.0000000001
44
0.0000000001
40
0
40
0
40
0
40
0
40
1
40
1
40
1
40
1
41
1
41
1
41
1
41
1
10
11.366278240377261
20
28.994583333333331
30
0
10
11.366278240377261
20
29.007680205305412
30
0
10
11.366278240377261
20
29.020777077277494
30
0
10
11.366278240377261
20
29.034270833333331
30
0
0
SPLINE
5
1166
100
AcDbEntity
8
0
100
AcDbSpline
70
4
71
3
72
8
73
4
74
0
42
0.000000001
43
0.0000000001
44
0.0000000001
40
0
40
0
40
0
40
0
40
1
40
1
40
1
40
1
41
1
41
1
41
1
41
1
10
11.366278240377261
20
29.034270833333331
30
0
10
11.37064388960059
20
29.034270833333331
30
0
10
11.375009538823917
20
29.034270833333331
30
0
10
11.379507407043929
20
29.034270833333331
30
0
0
LINE
5
1167
100
AcDbEntity
8
0
100
AcDbLine
10
11.472111573710595
20
28.968124999999993
30
0
11
11.485340740377261
21
28.994583333333324
31
0
0
LINE
5
1168
100
AcDbEntity
8
0
100
AcDbLine
10
11.339819907043928
20
28.968124999999993
30
0
11
11.353049073710595
21
28.994583333333324
31
0
0
LINE
5
1169
100
AcDbEntity
8
0
100
AcDbLine
10
11.85575740704393
20
28.941666666666663
30
0
11
11.868986573710597
21
28.968124999999993
31
0
0
LINE
5
1170
100
AcDbEntity
8
0
100
AcDbLine
10
11.723465740377264
20
28.941666666666663
30
0
11
11.73669490704393
21
28.968124999999993
31
0
0
LINE
5
1171
100
AcDbEntity
8
0
100
AcDbLine
10
11.591174073710595
20
28.941666666666663
30
0
11
11.604403240377261
21
28.968124999999993
31
0
0
LINE
5
1172
100
AcDbEntity
8
0
100
AcDbLine
10
11.458882407043928
20
28.941666666666663
30
0
11
11.472111573710595
21
28.968124999999993
31
0
0
SPLINE
5
1173
100
AcDbEntity
8
0
100
AcDbSpline
70
4
71
3
72
8
73
4
74
0
42
0.000000001
43
0.0000000001
44
0.0000000001
40
0
40
0
40
0
40
0
40
1
40
1
40
1
40
1
41
1
41
1
41
1
41
1
10
11.339819907043928
20
28.968124999999993
30
0
10
11.335454257820601
20
28.955028128027912
30
0
10
11.331088608597273
20
28.941931256055828
30
0
10
11.326590740377263
20
28.928437499999994
30
0
0
SPLINE
5
1174
100
AcDbEntity
8
0
100
AcDbSpline
70
4
71
3
72
8
73
4
74
0
42
0.000000001
43
0.0000000001
44
0.0000000001
40
0
40
0
40
0
40
0
40
1
40
1
40
1
40
1
41
1
41
1
41
1
41
1
10
11.326590740377263
20
28.928437499999994
30
0
10
11.326590740377263
20
28.941534371972079
30
0
10
11.326590740377263
20
28.954631243944164
30
0
10
11.326590740377263
20
28.968124999999993
30
0
0
SPLINE
5
1175
100
AcDbEntity
8
0
100
AcDbSpline
70
4
71
3
72
8
73
4
74
0
42
0.000000001
43
0.0000000001
44
0.0000000001
40
0
40
0
40
0
40
0
40
1
40
1
40
1
40
1
41
1
41
1
41
1
41
1
10
11.326590740377263
20
28.968124999999993
30
0
10
11.33095638960059
20
28.968124999999993
30
0
10
11.335322038823918
20
28.968124999999993
30
0
10
11.339819907043928
20
28.968124999999993
30
0
0
LINE
5
1176
100
AcDbEntity
8
0
100
AcDbLine
10
11.842528240377263
20
28.915208333333329
30
0
11
11.85575740704393
21
28.941666666666663
31
0
0
LINE
5
1177
100
AcDbEntity
8
0
100
AcDbLine
10
11.432424073710596
20
28.901979166666663
30
0
11
11.445653240377263
21
28.928437499999994
31
0
0
LINE
5
1178
100
AcDbEntity
8
0
100
AcDbLine
10
11.300132407043929
20
28.901979166666663
30
0
11
11.313361573710594
21
28.928437499999994
31
0
0
LINE
5
1179
100
AcDbEntity
8
0
100
AcDbLine
10
11.816069907043929
20
28.875520833333329
30
0
11
11.829299073710596
21
28.901979166666663
31
0
0
LINE
5
1180
100
AcDbEntity
8
0
100
AcDbLine
10
11.683778240377263
20
28.875520833333329
30
0
11
11.697007407043928
21
28.901979166666663
31
0
0
LINE
5
1181
100
AcDbEntity
8
0
100
AcDbLine
10
11.419194907043927
20
28.875520833333329
30
0
11
11.432424073710596
21
28.901979166666663
31
0
0
SPLINE
5
1182
100
AcDbEntity
8
0
100
AcDbSpline
70
4
71
3
72
8
73
4
74
0
42
0.000000001
43
0.0000000001
44
0.0000000001
40
0
40
0
40
0
40
0
40
1
40
1
40
1
40
1
41
1
41
1
41
1
41
1
10
11.300132407043929
20
28.901979166666663
30
0
10
11.291401108597274
20
28.880151021480557
30
0
10
11.282669911081149
20
28.858322926759715
30
0
10
11.273674073710595
20
28.835833333333326
30
0
0
SPLINE
5
1183
100
AcDbEntity
8
0
100
AcDbSpline
70
4
71
3
72
8
73
4
74
0
42
0.000000001
43
0.0000000001
44
0.0000000001
40
0
40
0
40
0
40
0
40
1
40
1
40
1
40
1
41
1
41
1
41
1
41
1
10
11.273674073710595
20
28.835833333333326
30
0
10
11.269308424487267
20
28.844564581314721
30
0
10
11.26494277526394
20
28.853295829296108
30
0
10
11.260444907043929
20
28.862291666666664
30
0
0
SPLINE
5
1184
100
AcDbEntity
8
0
100
AcDbSpline
70
4
71
3
72
8
73
4
74
0
42
0.000000001
43
0.0000000001
44
0.0000000001
40
0
40
0
40
0
40
0
40
1
40
1
40
1
40
1
41
1
41
1
41
1
41
1
10
11.260444907043929
20
28.862291666666664
30
0
10
11.27354175378338
20
28.875388563871379
30
0
10
11.286638701453363
20
28.88848541061083
30
0
10
11.300132407043929
20
28.901979166666663
30
0
0
LINE
5
1185
100
AcDbEntity
8
0
100
AcDbLine
10
11.80284074037726
20
28.849062499999995
30
0
11
11.816069907043929
21
28.875520833333329
31
0
0
LINE
5
1186
100
AcDbEntity
8
0
100
AcDbLine
10
11.392736573710597
20
28.835833333333326
30
0
11
11.405965740377262
21
28.86229166666666
31
0
0
LINE
5
1187
100
AcDbEntity
8
0
100
AcDbLine
10
11.776382407043929
20
28.809374999999996
30
0
11
11.789611573710594
21
28.835833333333326
31
0
0
LINE
5
1188
100
AcDbEntity
8
0
100
AcDbLine
10
11.644090740377262
20
28.809374999999996
30
0
11
11.657319907043927
21
28.835833333333326
31
0
0
LINE
5
1189
100
AcDbEntity
8
0
100
AcDbLine
10
11.379507407043929
20
28.809374999999996
30
0
11
11.392736573710597
21
28.835833333333326
31
0
0
LINE
5
1190
100
AcDbEntity
8
0
100
AcDbLine
10
11.247215740377264
20
28.809374999999996
30
0
11
11.260444907043929
21
28.835833333333326
31
0
0
SPLINE
5
1191
100
AcDbEntity
8
0
100
AcDbSpline
70
4
71
3
72
8
73
4
74
0
42
0.000000001
43
0.0000000001
44
0.0000000001
40
0
40
0
40
0
40
0
40
1
40
1
40
1
40
1
41
1
41
1
41
1
41
1
10
11.247215740377264
20
28.809374999999996
30
0
10
11.238484441930607
20
28.78754685481389
30
0
10
11.229753244414484
20
28.765718760093048
30
0
10
11.220757407043928
20
28.743229166666666
30
0
0
SPLINE
5
1192
100
AcDbEntity
8
0
100
AcDbSpline
70
4
71
3
72
8
73
4
74
0
42
0.000000001
43
0.0000000001
44
0.0000000001
40
0
40
0
40
0
40
0
40
1
40
1
40
1
40
1
41
1
41
1
41
1
41
1
10
11.220757407043928
20
28.743229166666666
30
0
10
11.216391757820601
20
28.751960414648053
30
0
10
11.212026108597273
20
28.760691662629441
30
0
10
11.207528240377263
20
28.769687499999996
30
0
0
SPLINE
5
1193
100
AcDbEntity
8
0
100
AcDbSpline
70
4
71
3
72
8
73
4
74
0
42
0.000000001
43
0.0000000001
44
0.0000000001
40
0
40
0
40
0
40
0
40
1
40
1
40
1
40
1
41
1
41
1
41
1
41
1
10
11.207528240377263
20
28.769687499999996
30
0
10
11.220625087116714
20
28.782784397204711
30
0
10
11.233722034786695
20
28.795881243944162
30
0
10
11.247215740377264
20
28.809374999999996
30
0
0
LINE
5
1194
100
AcDbEntity
8
0
100
AcDbLine
10
11.353049073710595
20
28.769687499999996
30
0
11
11.366278240377261
21
28.796145833333327
31
0
0
LINE
5
1195
100
AcDbEntity
8
0
100
AcDbLine
10
11.73669490704393
20
28.743229166666666
30
0
11
11.749924073710595
21
28.769687499999996
31
0
0
LINE
5
1196
100
AcDbEntity
8
0
100
AcDbLine
10
11.604403240377261
20
28.743229166666666
30
0
11
11.617632407043928
21
28.769687499999996
31
0
0
LINE
5
1197
100
AcDbEntity
8
0
100
AcDbLine
10
11.472111573710595
20
28.743229166666666
30
0
11
11.485340740377261
21
28.769687499999996
31
0
0
LINE
5
1198
100
AcDbEntity
8
0
100
AcDbLine
10
11.339819907043928
20
28.743229166666666
30
0
11
11.353049073710595
21
28.769687499999996
31
0
0
LINE
5
1199
100
AcDbEntity
8
0
100
AcDbLine
10
11.194299073710596
20
28.716770833333328
30
0
11
11.207528240377263
21
28.743229166666659
31
0
0
LINE
5
1200
100
AcDbEntity
8
0
100
AcDbLine
10
11.577944907043928
20
28.703541666666659
30
0
11
11.591174073710595
21
28.729999999999993
31
0
0
SPLINE
5
1201
100
AcDbEntity
8
0
100
AcDbSpline
70
4
71
3
72
8
73
4
74
0
42
0.000000001
43
0.0000000001
44
0.0000000001
40
0
40
0
40
0
40
0
40
1
40
1
40
1
40
1
41
1
41
1
41
1
41
1
10
11.194299073710596
20
28.716770833333328
30
0
10
11.189933424487268
20
28.703673936128613
30
0
10
11.185567775263941
20
28.690577089389162
30
0
10
11.181069907043927
20
28.677083333333329
30
0
0
SPLINE
5
1202
100
AcDbEntity
8
0
100
AcDbSpline
70
4
71
3
72
8
73
4
74
0
42
0.000000001
43
0.0000000001
44
0.0000000001
40
0
40
0
40
0
40
0
40
1
40
1
40
1
40
1
41
1
41
1
41
1
41
1
10
11.181069907043927
20
28.677083333333329
30
0
10
11.181069907043927
20
28.690180230538047
30
0
10
11.181069907043927
20
28.703277077277498
30
0
10
11.181069907043927
20
28.716770833333328
30
0
0
SPLINE
5
1203
100
AcDbEntity
8
0
100
AcDbSpline
70
4
71
3
72
8
73
4
74
0
42
0.000000001
43
0.0000000001
44
0.0000000001
40
0
40
0
40
0
40
0
40
1
40
1
40
1
40
1
41
1
41
1
41
1
41
1
10
11.181069907043927
20
28.716770833333328
30
0
10
11.185435556267256
20
28.716770833333328
30
0
10
11.189801205490584
20
28.716770833333328
30
0
10
11.194299073710596
20
28.716770833333328
30
0
0
LINE
5
1204
100
AcDbEntity
8
0
100
AcDbLine
10
11.564715740377263
20
28.677083333333329
30
0
11
11.577944907043928
21
28.703541666666659
31
0
0
LINE
5
1205
100
AcDbEntity
8
0
100
AcDbLine
10
11.432424073710596
20
28.677083333333329
30
0
11
11.445653240377263
21
28.703541666666659
31
0
0
LINE
5
1206
100
AcDbEntity
8
0
100
AcDbLine
10
11.300132407043929
20
28.677083333333329
30
0
11
11.313361573710594
21
28.703541666666659
31
0
0
LINE
5
1207
100
AcDbEntity
8
0
100
AcDbLine
10
11.286903240377262
20
28.650624999999998
30
0
11
11.300132407043929
21
28.677083333333329
31
0
0
LINE
5
1208
100
AcDbEntity
8
0
100
AcDbLine
10
11.154611573710596
20
28.650624999999998
30
0
11
11.167840740377262
21
28.677083333333329
31
0
0
LINE
5
1209
100
AcDbEntity
8
0
100
AcDbLine
10
11.141382407043929
20
28.624166666666664
30
0
11
11.154611573710596
21
28.650624999999998
31
0
0
LINE
5
1210
100
AcDbEntity
8
0
100
AcDbLine
10
11.525028240377262
20
28.610937499999991
30
0
11
11.538257407043929
21
28.637395833333326
31
0
0
LINE
5
1211
100
AcDbEntity
8
0
100
AcDbLine
10
11.392736573710597
20
28.610937499999991
30
0
11
11.405965740377262
21
28.637395833333326
31
0
0
LINE
5
1212
100
AcDbEntity
8
0
100
AcDbLine
10
11.260444907043929
20
28.610937499999991
30
0
11
11.273674073710595
21
28.637395833333326
31
0
0
LINE
5
1213
100
AcDbEntity
8
0
100
AcDbLine
10
11.247215740377264
20
28.584479166666661
30
0
11
11.260444907043929
21
28.610937499999991
31
0
0
LINE
5
1214
100
AcDbEntity
8
0
100
AcDbLine
10
11.114924073710595
20
28.584479166666661
30
0
11
11.128153240377261
21
28.610937499999991
31
0
0
LINE
5
1215
100
AcDbEntity
8
0
100
AcDbLine
10
11.101694907043928
20
28.55802083333333
30
0
11
11.114924073710595
21
28.584479166666661
31
0
0
LINE
5
1216
100
AcDbEntity
8
0
100
AcDbLine
10
11.485340740377261
20
28.544791666666661
30
0
11
11.498569907043928
21
28.571249999999996
31
0
0
LINE
5
1217
100
AcDbEntity
8
0
100
AcDbLine
10
11.353049073710595
20
28.544791666666661
30
0
11
11.366278240377261
21
28.571249999999996
31
0
0
LINE
5
1218
100
AcDbEntity
8
0
100
AcDbLine
10
11.220757407043928
20
28.544791666666661
30
0
11
11.233986573710595
21
28.571249999999996
31
0
0
LINE
5
1219
100
AcDbEntity
8
0
100
AcDbLine
10
11.207528240377263
20
28.518333333333331
30
0
11
11.220757407043928
21
28.544791666666661
31
0
0
SPLINE
5
1220
100
AcDbEntity
8
0
100
AcDbSpline
70
4
71
3
72
8
73
4
74
0
42
0.000000001
43
0.0000000001
44
0.0000000001
40
0
40
0
40
0
40
0
40
1
40
1
40
1
40
1
41
1
41
1
41
1
41
1
10
11.207528240377263
20
28.518333333333331
30
0
10
11.203162591153934
20
28.505236436128612
30
0
10
11.198796941930606
20
28.492139589389161
30
0
10
11.194299073710596
20
28.478645833333328
30
0
0
SPLINE
5
1221
100
AcDbEntity
8
0
100
AcDbSpline
70
4
71
3
72
8
73
4
74
0
42
0.000000001
43
0.0000000001
44
0.0000000001
40
0
40
0
40
0
40
0
40
1
40
1
40
1
40
1
41
1
41
1
41
1
41
1
10
11.194299073710596
20
28.478645833333328
30
0
10
11.194299073710596
20
28.491742730538046
30
0
10
11.194299073710596
20
28.504839577277497
30
0
10
11.194299073710596
20
28.518333333333331
30
0
0
SPLINE
5
1222
100
AcDbEntity
8
0
100
AcDbSpline
70
4
71
3
72
8
73
4
74
0
42
0.000000001
43
0.0000000001
44
0.0000000001
40
0
40
0
40
0
40
0
40
1
40
1
40
1
40
1
41
1
41
1
41
1
41
1
10
11.194299073710596
20
28.518333333333331
30
0
10
11.198664722933923
20
28.518333333333331
30
0
10
11.203030372157251
20
28.518333333333331
30
0
10
11.207528240377263
20
28.518333333333331
30
0
0
LINE
5
1223
100
AcDbEntity
8
0
100
AcDbLine
10
11.062007407043929
20
28.491874999999993
30
0
11
11.075236573710594
21
28.518333333333324
31
0
0
LINE
5
1224
100
AcDbEntity
8
0
100
AcDbLine
10
11.445653240377263
20
28.478645833333328
30
0
11
11.458882407043928
21
28.505104166666658
31
0
0
LINE
5
1225
100
AcDbEntity
8
0
100
AcDbLine
10
11.313361573710596
20
28.478645833333328
30
0
11
11.326590740377263
21
28.505104166666658
31
0
0
LINE
5
1226
100
AcDbEntity
8
0
100
AcDbLine
10
11.300132407043929
20
28.452187499999994
30
0
11
11.313361573710596
21
28.478645833333328
31
0
0
LINE
5
1227
100
AcDbEntity
8
0
100
AcDbLine
10
11.167840740377262
20
28.452187499999994
30
0
11
11.181069907043927
21
28.478645833333328
31
0
0
LINE
5
1228
100
AcDbEntity
8
0
100
AcDbLine
10
11.154611573710596
20
28.425729166666663
30
0
11
11.167840740377262
21
28.452187499999994
31
0
0
LINE
5
1229
100
AcDbEntity
8
0
100
AcDbLine
10
11.022319907043929
20
28.425729166666663
30
0
11
11.035549073710595
21
28.452187499999994
31
0
0
LINE
5
1230
100
AcDbEntity
8
0
100
AcDbLine
10
11.405965740377262
20
28.412499999999994
30
0
11
11.419194907043927
21
28.438958333333328
31
0
0
LINE
5
1231
100
AcDbEntity
8
0
100
AcDbLine
10
11.273674073710595
20
28.412499999999994
30
0
11
11.286903240377262
21
28.438958333333328
31
0
0
LINE
5
1232
100
AcDbEntity
8
0
100
AcDbLine
10
11.260444907043929
20
28.386041666666664
30
0
11
11.273674073710595
21
28.412499999999994
31
0
0
SPLINE
5
1233
100
AcDbEntity
8
0
100
AcDbSpline
70
4
71
3
72
8
73
4
74
0
42
0.000000001
43
0.0000000001
44
0.0000000001
40
0
40
0
40
0
40
0
40
1
40
1
40
1
40
1
41
1
41
1
41
1
41
1
10
11.260444907043929
20
28.386041666666664
30
0
10
11.256079257820602
20
28.372944819927213
30
0
10
11.251713608597274
20
28.359847872257227
30
0
10
11.247215740377264
20
28.346354166666661
30
0
0
SPLINE
5
1234
100
AcDbEntity
8
0
100
AcDbSpline
70
4
71
3
72
8
73
4
74
0
42
0.000000001
43
0.0000000001
44
0.0000000001
40
0
40
0
40
0
40
0
40
1
40
1
40
1
40
1
41
1
41
1
41
1
41
1
10
11.247215740377264
20
28.346354166666661
30
0
10
11.247215740377264
20
28.359451013406112
30
0
10
11.247215740377264
20
28.372547961076098
30
0
10
11.247215740377264
20
28.386041666666664
30
0
0
SPLINE
5
1235
100
AcDbEntity
8
0
100
AcDbSpline
70
4
71
3
72
8
73
4
74
0
42
0.000000001
43
0.0000000001
44
0.0000000001
40
0
40
0
40
0
40
0
40
1
40
1
40
1
40
1
41
1
41
1
41
1
41
1
10
11.247215740377264
20
28.386041666666664
30
0
10
11.251581389600588
20
28.386041666666664
30
0
10
11.255947038823917
20
28.386041666666664
30
0
10
11.260444907043929
20
28.386041666666664
30
0
0
LINE
5
1236
100
AcDbEntity
8
0
100
AcDbLine
10
11.114924073710595
20
28.359583333333326
30
0
11
11.128153240377261
21
28.38604166666666
31
0
0
LINE
5
1237
100
AcDbEntity
8
0
100
AcDbLine
10
10.982632407043928
20
28.359583333333326
30
0
11
10.995861573710595
21
28.38604166666666
31
0
0
LINE
5
1238
100
AcDbEntity
8
0
100
AcDbLine
10
11.366278240377261
20
28.346354166666661
30
0
11
11.379507407043928
21
28.372812499999995
31
0
0
LINE
5
1239
100
AcDbEntity
8
0
100
AcDbLine
10
11.353049073710595
20
28.319895833333327
30
0
11
11.366278240377261
21
28.346354166666661
31
0
0
LINE
5
1240
100
AcDbEntity
8
0
100
AcDbLine
10
11.220757407043928
20
28.319895833333327
30
0
11
11.233986573710595
21
28.346354166666661
31
0
0
LINE
5
1241
100
AcDbEntity
8
0
100
AcDbLine
10
11.207528240377263
20
28.293437499999996
30
0
11
11.220757407043928
21
28.319895833333327
31
0
0
LINE
5
1242
100
AcDbEntity
8
0
100
AcDbLine
10
11.075236573710596
20
28.293437499999996
30
0
11
11.088465740377263
21
28.319895833333327
31
0
0
LINE
5
1243
100
AcDbEntity
8
0
100
AcDbLine
10
10.942944907043927
20
28.293437499999996
30
0
11
10.956174073710594
21
28.319895833333327
31
0
0
LINE
5
1244
100
AcDbEntity
8
0
100
AcDbLine
10
11.326590740377263
20
28.280208333333331
30
0
11
11.339819907043928
21
28.306666666666661
31
0
0
SPLINE
5
1245
100
AcDbEntity
8
0
100
AcDbSpline
70
4
71
3
72
8
73
4
74
0
42
0.000000001
43
0.0000000001
44
0.0000000001
40
0
40
0
40
0
40
0
40
1
40
1
40
1
40
1
41
1
41
1
41
1
41
1
10
11.207528240377263
20
28.293437499999996
30
0
10
11.203162591153934
20
28.280340653260545
30
0
10
11.198796941930606
20
28.267243705590559
30
0
10
11.194299073710596
20
28.253749999999993
30
0
0
SPLINE
5
1246
100
AcDbEntity
8
0
100
AcDbSpline
70
4
71
3
72
8
73
4
74
0
42
0.000000001
43
0.0000000001
44
0.0000000001
40
0
40
0
40
0
40
0
40
1
40
1
40
1
40
1
41
1
41
1
41
1
41
1
10
11.194299073710596
20
28.253749999999993
30
0
10
11.194299073710596
20
28.266846846739444
30
0
10
11.194299073710596
20
28.27994379440943
30
0
10
11.194299073710596
20
28.293437499999996
30
0
0
SPLINE
5
1247
100
AcDbEntity
8
0
100
AcDbSpline
70
4
71
3
72
8
73
4
74
0
42
0.000000001
43
0.0000000001
44
0.0000000001
40
0
40
0
40
0
40
0
40
1
40
1
40
1
40
1
41
1
41
1
41
1
41
1
10
11.194299073710596
20
28.293437499999996
30
0
10
11.198664722933923
20
28.293437499999996
30
0
10
11.203030372157251
20
28.293437499999996
30
0
10
11.207528240377263
20
28.293437499999996
30
0
0
LINE
5
1248
100
AcDbEntity
8
0
100
AcDbLine
10
11.313361573710596
20
28.253749999999993
30
0
11
11.326590740377263
21
28.280208333333331
31
0
0
LINE
5
1249
100
AcDbEntity
8
0
100
AcDbLine
10
11.167840740377262
20
28.227291666666659
30
0
11
11.181069907043927
21
28.253749999999993
31
0
0
LINE
5
1250
100
AcDbEntity
8
0
100
AcDbLine
10
11.035549073710595
20
28.227291666666659
30
0
11
11.048778240377262
21
28.253749999999993
31
0
0
LINE
5
1251
100
AcDbEntity
8
0
100
AcDbLine
10
10.903257407043929
20
28.227291666666659
30
0
11
10.916486573710596
21
28.253749999999993
31
0
0
LINE
5
1252
100
AcDbEntity
8
0
100
AcDbLine
10
11.286903240377262
20
28.214062499999994
30
0
11
11.300132407043929
21
28.240520833333328
31
0
0
LINE
5
1253
100
AcDbEntity
8
0
100
AcDbLine
10
11.154611573710596
20
28.200833333333328
30
0
11
11.167840740377262
21
28.227291666666659
31
0
0
LINE
5
1254
100
AcDbEntity
8
0
100
AcDbLine
10
11.273674073710595
20
28.187604166666663
30
0
11
11.286903240377262
21
28.214062499999994
31
0
0
SPLINE
5
1255
100
AcDbEntity
8
0
100
AcDbSpline
70
4
71
3
72
8
73
4
74
0
42
0.000000001
43
0.0000000001
44
0.0000000001
40
0
40
0
40
0
40
0
40
1
40
1
40
1
40
1
41
1
41
1
41
1
41
1
10
11.273674073710595
20
28.187604166666663
30
0
10
11.26494277526394
20
28.165776021480553
30
0
10
11.256211577747816
20
28.143947876294447
30
0
10
11.247215740377264
20
28.121458333333326
30
0
0
SPLINE
5
1256
100
AcDbEntity
8
0
100
AcDbSpline
70
4
71
3
72
8
73
4
74
0
42
0.000000001
43
0.0000000001
44
0.0000000001
40
0
40
0
40
0
40
0
40
1
40
1
40
1
40
1
41
1
41
1
41
1
41
1
10
11.247215740377264
20
28.121458333333326
30
0
10
11.242850091153935
20
28.130189631779984
30
0
10
11.238484441930607
20
28.138920829296108
30
0
10
11.233986573710595
20
28.147916666666664
30
0
0
SPLINE
5
1257
100
AcDbEntity
8
0
100
AcDbSpline
70
4
71
3
72
8
73
4
74
0
42
0.000000001
43
0.0000000001
44
0.0000000001
40
0
40
0
40
0
40
0
40
1
40
1
40
1
40
1
41
1
41
1
41
1
41
1
10
11.233986573710595
20
28.147916666666664
30
0
10
11.247083420450046
20
28.161013513406115
30
0
10
11.260180368120029
20
28.174110461076097
30
0
10
11.273674073710595
20
28.187604166666663
30
0
0
LINE
5
1258
100
AcDbEntity
8
0
100
AcDbLine
10
11.128153240377262
20
28.161145833333329
30
0
11
11.141382407043929
21
28.187604166666663
31
0
0
LINE
5
1259
100
AcDbEntity
8
0
100
AcDbLine
10
10.995861573710595
20
28.161145833333329
30
0
11
11.00909074037726
21
28.187604166666663
31
0
0
LINE
5
1260
100
AcDbEntity
8
0
100
AcDbLine
10
11.114924073710595
20
28.134687499999991
30
0
11
11.128153240377262
21
28.161145833333329
31
0
0
LINE
5
1261
100
AcDbEntity
8
0
100
AcDbLine
10
11.366278240377261
20
28.121458333333326
30
0
11
11.379507407043928
21
28.14791666666666
31
0
0
SPLINE
5
1262
100
AcDbEntity
8
0
100
AcDbSpline
70
4
71
3
72
8
73
4
74
0
42
0.000000001
43
0.0000000001
44
0.0000000001
40
0
40
0
40
0
40
0
40
1
40
1
40
1
40
1
41
1
41
1
41
1
41
1
10
11.233986573710595
20
28.121458333333326
30
0
10
11.226024769638535
20
28.094729405244188
30
0
10
11.217145002379571
20
28.068262391885117
30
0
10
11.207528240377263
20
28.042083333333331
30
0
0
SPLINE
5
1263
100
AcDbEntity
8
0
100
AcDbSpline
70
4
71
3
72
8
73
4
74
0
42
0.000000001
43
0.0000000001
44
0.0000000001
40
0
40
0
40
0
40
0
40
1
40
1
40
1
40
1
41
1
41
1
41
1
41
1
10
11.207528240377263
20
28.042083333333331
30
0
10
11.198796941930606
20
28.03771768411
30
0
10
11.190065744414483
20
28.033352034886676
30
0
10
11.181069907043927
20
28.028854166666662
30
0
0
SPLINE
5
1264
100
AcDbEntity
8
0
100
AcDbSpline
70
4
71
3
72
8
73
4
74
0
42
0.000000001
43
0.0000000001
44
0.0000000001
40
0
40
0
40
0
40
0
40
1
40
1
40
1
40
1
41
1
41
1
41
1
41
1
10
11.181069907043927
20
28.028854166666662
30
0
10
11.189031711115991
20
28.055583094755804
30
0
10
11.197911478374953
20
28.082050108114874
30
0
10
11.207528240377263
20
28.108229166666661
30
0
0
SPLINE
5
1265
100
AcDbEntity
8
0
100
AcDbSpline
70
4
71
3
72
8
73
4
74
0
42
0.000000001
43
0.0000000001
44
0.0000000001
40
0
40
0
40
0
40
0
40
1
40
1
40
1
40
1
41
1
41
1
41
1
41
1
10
11.207528240377263
20
28.108229166666661
30
0
10
11.216259538823918
20
28.112594815889992
30
0
10
11.224990736340041
20
28.116960465113316
30
0
10
11.233986573710595
20
28.121458333333326
30
0
0
LINE
5
1266
100
AcDbEntity
8
0
100
AcDbLine
10
11.088465740377263
20
28.094999999999995
30
0
11
11.101694907043928
21
28.121458333333326
31
0
0
LINE
5
1267
100
AcDbEntity
8
0
100
AcDbLine
10
10.956174073710596
20
28.094999999999995
30
0
11
10.969403240377263
21
28.121458333333326
31
0
0
LINE
5
1268
100
AcDbEntity
8
0
100
AcDbLine
10
11.075236573710596
20
28.068541666666661
30
0
11
11.088465740377263
21
28.094999999999995
31
0
0
LINE
5
1269
100
AcDbEntity
8
0
100
AcDbLine
10
11.326590740377263
20
28.055312499999996
30
0
11
11.339819907043928
21
28.08177083333333
31
0
0
LINE
5
1270
100
AcDbEntity
8
0
100
AcDbLine
10
11.048778240377262
20
28.028854166666662
30
0
11
11.062007407043929
21
28.055312499999996
31
0
0
LINE
5
1271
100
AcDbEntity
8
0
100
AcDbLine
10
11.300132407043929
20
28.015624999999993
30
0
11
11.313361573710594
21
28.042083333333323
31
0
0
SPLINE
5
1272
100
AcDbEntity
8
0
100
AcDbSpline
70
4
71
3
72
8
73
4
74
0
42
0.000000001
43
0.0000000001
44
0.0000000001
40
0
40
0
40
0
40
0
40
1
40
1
40
1
40
1
41
1
41
1
41
1
41
1
10
11.181069907043927
20
28.028854166666662
30
0
10
11.172338608597274
20
28.007026021480556
30
0
10
11.163607411081152
20
27.98519787629445
30
0
10
11.154611573710596
20
27.962708333333328
30
0
0
SPLINE
5
1273
100
AcDbEntity
8
0
100
AcDbSpline
70
4
71
3
72
8
73
4
74
0
42
0.000000001
43
0.0000000001
44
0.0000000001
40
0
40
0
40
0
40
0
40
1
40
1
40
1
40
1
41
1
41
1
41
1
41
1
10
11.154611573710596
20
27.962708333333328
30
0
10
11.150245924487267
20
27.971439631779983
30
0
10
11.14588027526394
20
27.98017082929611
30
0
10
11.141382407043929
20
27.989166666666662
30
0
0
SPLINE
5
1274
100
AcDbEntity
8
0
100
AcDbSpline
70
4
71
3
72
8
73
4
74
0
42
0.000000001
43
0.0000000001
44
0.0000000001
40
0
40
0
40
0
40
0
40
1
40
1
40
1
40
1
41
1
41
1
41
1
41
1
10
11.141382407043929
20
27.989166666666662
30
0
10
11.15447925378338
20
28.002263513406113
30
0
10
11.167576201453361
20
28.015360461076099
30
0
10
11.181069907043927
20
28.028854166666662
30
0
0
LINE
5
1275
100
AcDbEntity
8
0
100
AcDbLine
10
11.035549073710595
20
28.002395833333328
30
0
11
11.048778240377262
21
28.028854166666662
31
0
0
LINE
5
1276
100
AcDbEntity
8
0
100
AcDbLine
10
11.286903240377262
20
27.989166666666662
30
0
11
11.300132407043929
21
28.015624999999993
31
0
0
SPLINE
5
1277
100
AcDbEntity
8
0
100
AcDbSpline
70
4
71
3
72
8
73
4
74
0
42
0.000000001
43
0.0000000001
44
0.0000000001
40
0
40
0
40
0
40
0
40
1
40
1
40
1
40
1
41
1
41
1
41
1
41
1
10
11.286903240377262
20
27.989166666666662
30
0
10
11.282537591153934
20
27.976069819927211
30
0
10
11.278171941930605
20
27.962972872257229
30
0
10
11.273674073710595
20
27.949479166666663
30
0
0
SPLINE
5
1278
100
AcDbEntity
8
0
100
AcDbSpline
70
4
71
3
72
8
73
4
74
0
42
0.000000001
43
0.0000000001
44
0.0000000001
40
0
40
0
40
0
40
0
40
1
40
1
40
1
40
1
41
1
41
1
41
1
41
1
10
11.273674073710595
20
27.949479166666663
30
0
10
11.273674073710595
20
27.962576013406114
30
0
10
11.273674073710595
20
27.975672961076093
30
0
10
11.273674073710595
20
27.989166666666662
30
0
0
SPLINE
5
1279
100
AcDbEntity
8
0
100
AcDbSpline
70
4
71
3
72
8
73
4
74
0
42
0.000000001
43
0.0000000001
44
0.0000000001
40
0
40
0
40
0
40
0
40
1
40
1
40
1
40
1
41
1
41
1
41
1
41
1
10
11.273674073710595
20
27.989166666666662
30
0
10
11.278039722933924
20
27.989166666666662
30
0
10
11.282405372157251
20
27.989166666666662
30
0
10
11.286903240377262
20
27.989166666666662
30
0
0
SPLINE
5
1280
100
AcDbEntity
8
0
100
AcDbSpline
70
4
71
3
72
8
73
4
74
0
42
0.000000001
43
0.0000000001
44
0.0000000001
40
0
40
0
40
0
40
0
40
1
40
1
40
1
40
1
41
1
41
1
41
1
41
1
10
11.141382407043929
20
27.962708333333328
30
0
10
11.132651108597273
20
27.940880188147222
30
0
10
11.123919911081151
20
27.919052042961113
30
0
10
11.114924073710595
20
27.896562499999998
30
0
0
SPLINE
5
1281
100
AcDbEntity
8
0
100
AcDbSpline
70
4
71
3
72
8
73
4
74
0
42
0.000000001
43
0.0000000001
44
0.0000000001
40
0
40
0
40
0
40
0
40
1
40
1
40
1
40
1
41
1
41
1
41
1
41
1
10
11.114924073710595
20
27.896562499999998
30
0
10
11.110558424487266
20
27.90529379844665
30
0
10
11.106192775263942
20
27.914024995962773
30
0
10
11.101694907043928
20
27.923020833333329
30
0
0
SPLINE
5
1282
100
AcDbEntity
8
0
100
AcDbSpline
70
4
71
3
72
8
73
4
74
0
42
0.000000001
43
0.0000000001
44
0.0000000001
40
0
40
0
40
0
40
0
40
1
40
1
40
1
40
1
41
1
41
1
41
1
41
1
10
11.101694907043928
20
27.923020833333329
30
0
10
11.114791753783379
20
27.93611768007278
30
0
10
11.127888701453363
20
27.949214627742762
30
0
10
11.141382407043929
20
27.962708333333328
30
0
0
LINE
5
1283
100
AcDbEntity
8
0
100
AcDbLine
10
10.995861573710595
20
27.936249999999994
30
0
11
11.00909074037726
21
27.962708333333328
31
0
0
LINE
5
1284
100
AcDbEntity
8
0
100
AcDbLine
10
11.247215740377264
20
27.923020833333329
30
0
11
11.260444907043929
21
27.949479166666663
31
0
0
SPLINE
5
1285
100
AcDbEntity
8
0
100
AcDbSpline
70
4
71
3
72
8
73
4
74
0
42
0.000000001
43
0.0000000001
44
0.0000000001
40
0
40
0
40
0
40
0
40
1
40
1
40
1
40
1
41
1
41
1
41
1
41
1
10
11.247215740377264
20
27.923020833333329
30
0
10
11.2392539363052
20
27.896291905244187
30
0
10
11.230374169046238
20
27.869824891885116
30
0
10
11.220757407043928
20
27.843645833333326
30
0
0
SPLINE
5
1286
100
AcDbEntity
8
0
100
AcDbSpline
70
4
71
3
72
8
73
4
74
0
42
0.000000001
43
0.0000000001
44
0.0000000001
40
0
40
0
40
0
40
0
40
1
40
1
40
1
40
1
41
1
41
1
41
1
41
1
10
11.220757407043928
20
27.843645833333326
30
0
10
11.212026108597273
20
27.839280184110002
30
0
10
11.20329491108115
20
27.834914534886671
30
0
10
11.194299073710596
20
27.830416666666661
30
0
0
SPLINE
5
1287
100
AcDbEntity
8
0
100
AcDbSpline
70
4
71
3
72
8
73
4
74
0
42
0.000000001
43
0.0000000001
44
0.0000000001
40
0
40
0
40
0
40
0
40
1
40
1
40
1
40
1
41
1
41
1
41
1
41
1
10
11.194299073710596
20
27.830416666666661
30
0
10
11.202260877782656
20
27.857145594755806
30
0
10
11.21114064504162
20
27.883612608114873
30
0
10
11.220757407043928
20
27.909791666666663
30
0
0
SPLINE
5
1288
100
AcDbEntity
8
0
100
AcDbSpline
70
4
71
3
72
8
73
4
74
0
42
0.000000001
43
0.0000000001
44
0.0000000001
40
0
40
0
40
0
40
0
40
1
40
1
40
1
40
1
41
1
41
1
41
1
41
1
10
11.220757407043928
20
27.909791666666663
30
0
10
11.229488705490585
20
27.914157315889987
30
0
10
11.238219903006708
20
27.918522965113315
30
0
10
11.247215740377264
20
27.923020833333329
30
0
0
LINE
5
1289
100
AcDbEntity
8
0
100
AcDbLine
10
10.969403240377263
20
27.896562499999998
30
0
11
10.982632407043928
21
27.923020833333329
31
0
0
LINE
5
1290
100
AcDbEntity
8
0
100
AcDbLine
10
11.088465740377263
20
27.87010416666666
30
0
11
11.101694907043928
21
27.896562499999995
31
0
0
LINE
5
1291
100
AcDbEntity
8
0
100
AcDbLine
10
10.956174073710596
20
27.87010416666666
30
0
11
10.969403240377263
21
27.896562499999998
31
0
0
SPLINE
5
1292
100
AcDbEntity
8
0
100
AcDbSpline
70
4
71
3
72
8
73
4
74
0
42
0.000000001
43
0.0000000001
44
0.0000000001
40
0
40
0
40
0
40
0
40
1
40
1
40
1
40
1
41
1
41
1
41
1
41
1
10
11.088465740377263
20
27.87010416666666
30
0
10
11.084100091153935
20
27.857007319927209
30
0
10
11.079734441930606
20
27.843910372257227
30
0
10
11.075236573710596
20
27.830416666666661
30
0
0
SPLINE
5
1293
100
AcDbEntity
8
0
100
AcDbSpline
70
4
71
3
72
8
73
4
74
0
42
0.000000001
43
0.0000000001
44
0.0000000001
40
0
40
0
40
0
40
0
40
1
40
1
40
1
40
1
41
1
41
1
41
1
41
1
10
11.075236573710596
20
27.830416666666661
30
0
10
11.075236573710596
20
27.843513513406112
30
0
10
11.075236573710596
20
27.856610461076095
30
0
10
11.075236573710596
20
27.87010416666666
30
0
0
SPLINE
5
1294
100
AcDbEntity
8
0
100
AcDbSpline
70
4
71
3
72
8
73
4
74
0
42
0.000000001
43
0.0000000001
44
0.0000000001
40
0
40
0
40
0
40
0
40
1
40
1
40
1
40
1
41
1
41
1
41
1
41
1
10
11.075236573710596
20
27.87010416666666
30
0
10
11.079602222933925
20
27.87010416666666
30
0
10
11.083967872157249
20
27.87010416666666
30
0
10
11.088465740377263
20
27.87010416666666
30
0
0
LINE
5
1295
100
AcDbEntity
8
0
100
AcDbLine
10
10.929715740377262
20
27.830416666666661
30
0
11
10.942944907043927
21
27.856874999999995
31
0
0
LINE
5
1296
100
AcDbEntity
8
0
100
AcDbLine
10
11.313361573710596
20
27.817187499999996
30
0
11
11.326590740377263
21
27.843645833333326
31
0
0
SPLINE
5
1297
100
AcDbEntity
8
0
100
AcDbSpline
70
4
71
3
72
8
73
4
74
0
42
0.000000001
43
0.0000000001
44
0.0000000001
40
0
40
0
40
0
40
0
40
1
40
1
40
1
40
1
41
1
41
1
41
1
41
1
10
11.194299073710596
20
27.830416666666661
30
0
10
11.189933424487268
20
27.81731981992721
30
0
10
11.185567775263941
20
27.804222872257228
30
0
10
11.181069907043927
20
27.790729166666665
30
0
0
SPLINE
5
1298
100
AcDbEntity
8
0
100
AcDbSpline
70
4
71
3
72
8
73
4
74
0
42
0.000000001
43
0.0000000001
44
0.0000000001
40
0
40
0
40
0
40
0
40
1
40
1
40
1
40
1
41
1
41
1
41
1
41
1
10
11.181069907043927
20
27.790729166666665
30
0
10
11.181069907043927
20
27.803826013406116
30
0
10
11.181069907043927
20
27.816922961076095
30
0
10
11.181069907043927
20
27.830416666666661
30
0
0
SPLINE
5
1299
100
AcDbEntity
8
0
100
AcDbSpline
70
4
71
3
72
8
73
4
74
0
42
0.000000001
43
0.0000000001
44
0.0000000001
40
0
40
0
40
0
40
0
40
1
40
1
40
1
40
1
41
1
41
1
41
1
41
1
10
11.181069907043927
20
27.830416666666661
30
0
10
11.185435556267256
20
27.830416666666661
30
0
10
11.189801205490584
20
27.830416666666661
30
0
10
11.194299073710596
20
27.830416666666661
30
0
0
LINE
5
1300
100
AcDbEntity
8
0
100
AcDbLine
10
11.048778240377262
20
27.80395833333333
30
0
11
11.062007407043929
21
27.830416666666661
31
0
0
LINE
5
1301
100
AcDbEntity
8
0
100
AcDbLine
10
10.916486573710596
20
27.80395833333333
30
0
11
10.929715740377262
21
27.830416666666661
31
0
0
LINE
5
1302
100
AcDbEntity
8
0
100
AcDbLine
10
11.154611573710596
20
27.764270833333327
30
0
11
11.167840740377262
21
27.790729166666658
31
0
0
LINE
5
1303
100
AcDbEntity
8
0
100
AcDbLine
10
11.022319907043929
20
27.764270833333327
30
0
11
11.035549073710595
21
27.790729166666658
31
0
0
LINE
5
1304
100
AcDbEntity
8
0
100
AcDbLine
10
11.273674073710595
20
27.751041666666659
30
0
11
11.286903240377262
21
27.777499999999993
31
0
0
LINE
5
1305
100
AcDbEntity
8
0
100
AcDbLine
10
11.141382407043929
20
27.737812499999993
30
0
11
11.154611573710596
21
27.764270833333327
31
0
0
LINE
5
1306
100
AcDbEntity
8
0
100
AcDbLine
10
11.009090740377264
20
27.737812499999993
30
0
11
11.022319907043929
21
27.764270833333327
31
0
0
LINE
5
1307
100
AcDbEntity
8
0
100
AcDbLine
10
10.876799073710595
20
27.737812499999993
30
0
11
10.89002824037726
21
27.764270833333327
31
0
0
LINE
5
1308
100
AcDbEntity
8
0
100
AcDbLine
10
11.114924073710595
20
27.698124999999997
30
0
11
11.128153240377261
21
27.724583333333328
31
0
0
LINE
5
1309
100
AcDbEntity
8
0
100
AcDbLine
10
10.982632407043928
20
27.698124999999997
30
0
11
10.995861573710595
21
27.724583333333328
31
0
0
LINE
5
1310
100
AcDbEntity
8
0
100
AcDbLine
10
11.233986573710595
20
27.684895833333329
30
0
11
11.247215740377261
21
27.711354166666663
31
0
0
LINE
5
1311
100
AcDbEntity
8
0
100
AcDbLine
10
11.101694907043928
20
27.671666666666663
30
0
11
11.114924073710595
21
27.698124999999997
31
0
0
LINE
5
1312
100
AcDbEntity
8
0
100
AcDbLine
10
10.969403240377263
20
27.671666666666663
30
0
11
10.982632407043928
21
27.698124999999997
31
0
0
LINE
5
1313
100
AcDbEntity
8
0
100
AcDbLine
10
11.220757407043928
20
27.658437499999998
30
0
11
11.233986573710595
21
27.684895833333329
31
0
0
LINE
5
1314
100
AcDbEntity
8
0
100
AcDbLine
10
10.942944907043927
20
27.63197916666666
30
0
11
10.956174073710594
21
27.658437499999991
31
0
0
LINE
5
1315
100
AcDbEntity
8
0
100
AcDbLine
10
11.194299073710596
20
27.618749999999995
30
0
11
11.207528240377263
21
27.645208333333326
31
0
0
LINE
5
1316
100
AcDbEntity
8
0
100
AcDbLine
10
10.929715740377262
20
27.60552083333333
30
0
11
10.942944907043927
21
27.63197916666666
31
0
0
LINE
5
1317
100
AcDbEntity
8
0
100
AcDbLine
10
11.181069907043927
20
27.592291666666661
30
0
11
11.194299073710596
21
27.618749999999995
31
0
0
SPLINE
5
1318
100
AcDbEntity
8
0
100
AcDbSpline
70
4
71
3
72
8
73
4
74
0
42
0.000000001
43
0.0000000001
44
0.0000000001
40
0
40
0
40
0
40
0
40
1
40
1
40
1
40
1
41
1
41
1
41
1
41
1
10
14.594091554179345
20
29.232243245442703
30
0
10
14.398787682249701
20
29.082365203201768
30
0
10
14.270580384030499
20
28.849225729902578
30
0
10
14.229669353658512
20
28.607216796874994
30
0
0
SPLINE
5
1319
100
AcDbEntity
8
0
100
AcDbSpline
70
4
71
3
72
8
73
4
74
0
42
0.000000001
43
0.0000000001
44
0.0000000001
40
0
40
0
40
0
40
0
40
1
40
1
40
1
40
1
41
1
41
1
41
1
41
1
10
14.229669353658512
20
28.607216796874994
30
0
10
14.195200643434678
20
28.319372912247971
30
0
10
14.259560334379033
20
28.05175631364186
30
0
10
14.430949057434555
20
27.816774088541663
30
0
0
SPLINE
5
1320
100
AcDbEntity
8
0
100
AcDbSpline
70
4
71
3
72
8
73
4
74
0
42
0.000000001
43
0.0000000001
44
0.0000000001
40
0
40
0
40
0
40
0
40
1
40
1
40
1
40
1
41
1
41
1
41
1
41
1
10
14.430949057434555
20
27.816774088541663
30
0
10
14.57382379974629
20
27.635497302214297
30
0
10
14.746665526623087
20
27.537885669072466
30
0
10
14.97122615704393
20
27.489765624999993
30
0
0
SPLINE
5
1321
100
AcDbEntity
8
0
100
AcDbSpline
70
4
71
3
72
8
73
4
74
0
42
0.000000001
43
0.0000000001
44
0.0000000001
40
0
40
0
40
0
40
0
40
1
40
1
40
1
40
1
41
1
41
1
41
1
41
1
10
14.97122615704393
20
27.489765624999993
30
0
10
15.221997601285135
20
27.471853281656898
30
0
10
15.436029322638664
20
27.518679194450371
30
0
10
15.637645427877263
20
27.675800781249997
30
0
0
SPLINE
5
1322
100
AcDbEntity
8
0
100
AcDbSpline
70
4
71
3
72
8
73
4
74
0
42
0.000000001
43
0.0000000001
44
0.0000000001
40
0
40
0
40
0
40
0
40
1
40
1
40
1
40
1
41
1
41
1
41
1
41
1
10
15.637645427877263
20
27.675800781249997
30
0
10
15.836800241166905
20
27.848674192428582
30
0
10
15.957941102678138
20
28.084666025638576
30
0
10
15.983257407043929
20
28.346354166666661
30
0
0
SPLINE
5
1323
100
AcDbEntity
8
0
100
AcDbSpline
70
4
71
3
72
8
73
4
74
0
42
0.000000001
43
0.0000000001
44
0.0000000001
40
0
40
0
40
0
40
0
40
1
40
1
40
1
40
1
41
1
41
1
41
1
41
1
10
15.983257407043929
20
28.346354166666661
30
0
10
16.000199000531985
20
28.641203134854631
30
0
10
15.916842391982232
20
28.894451389114057
30
0
10
15.721878012512679
20
29.116384684244785
30
0
0
SPLINE
5
1324
100
AcDbEntity
8
0
100
AcDbSpline
70
4
71
3
72
8
73
4
74
0
42
0.000000001
43
0.0000000001
44
0.0000000001
40
0
40
0
40
0
40
0
40
1
40
1
40
1
40
1
41
1
41
1
41
1
41
1
10
15.721878012512679
20
29.116384684244785
30
0
10
15.42279546270227
20
29.441203989783919
30
0
10
14.960322656924085
20
29.480043774247164
30
0
10
14.594091554179345
20
29.232243245442703
30
0
0
SPLINE
5
1325
100
AcDbEntity
8
0
100
AcDbSpline
70
4
71
3
72
8
73
4
74
0
42
0.000000001
43
0.0000000001
44
0.0000000001
40
0
40
0
40
0
40
0
40
1
40
1
40
1
40
1
41
1
41
1
41
1
41
1
10
15.229194907043929
20
29.153333333333329
30
0
10
15.20300116309976
20
29.146784897347288
30
0
10
15.20300116309976
20
29.146784897347288
30
0
10
15.176278240377263
20
29.140104166666664
30
0
0
SPLINE
5
1326
100
AcDbEntity
8
0
100
AcDbSpline
70
4
71
3
72
8
73
4
74
0
42
0.000000001
43
0.0000000001
44
0.0000000001
40
0
40
0
40
0
40
0
40
1
40
1
40
1
40
1
41
1
41
1
41
1
41
1
10
15.176278240377263
20
29.140104166666664
30
0
10
15.176278240377263
20
28.677347922722497
30
0
10
15.176278240377263
20
28.214591678778326
30
0
10
15.176278240377263
20
27.737812499999993
30
0
0
SPLINE
5
1327
100
AcDbEntity
8
0
100
AcDbSpline
70
4
71
3
72
8
73
4
74
0
42
0.000000001
43
0.0000000001
44
0.0000000001
40
0
40
0
40
0
40
0
40
1
40
1
40
1
40
1
41
1
41
1
41
1
41
1
10
15.176278240377263
20
27.737812499999993
30
0
10
15.198106385563367
20
27.737812499999993
30
0
10
15.219934480284209
20
27.737812499999993
30
0
10
15.242424073710596
20
27.737812499999993
30
0
0
SPLINE
5
1328
100
AcDbEntity
8
0
100
AcDbSpline
70
4
71
3
72
8
73
4
74
0
42
0.000000001
43
0.0000000001
44
0.0000000001
40
0
40
0
40
0
40
0
40
1
40
1
40
1
40
1
41
1
41
1
41
1
41
1
10
15.242424073710596
20
27.737812499999993
30
0
10
15.242424073710596
20
27.733446850776669
30
0
10
15.242424073710596
20
27.729081201553338
30
0
10
15.242424073710596
20
27.724583333333328
30
0
0
SPLINE
5
1329
100
AcDbEntity
8
0
100
AcDbSpline
70
4
71
3
72
8
73
4
74
0
42
0.000000001
43
0.0000000001
44
0.0000000001
40
0
40
0
40
0
40
0
40
1
40
1
40
1
40
1
41
1
41
1
41
1
41
1
10
15.242424073710596
20
27.724583333333328
30
0
10
15.216230329766427
20
27.724583333333328
30
0
10
15.190036585822259
20
27.724583333333328
30
0
10
15.163049073710596
20
27.724583333333328
30
0
0
SPLINE
5
1330
100
AcDbEntity
8
0
100
AcDbSpline
70
4
71
3
72
8
73
4
74
0
42
0.000000001
43
0.0000000001
44
0.0000000001
40
0
40
0
40
0
40
0
40
1
40
1
40
1
40
1
41
1
41
1
41
1
41
1
10
15.163049073710596
20
27.724583333333328
30
0
10
15.163049073710596
20
28.196070825258886
30
0
10
15.163049073710596
20
28.667558317184444
30
0
10
15.163049073710596
20
29.153333333333329
30
0
0
SPLINE
5
1331
100
AcDbEntity
8
0
100
AcDbSpline
70
4
71
3
72
8
73
4
74
0
42
0.000000001
43
0.0000000001
44
0.0000000001
40
0
40
0
40
0
40
0
40
1
40
1
40
1
40
1
41
1
41
1
41
1
41
1
10
15.163049073710596
20
29.153333333333329
30
0
10
15.184877218896702
20
29.153333333333329
30
0
10
15.206705313617544
20
29.153333333333329
30
0
10
15.229194907043929
20
29.153333333333329
30
0
0
SPLINE
5
1332
100
AcDbEntity
8
0
100
AcDbSpline
70
4
71
3
72
8
73
4
74
0
42
0.000000001
43
0.0000000001
44
0.0000000001
40
0
40
0
40
0
40
0
40
1
40
1
40
1
40
1
41
1
41
1
41
1
41
1
10
15.057215740377263
20
29.153333333333329
30
0
10
15.057215740377263
20
28.681845841407771
30
0
10
15.057215740377263
20
28.210358349482213
30
0
10
15.057215740377263
20
27.724583333333328
30
0
0
SPLINE
5
1333
100
AcDbEntity
8
0
100
AcDbSpline
70
4
71
3
72
8
73
4
74
0
42
0.000000001
43
0.0000000001
44
0.0000000001
40
0
40
0
40
0
40
0
40
1
40
1
40
1
40
1
41
1
41
1
41
1
41
1
10
15.057215740377263
20
27.724583333333328
30
0
10
15.09214073230282
20
27.724583333333328
30
0
10
15.127065724228377
20
27.724583333333328
30
0
10
15.163049073710596
20
27.724583333333328
30
0
0
SPLINE
5
1334
100
AcDbEntity
8
0
100
AcDbSpline
70
4
71
3
72
8
73
4
74
0
42
0.000000001
43
0.0000000001
44
0.0000000001
40
0
40
0
40
0
40
0
40
1
40
1
40
1
40
1
41
1
41
1
41
1
41
1
10
15.163049073710596
20
27.724583333333328
30
0
10
15.163049073710596
20
27.720217684110004
30
0
10
15.163049073710596
20
27.715852034886673
30
0
10
15.163049073710596
20
27.711354166666663
30
0
0
SPLINE
5
1335
100
AcDbEntity
8
0
100
AcDbSpline
70
4
71
3
72
8
73
4
74
0
42
0.000000001
43
0.0000000001
44
0.0000000001
40
0
40
0
40
0
40
0
40
1
40
1
40
1
40
1
41
1
41
1
41
1
41
1
10
15.163049073710596
20
27.711354166666663
30
0
10
14.9829993250912
20
27.702351667881008
30
0
10
14.826791866118267
20
27.759250447750084
30
0
10
14.685145427877263
20
27.87010416666666
30
0
0
SPLINE
5
1336
100
AcDbEntity
8
0
100
AcDbSpline
70
4
71
3
72
8
73
4
74
0
42
0.000000001
43
0.0000000001
44
0.0000000001
40
0
40
0
40
0
40
0
40
1
40
1
40
1
40
1
41
1
41
1
41
1
41
1
10
14.685145427877263
20
27.87010416666666
30
0
10
14.542392425134336
20
28.003164015611009
30
0
10
14.458277550731653
20
28.195468774636581
30
0
10
14.445986899231428
20
28.38857381184895
30
0
0
SPLINE
5
1337
100
AcDbEntity
8
0
100
AcDbSpline
70
4
71
3
72
8
73
4
74
0
42
0.000000001
43
0.0000000001
44
0.0000000001
40
0
40
0
40
0
40
0
40
1
40
1
40
1
40
1
41
1
41
1
41
1
41
1
10
14.445986899231428
20
28.38857381184895
30
0
10
14.442839443678217
20
28.614928293228147
30
0
10
14.50544866486843
20
28.802379807631169
30
0
10
14.653984539205389
20
28.975049641927079
30
0
0
SPLINE
5
1338
100
AcDbEntity
8
0
100
AcDbSpline
70
4
71
3
72
8
73
4
74
0
42
0.000000001
43
0.0000000001
44
0.0000000001
40
0
40
0
40
0
40
0
40
1
40
1
40
1
40
1
41
1
41
1
41
1
41
1
10
14.653984539205389
20
28.975049641927079
30
0
10
14.762080747678434
20
29.082975618441896
30
0
10
14.904305808042047
20
29.153333333333329
30
0
10
15.057215740377263
20
29.153333333333329
30
0
0
SPLINE
5
1339
100
AcDbEntity
8
0
100
AcDbSpline
70
4
71
3
72
8
73
4
74
0
42
0.000000001
43
0.0000000001
44
0.0000000001
40
0
40
0
40
0
40
0
40
1
40
1
40
1
40
1
41
1
41
1
41
1
41
1
10
15.321799073710595
20
29.126874999999998
30
0
10
15.308702176505879
20
29.120326564013954
30
0
10
15.308702176505879
20
29.120326564013954
30
0
10
15.295340740377263
20
29.113645833333329
30
0
0
SPLINE
5
1340
100
AcDbEntity
8
0
100
AcDbSpline
70
4
71
3
72
8
73
4
74
0
42
0.000000001
43
0.0000000001
44
0.0000000001
40
0
40
0
40
0
40
0
40
1
40
1
40
1
40
1
41
1
41
1
41
1
41
1
10
15.295340740377263
20
29.113645833333329
30
0
10
15.296761135751563
20
28.939890289306636
30
0
10
15.298250819935951
20
28.766135502258933
30
0
10
15.299829928571537
20
28.59238132079442
30
0
0
SPLINE
5
1341
100
AcDbEntity
8
0
100
AcDbSpline
70
4
71
3
72
8
73
4
74
0
42
0.000000001
43
0.0000000001
44
0.0000000001
40
0
40
0
40
0
40
0
40
1
40
1
40
1
40
1
41
1
41
1
41
1
41
1
10
15.299829928571537
20
28.59238132079442
30
0
10
15.300560867482975
20
28.511707496245698
30
0
10
15.301267633532042
20
28.431033621231713
30
0
10
15.301919796163395
20
28.350359090169267
30
0
0
SPLINE
5
1342
100
AcDbEntity
8
0
100
AcDbSpline
70
4
71
3
72
8
73
4
74
0
42
0.000000001
43
0.0000000001
44
0.0000000001
40
0
40
0
40
0
40
0
40
1
40
1
40
1
40
1
41
1
41
1
41
1
41
1
10
15.301919796163395
20
28.350359090169267
30
0
10
15.30254960268195
20
28.272559514840442
30
0
10
15.303242036595499
20
28.1947608478864
30
0
10
15.303978577151454
20
28.116962281862889
30
0
0
SPLINE
5
1343
100
AcDbEntity
8
0
100
AcDbSpline
70
4
71
3
72
8
73
4
74
0
42
0.000000001
43
0.0000000001
44
0.0000000001
40
0
40
0
40
0
40
0
40
1
40
1
40
1
40
1
41
1
41
1
41
1
41
1
10
15.303978577151454
20
28.116962281862889
30
0
10
15.304249020511463
20
28.087223706245418
30
0
10
15.304496552640751
20
28.057485029697414
30
0
10
15.304721173539315
20
28.027746151288344
30
0
0
SPLINE
5
1344
100
AcDbEntity
8
0
100
AcDbSpline
70
4
71
3
72
8
73
4
74
0
42
0.000000001
43
0.0000000001
44
0.0000000001
40
0
40
0
40
0
40
0
40
1
40
1
40
1
40
1
41
1
41
1
41
1
41
1
10
15.304721173539315
20
28.027746151288344
30
0
10
15.305038801922954
20
27.986215861638382
30
0
10
15.305436468218323
20
27.944687085946395
30
0
10
15.3058536645716
20
27.903157704671216
30
0
0
SPLINE
5
1345
100
AcDbEntity
8
0
100
AcDbSpline
70
4
71
3
72
8
73
4
74
0
42
0.000000001
43
0.0000000001
44
0.0000000001
40
0
40
0
40
0
40
0
40
1
40
1
40
1
40
1
41
1
41
1
41
1
41
1
10
15.3058536645716
20
27.903157704671216
30
0
10
15.305929816657857
20
27.890758893489831
30
0
10
15.306005968744113
20
27.878360082308447
30
0
10
15.306084391767339
20
27.8655855067571
30
0
0
SPLINE
5
1346
100
AcDbEntity
8
0
100
AcDbSpline
70
4
71
3
72
8
73
4
74
0
42
0.000000001
43
0.0000000001
44
0.0000000001
40
0
40
0
40
0
40
0
40
1
40
1
40
1
40
1
41
1
41
1
41
1
41
1
10
15.306084391767339
20
27.8655855067571
30
0
10
15.306213885639664
20
27.85430662075678
30
0
10
15.306343379511986
20
27.843027734756465
30
0
10
15.306476809675054
20
27.831406997044876
30
0
0
SPLINE
5
1347
100
AcDbEntity
8
0
100
AcDbSpline
70
4
71
3
72
8
73
4
74
0
42
0.000000001
43
0.0000000001
44
0.0000000001
40
0
40
0
40
0
40
0
40
1
40
1
40
1
40
1
41
1
41
1
41
1
41
1
10
15.306476809675054
20
27.831406997044876
30
0
10
15.306562146439706
20
27.821578179995214
30
0
10
15.306647533669626
20
27.811749362945552
30
0
10
15.306735494628107
20
27.801622699896491
30
0
0
SPLINE
5
1348
100
AcDbEntity
8
0
100
AcDbSpline
70
4
71
3
72
8
73
4
74
0
42
0.000000001
43
0.0000000001
44
0.0000000001
40
0
40
0
40
0
40
0
40
1
40
1
40
1
40
1
41
1
41
1
41
1
41
1
10
15.306735494628107
20
27.801622699896491
30
0
10
15.30856990704393
20
27.777499999999996
30
0
10
15.30856990704393
20
27.777499999999996
30
0
10
15.321799073710595
20
27.751041666666659
30
0
0
SPLINE
5
1349
100
AcDbEntity
8
0
100
AcDbSpline
70
4
71
3
72
8
73
4
74
0
42
0.000000001
43
0.0000000001
44
0.0000000001
40
0
40
0
40
0
40
0
40
1
40
1
40
1
40
1
41
1
41
1
41
1
41
1
10
15.321799073710595
20
27.751041666666659
30
0
10
15.299970928524491
20
27.746676017443335
30
0
10
15.278142833803649
20
27.742310368220004
30
0
10
15.255653240377264
20
27.737812499999993
30
0
0
SPLINE
5
1350
100
AcDbEntity
8
0
100
AcDbSpline
70
4
71
3
72
8
73
4
74
0
42
0.000000001
43
0.0000000001
44
0.0000000001
40
0
40
0
40
0
40
0
40
1
40
1
40
1
40
1
41
1
41
1
41
1
41
1
10
15.255653240377264
20
27.737812499999993
30
0
10
15.260018889600591
20
27.746543798446652
30
0
10
15.264384488358651
20
27.755274995962775
30
0
10
15.268882407043929
20
27.764270833333327
30
0
0
SPLINE
5
1351
100
AcDbEntity
8
0
100
AcDbSpline
70
4
71
3
72
8
73
4
74
0
42
0.000000001
43
0.0000000001
44
0.0000000001
40
0
40
0
40
0
40
0
40
1
40
1
40
1
40
1
41
1
41
1
41
1
41
1
10
15.268882407043929
20
27.764270833333327
30
0
10
15.270248047604715
20
27.782536938190457
30
0
10
15.270819516275878
20
27.800865821838375
30
0
10
15.270975504412805
20
27.819182291030877
30
0
0
SPLINE
5
1352
100
AcDbEntity
8
0
100
AcDbSpline
70
4
71
3
72
8
73
4
74
0
42
0.000000001
43
0.0000000001
44
0.0000000001
40
0
40
0
40
0
40
0
40
1
40
1
40
1
40
1
41
1
41
1
41
1
41
1
10
15.270975504412805
20
27.819182291030877
30
0
10
15.27110499828513
20
27.830683829784387
30
0
10
15.271234492157454
20
27.842185368537898
30
0
10
15.27136792232052
20
27.85403542041778
30
0
0
SPLINE
5
1353
100
AcDbEntity
8
0
100
AcDbSpline
70
4
71
3
72
8
73
4
74
0
42
0.000000001
43
0.0000000001
44
0.0000000001
40
0
40
0
40
0
40
0
40
1
40
1
40
1
40
1
41
1
41
1
41
1
41
1
10
15.27136792232052
20
27.85403542041778
30
0
10
15.27144407440678
20
27.866681612332656
30
0
10
15.271520226493037
20
27.879327905178066
30
0
10
15.27159864951626
20
27.892357330322262
30
0
0
SPLINE
5
1354
100
AcDbEntity
8
0
100
AcDbSpline
70
4
71
3
72
8
73
4
74
0
42
0.000000001
43
0.0000000001
44
0.0000000001
40
0
40
0
40
0
40
0
40
1
40
1
40
1
40
1
41
1
41
1
41
1
41
1
10
15.27159864951626
20
27.892357330322262
30
0
10
15.271729606881298
20
27.905651496251419
30
0
10
15.271860564246333
20
27.918945561250048
30
0
10
15.271995508367375
20
27.932642540931699
30
0
0
SPLINE
5
1355
100
AcDbEntity
8
0
100
AcDbSpline
70
4
71
3
72
8
73
4
74
0
42
0.000000001
43
0.0000000001
44
0.0000000001
40
0
40
0
40
0
40
0
40
1
40
1
40
1
40
1
41
1
41
1
41
1
41
1
10
15.271995508367375
20
27.932642540931699
30
0
10
15.272414521470225
20
27.976736163298284
30
0
10
15.272741586858585
20
28.020829987525936
30
0
10
15.273068198059555
20
28.064924316406245
30
0
0
SPLINE
5
1356
100
AcDbEntity
8
0
100
AcDbSpline
70
4
71
3
72
8
73
4
74
0
42
0.000000001
43
0.0000000001
44
0.0000000001
40
0
40
0
40
0
40
0
40
1
40
1
40
1
40
1
41
1
41
1
41
1
41
1
10
15.273068198059555
20
28.064924316406245
30
0
10
15.273340256308074
20
28.095436524550117
30
0
10
15.273618017131643
20
28.125948631763453
30
0
10
15.273901278669193
20
28.156460638046262
30
0
0
SPLINE
5
1357
100
AcDbEntity
8
0
100
AcDbSpline
70
4
71
3
72
8
73
4
74
0
42
0.000000001
43
0.0000000001
44
0.0000000001
40
0
40
0
40
0
40
0
40
1
40
1
40
1
40
1
41
1
41
1
41
1
41
1
10
15.273901278669193
20
28.156460638046262
30
0
10
15.274632520372226
20
28.236886425813033
30
0
10
15.275285843704696
20
28.317312617301937
30
0
10
15.275923320943669
20
28.397739111582432
30
0
0
SPLINE
5
1358
100
AcDbEntity
8
0
100
AcDbSpline
70
4
71
3
72
8
73
4
74
0
42
0.000000001
43
0.0000000001
44
0.0000000001
40
0
40
0
40
0
40
0
40
1
40
1
40
1
40
1
41
1
41
1
41
1
41
1
10
15.275923320943669
20
28.397739111582432
30
0
10
15.276587090586183
20
28.47976106524467
30
0
10
15.277324034864264
20
28.561782362858452
30
0
10
15.278054973775701
20
28.643803710937497
30
0
0
SPLINE
5
1359
100
AcDbEntity
8
0
100
AcDbSpline
70
4
71
3
72
8
73
4
74
0
42
0.000000001
43
0.0000000001
44
0.0000000001
40
0
40
0
40
0
40
0
40
1
40
1
40
1
40
1
41
1
41
1
41
1
41
1
10
15.278054973775701
20
28.643803710937497
30
0
10
15.279479053114411
20
28.804826918840405
30
0
10
15.280820874069686
20
28.965850681861237
30
0
10
15.282111573710594
20
29.126874999999998
30
0
0
SPLINE
5
1360
100
AcDbEntity
8
0
100
AcDbSpline
70
4
71
3
72
8
73
4
74
0
42
0.000000001
43
0.0000000001
44
0.0000000001
40
0
40
0
40
0
40
0
40
1
40
1
40
1
40
1
41
1
41
1
41
1
41
1
10
15.282111573710594
20
29.126874999999998
30
0
10
15.295208470915313
20
29.126874999999998
30
0
10
15.308305317654764
20
29.126874999999998
30
0
10
15.321799073710595
20
29.126874999999998
30
0
0
SPLINE
5
1361
100
AcDbEntity
8
0
100
AcDbSpline
70
4
71
3
72
8
73
4
74
0
42
0.000000001
43
0.0000000001
44
0.0000000001
40
0
40
0
40
0
40
0
40
1
40
1
40
1
40
1
41
1
41
1
41
1
41
1
10
15.422671469543928
20
29.067343749999996
30
0
10
15.428674211993371
20
29.060795314013955
30
0
10
15.434676954442814
20
29.054246878027911
30
0
10
15.440861573710595
20
29.047499999999996
30
0
0
SPLINE
5
1362
100
AcDbEntity
8
0
100
AcDbSpline
70
4
71
3
72
8
73
4
74
0
42
0.000000001
43
0.0000000001
44
0.0000000001
40
0
40
0
40
0
40
0
40
1
40
1
40
1
40
1
41
1
41
1
41
1
41
1
10
15.440861573710595
20
29.047499999999996
30
0
10
15.42776467650588
20
29.040951564013952
30
0
10
15.42776467650588
20
29.040951564013952
30
0
10
15.414403240377261
20
29.034270833333331
30
0
0
SPLINE
5
1363
100
AcDbEntity
8
0
100
AcDbSpline
70
4
71
3
72
8
73
4
74
0
42
0.000000001
43
0.0000000001
44
0.0000000001
40
0
40
0
40
0
40
0
40
1
40
1
40
1
40
1
41
1
41
1
41
1
41
1
10
15.414403240377261
20
29.034270833333331
30
0
10
15.413791147167043
20
28.879489800333971
30
0
10
15.413320558562432
20
28.724709019660946
30
0
10
15.413032401894089
20
28.569927002588905
30
0
0
SPLINE
5
1364
100
AcDbEntity
8
0
100
AcDbSpline
70
4
71
3
72
8
73
4
74
0
42
0.000000001
43
0.0000000001
44
0.0000000001
40
0
40
0
40
0
40
0
40
1
40
1
40
1
40
1
41
1
41
1
41
1
41
1
10
15.413032401894089
20
28.569927002588905
30
0
10
15.41289407660023
20
28.498061486482619
30
0
10
15.412706396276313
20
28.426196777820579
30
0
10
15.412407238179997
20
28.354331715901687
30
0
0
SPLINE
5
1365
100
AcDbEntity
8
0
100
AcDbSpline
70
4
71
3
72
8
73
4
74
0
42
0.000000001
43
0.0000000001
44
0.0000000001
40
0
40
0
40
0
40
0
40
1
40
1
40
1
40
1
41
1
41
1
41
1
41
1
10
15.412407238179997
20
28.354331715901687
30
0
10
15.412120494539096
20
28.285024536450699
30
0
10
15.411961680347279
20
28.215718063513435
30
0
10
15.41189294665511
20
28.146410278479252
30
0
0
SPLINE
5
1366
100
AcDbEntity
8
0
100
AcDbSpline
70
4
71
3
72
8
73
4
74
0
42
0.000000001
43
0.0000000001
44
0.0000000001
40
0
40
0
40
0
40
0
40
1
40
1
40
1
40
1
41
1
41
1
41
1
41
1
10
15.41189294665511
20
28.146410278479252
30
0
10
15.411843944881912
20
28.119920858542116
30
0
10
15.41174821227248
20
28.093431337674453
30
0
10
15.411605799292083
20
28.066942119598384
30
0
0
SPLINE
5
1367
100
AcDbEntity
8
0
100
AcDbSpline
70
4
71
3
72
8
73
4
74
0
42
0.000000001
43
0.0000000001
44
0.0000000001
40
0
40
0
40
0
40
0
40
1
40
1
40
1
40
1
41
1
41
1
41
1
41
1
10
15.411605799292083
20
28.066942119598384
30
0
10
15.411414737795347
20
28.029942197799681
30
0
10
15.41138723422543
20
27.992945606708521
30
0
10
15.411399547750309
20
27.955945180257157
30
0
0
SPLINE
5
1368
100
AcDbEntity
8
0
100
AcDbSpline
70
4
71
3
72
8
73
4
74
0
42
0.000000001
43
0.0000000001
44
0.0000000001
40
0
40
0
40
0
40
0
40
1
40
1
40
1
40
1
41
1
41
1
41
1
41
1
10
15.411399547750309
20
27.955945180257157
30
0
10
15.41130442072407
20
27.944907114505764
30
0
10
15.41120929369783
20
27.933868947823836
30
0
10
15.411111290151434
20
27.922496398289994
30
0
0
SPLINE
5
1369
100
AcDbEntity
8
0
100
AcDbSpline
70
4
71
3
72
8
73
4
74
0
42
0.000000001
43
0.0000000001
44
0.0000000001
40
0
40
0
40
0
40
0
40
1
40
1
40
1
40
1
41
1
41
1
41
1
41
1
10
15.411111290151434
20
27.922496398289994
30
0
10
15.411385619336919
20
27.846663454373672
30
0
10
15.411385619336919
20
27.846663454373672
30
0
10
15.440861573710595
20
27.817187499999996
30
0
0
SPLINE
5
1370
100
AcDbEntity
8
0
100
AcDbSpline
70
4
71
3
72
8
73
4
74
0
42
0.000000001
43
0.0000000001
44
0.0000000001
40
0
40
0
40
0
40
0
40
1
40
1
40
1
40
1
41
1
41
1
41
1
41
1
10
15.440861573710595
20
27.817187499999996
30
0
10
15.419033428524491
20
27.808456201553341
30
0
10
15.397205333803649
20
27.799725004037214
30
0
10
15.374715740377262
20
27.790729166666665
30
0
0
SPLINE
5
1371
100
AcDbEntity
8
0
100
AcDbSpline
70
4
71
3
72
8
73
4
74
0
42
0.000000001
43
0.0000000001
44
0.0000000001
40
0
40
0
40
0
40
0
40
1
40
1
40
1
40
1
41
1
41
1
41
1
41
1
10
15.374715740377262
20
27.790729166666665
30
0
10
15.374715740377262
20
28.218560368220004
30
0
10
15.374715740377262
20
28.646391670703881
30
0
10
15.374715740377262
20
29.087187499999992
30
0
0
SPLINE
5
1372
100
AcDbEntity
8
0
100
AcDbSpline
70
4
71
3
72
8
73
4
74
0
42
0.000000001
43
0.0000000001
44
0.0000000001
40
0
40
0
40
0
40
0
40
1
40
1
40
1
40
1
41
1
41
1
41
1
41
1
10
15.374715740377262
20
29.087187499999992
30
0
10
15.402809804374531
20
29.090178525845207
30
0
10
15.402809804374531
20
29.090178525845207
30
0
10
15.422671469543928
20
29.067343749999996
30
0
0
SPLINE
5
1373
100
AcDbEntity
8
0
100
AcDbSpline
70
4
71
3
72
8
73
4
74
0
42
0.000000001
43
0.0000000001
44
0.0000000001
40
0
40
0
40
0
40
0
40
1
40
1
40
1
40
1
41
1
41
1
41
1
41
1
10
15.507007407043929
20
29.007812499999996
30
0
10
15.524976271484848
20
28.986031994024909
30
0
10
15.542627507542131
20
28.963984829584753
30
0
10
15.559924073710595
20
28.941666666666663
30
0
0
SPLINE
5
1374
100
AcDbEntity
8
0
100
AcDbSpline
70
4
71
3
72
8
73
4
74
0
42
0.000000001
43
0.0000000001
44
0.0000000001
40
0
40
0
40
0
40
0
40
1
40
1
40
1
40
1
41
1
41
1
41
1
41
1
10
15.559924073710595
20
28.941666666666663
30
0
10
15.546827226971144
20
28.937301042675969
30
0
10
15.53373027930116
20
28.932935418685272
30
0
10
15.520236573710594
20
28.928437499999994
30
0
0
SPLINE
5
1375
100
AcDbEntity
8
0
100
AcDbSpline
70
4
71
3
72
8
73
4
74
0
42
0.000000001
43
0.0000000001
44
0.0000000001
40
0
40
0
40
0
40
0
40
1
40
1
40
1
40
1
41
1
41
1
41
1
41
1
10
15.520236573710594
20
28.928437499999994
30
0
10
15.520236573710594
20
28.605381274223323
30
0
10
15.520236573710594
20
28.282325048446651
30
0
10
15.520236573710594
20
27.949479166666663
30
0
0
SPLINE
5
1376
100
AcDbEntity
8
0
100
AcDbSpline
70
4
71
3
72
8
73
4
74
0
42
0.000000001
43
0.0000000001
44
0.0000000001
40
0
40
0
40
0
40
0
40
1
40
1
40
1
40
1
41
1
41
1
41
1
41
1
10
15.520236573710594
20
27.949479166666663
30
0
10
15.533333420450045
20
27.94293069283167
30
0
10
15.533333420450045
20
27.94293069283167
30
0
10
15.54669490704393
20
27.936249999999994
30
0
0
SPLINE
5
1377
100
AcDbEntity
8
0
100
AcDbSpline
70
4
71
3
72
8
73
4
74
0
42
0.000000001
43
0.0000000001
44
0.0000000001
40
0
40
0
40
0
40
0
40
1
40
1
40
1
40
1
41
1
41
1
41
1
41
1
10
15.54669490704393
20
27.936249999999994
30
0
10
15.529378457560695
20
27.894948923587791
30
0
10
15.529378457560695
20
27.894948923587791
30
0
10
15.493778240377264
20
27.87010416666666
30
0
0
SPLINE
5
1378
100
AcDbEntity
8
0
100
AcDbSpline
70
4
71
3
72
8
73
4
74
0
42
0.000000001
43
0.0000000001
44
0.0000000001
40
0
40
0
40
0
40
0
40
1
40
1
40
1
40
1
41
1
41
1
41
1
41
1
10
15.493778240377264
20
27.87010416666666
30
0
10
15.493778240377264
20
28.245547880331671
30
0
10
15.493778240377264
20
28.620991644461945
30
0
10
15.493778240377264
20
29.007812499999996
30
0
0
SPLINE
5
1379
100
AcDbEntity
8
0
100
AcDbSpline
70
4
71
3
72
8
73
4
74
0
42
0.000000001
43
0.0000000001
44
0.0000000001
40
0
40
0
40
0
40
0
40
1
40
1
40
1
40
1
41
1
41
1
41
1
41
1
10
15.493778240377264
20
29.007812499999996
30
0
10
15.498143889600591
20
29.007812499999996
30
0
10
15.502509538823919
20
29.007812499999996
30
0
10
15.507007407043929
20
29.007812499999996
30
0
0
SPLINE
5
1380
100
AcDbEntity
8
0
100
AcDbSpline
70
4
71
3
72
8
73
4
74
0
42
0.000000001
43
0.0000000001
44
0.0000000001
40
0
40
0
40
0
40
0
40
1
40
1
40
1
40
1
41
1
41
1
41
1
41
1
10
15.626069907043929
20
28.862291666666664
30
0
10
15.656323934887407
20
28.819460281531015
30
0
10
15.656323934887407
20
28.819460281531015
30
0
10
15.66575740704393
20
28.769687499999996
30
0
0
SPLINE
5
1381
100
AcDbEntity
8
0
100
AcDbSpline
70
4
71
3
72
8
73
4
74
0
42
0.000000001
43
0.0000000001
44
0.0000000001
40
0
40
0
40
0
40
0
40
1
40
1
40
1
40
1
41
1
41
1
41
1
41
1
10
15.66575740704393
20
28.769687499999996
30
0
10
15.652660560304479
20
28.769687499999996
30
0
10
15.639563612634495
20
28.769687499999996
30
0
10
15.626069907043929
20
28.769687499999996
30
0
0
SPLINE
5
1382
100
AcDbEntity
8
0
100
AcDbSpline
70
4
71
3
72
8
73
4
74
0
42
0.000000001
43
0.0000000001
44
0.0000000001
40
0
40
0
40
0
40
0
40
1
40
1
40
1
40
1
41
1
41
1
41
1
41
1
10
15.626069907043929
20
28.769687499999996
30
0
10
15.630435556267257
20
28.555771899223323
30
0
10
15.634801205490586
20
28.34185629844665
30
0
10
15.639299073710596
20
28.121458333333326
30
0
0
SPLINE
5
1383
100
AcDbEntity
8
0
100
AcDbSpline
70
4
71
3
72
8
73
4
74
0
42
0.000000001
43
0.0000000001
44
0.0000000001
40
0
40
0
40
0
40
0
40
1
40
1
40
1
40
1
41
1
41
1
41
1
41
1
10
15.639299073710596
20
28.121458333333326
30
0
10
15.652395920450047
20
28.11490985949834
30
0
10
15.652395920450047
20
28.11490985949834
30
0
10
15.66575740704393
20
28.108229166666661
30
0
0
SPLINE
5
1384
100
AcDbEntity
8
0
100
AcDbSpline
70
4
71
3
72
8
73
4
74
0
42
0.000000001
43
0.0000000001
44
0.0000000001
40
0
40
0
40
0
40
0
40
1
40
1
40
1
40
1
41
1
41
1
41
1
41
1
10
15.66575740704393
20
28.108229166666661
30
0
10
15.65154911328808
20
28.069663812319433
30
0
10
15.642234638228572
20
28.0450188978513
30
0
10
15.612840740377262
20
28.015624999999993
30
0
0
SPLINE
5
1385
100
AcDbEntity
8
0
100
AcDbSpline
70
4
71
3
72
8
73
4
74
0
42
0.000000001
43
0.0000000001
44
0.0000000001
40
0
40
0
40
0
40
0
40
1
40
1
40
1
40
1
41
1
41
1
41
1
41
1
10
15.612840740377262
20
28.015624999999993
30
0
10
15.612840740377262
20
28.295025036334987
30
0
10
15.612840740377262
20
28.574425022204714
30
0
10
15.612840740377262
20
28.862291666666664
30
0
0
SPLINE
5
1386
100
AcDbEntity
8
0
100
AcDbSpline
70
4
71
3
72
8
73
4
74
0
42
0.000000001
43
0.0000000001
44
0.0000000001
40
0
40
0
40
0
40
0
40
1
40
1
40
1
40
1
41
1
41
1
41
1
41
1
10
15.612840740377262
20
28.862291666666664
30
0
10
15.617206389600591
20
28.862291666666664
30
0
10
15.621572038823919
20
28.862291666666664
30
0
10
15.626069907043929
20
28.862291666666664
30
0
0
SPLINE
5
1387
100
AcDbEntity
8
0
100
AcDbSpline
70
4
71
3
72
8
73
4
74
0
42
0.000000001
43
0.0000000001
44
0.0000000001
40
0
40
0
40
0
40
0
40
1
40
1
40
1
40
1
41
1
41
1
41
1
41
1
10
15.745132407043929
20
28.544791666666661
30
0
10
15.745132407043929
20
28.479307281573611
30
0
10
15.745132407043929
20
28.413822896480557
30
0
10
15.745132407043929
20
28.346354166666661
30
0
0
SPLINE
5
1388
100
AcDbEntity
8
0
100
AcDbSpline
70
4
71
3
72
8
73
4
74
0
42
0.000000001
43
0.0000000001
44
0.0000000001
40
0
40
0
40
0
40
0
40
1
40
1
40
1
40
1
41
1
41
1
41
1
41
1
10
15.745132407043929
20
28.346354166666661
30
0
10
15.740766757820603
20
28.346354166666661
30
0
10
15.736401108597274
20
28.346354166666661
30
0
10
15.731903240377264
20
28.346354166666661
30
0
0
SPLINE
5
1389
100
AcDbEntity
8
0
100
AcDbSpline
70
4
71
3
72
8
73
4
74
0
42
0.000000001
43
0.0000000001
44
0.0000000001
40
0
40
0
40
0
40
0
40
1
40
1
40
1
40
1
41
1
41
1
41
1
41
1
10
15.731903240377264
20
28.346354166666661
30
0
10
15.731903240377264
20
28.411838551759715
30
0
10
15.731903240377264
20
28.477322936852765
30
0
10
15.731903240377264
20
28.544791666666661
30
0
0
SPLINE
5
1390
100
AcDbEntity
8
0
100
AcDbSpline
70
4
71
3
72
8
73
4
74
0
42
0.000000001
43
0.0000000001
44
0.0000000001
40
0
40
0
40
0
40
0
40
1
40
1
40
1
40
1
41
1
41
1
41
1
41
1
10
15.731903240377264
20
28.544791666666661
30
0
10
15.736268889600591
20
28.544791666666661
30
0
10
15.740634538823919
20
28.544791666666661
30
0
10
15.745132407043929
20
28.544791666666661
30
0
0
SPLINE
5
1391
100
AcDbEntity
8
0
100
AcDbSpline
70
4
71
3
72
8
73
4
74
0
42
0.000000001
43
0.0000000001
44
0.0000000001
40
0
40
0
40
0
40
0
40
1
40
1
40
1
40
1
41
1
41
1
41
1
41
1
10
14.131174073710596
20
29.325312499999995
30
0
10
13.978377196187333
20
29.325312499999995
30
0
10
13.825580318664068
20
29.325312499999995
30
0
10
13.668153240377263
20
29.325312499999995
30
0
0
SPLINE
5
1392
100
AcDbEntity
8
0
100
AcDbSpline
70
4
71
3
72
8
73
4
74
0
42
0.000000001
43
0.0000000001
44
0.0000000001
40
0
40
0
40
0
40
0
40
1
40
1
40
1
40
1
41
1
41
1
41
1
41
1
10
13.668153240377263
20
29.325312499999995
30
0
10
13.668153240377263
20
28.862556256055825
30
0
10
13.668153240377263
20
28.399800012111662
30
0
10
13.668153240377263
20
27.923020833333329
30
0
0
SPLINE
5
1393
100
AcDbEntity
8
0
100
AcDbSpline
70
4
71
3
72
8
73
4
74
0
42
0.000000001
43
0.0000000001
44
0.0000000001
40
0
40
0
40
0
40
0
40
1
40
1
40
1
40
1
41
1
41
1
41
1
41
1
10
13.668153240377263
20
27.923020833333329
30
0
10
13.68125013758198
20
27.918655184110001
30
0
10
13.694346984321431
20
27.914289534886674
30
0
10
13.707840740377261
20
27.909791666666663
30
0
0
SPLINE
5
1394
100
AcDbEntity
8
0
100
AcDbSpline
70
4
71
3
72
8
73
4
74
0
42
0.000000001
43
0.0000000001
44
0.0000000001
40
0
40
0
40
0
40
0
40
1
40
1
40
1
40
1
41
1
41
1
41
1
41
1
10
13.707840740377261
20
27.909791666666663
30
0
10
13.586928991173263
20
27.786322842439013
30
0
10
13.440583605860228
20
27.723412236372624
30
0
10
13.268797771627261
20
27.721276041666663
30
0
0
SPLINE
5
1395
100
AcDbEntity
8
0
100
AcDbSpline
70
4
71
3
72
8
73
4
74
0
42
0.000000001
43
0.0000000001
44
0.0000000001
40
0
40
0
40
0
40
0
40
1
40
1
40
1
40
1
41
1
41
1
41
1
41
1
10
13.268797771627261
20
27.721276041666663
30
0
10
13.100742279385084
20
27.721561473210649
30
0
10
12.941202497973595
20
27.783937551180514
30
0
10
12.816473959778305
20
27.899094645182284
30
0
0
SPLINE
5
1396
100
AcDbEntity
8
0
100
AcDbSpline
70
4
71
3
72
8
73
4
74
0
42
0.000000001
43
0.0000000001
44
0.0000000001
40
0
40
0
40
0
40
0
40
1
40
1
40
1
40
1
41
1
41
1
41
1
41
1
10
12.816473959778305
20
27.899094645182284
30
0
10
12.661177297924514
20
28.072353308200832
30
0
10
12.641549640193139
20
28.261454229354854
30
0
10
12.641445883606428
20
28.482986653645828
30
0
0
SPLINE
5
1397
100
AcDbEntity
8
0
100
AcDbSpline
70
4
71
3
72
8
73
4
74
0
42
0.000000001
43
0.0000000001
44
0.0000000001
40
0
40
0
40
0
40
0
40
1
40
1
40
1
40
1
41
1
41
1
41
1
41
1
10
12.641445883606428
20
28.482986653645828
30
0
10
12.641247353250339
20
28.507377828756965
30
0
10
12.641026012594059
20
28.5317688524723
30
0
10
12.640782971873437
20
28.556159674326572
30
0
0
SPLINE
5
1398
100
AcDbEntity
8
0
100
AcDbSpline
70
4
71
3
72
8
73
4
74
0
42
0.000000001
43
0.0000000001
44
0.0000000001
40
0
40
0
40
0
40
0
40
1
40
1
40
1
40
1
41
1
41
1
41
1
41
1
10
12.640782971873437
20
28.556159674326572
30
0
10
12.640208979938979
20
28.619837503830588
30
0
10
12.639941514029655
20
28.683512961467102
30
0
10
12.63974136878506
20
28.747192910512283
30
0
0
SPLINE
5
1399
100
AcDbEntity
8
0
100
AcDbSpline
70
4
71
3
72
8
73
4
74
0
42
0.000000001
43
0.0000000001
44
0.0000000001
40
0
40
0
40
0
40
0
40
1
40
1
40
1
40
1
41
1
41
1
41
1
41
1
10
12.63974136878506
20
28.747192910512283
30
0
10
12.639481068943494
20
28.81238066077232
30
0
10
12.638926051949021
20
28.877565837303791
30
0
10
12.638396974101219
20
28.942751871744786
30
0
0
SPLINE
5
1400
100
AcDbEntity
8
0
100
AcDbSpline
70
4
71
3
72
8
73
4
74
0
42
0.000000001
43
0.0000000001
44
0.0000000001
40
0
40
0
40
0
40
0
40
1
40
1
40
1
40
1
41
1
41
1
41
1
41
1
10
12.638396974101219
20
28.942751871744786
30
0
10
12.637404826973434
20
29.070271719495452
30
0
10
12.636764422749035
20
29.197789712647591
30
0
10
12.636278240377262
20
29.325312499999995
30
0
0
SPLINE
5
1401
100
AcDbEntity
8
0
100
AcDbSpline
70
4
71
3
72
8
73
4
74
0
42
0.000000001
43
0.0000000001
44
0.0000000001
40
0
40
0
40
0
40
0
40
1
40
1
40
1
40
1
41
1
41
1
41
1
41
1
10
12.636278240377262
20
29.325312499999995
30
0
10
12.557696958079491
20
29.325312499999995
30
0
10
12.479115776712252
20
29.325312499999995
30
0
10
12.398153240377262
20
29.325312499999995
30
0
0
SPLINE
5
1402
100
AcDbEntity
8
0
100
AcDbSpline
70
4
71
3
72
8
73
4
74
0
42
0.000000001
43
0.0000000001
44
0.0000000001
40
0
40
0
40
0
40
0
40
1
40
1
40
1
40
1
41
1
41
1
41
1
41
1
10
12.398153240377262
20
29.325312499999995
30
0
10
12.396950754021162
20
29.187529039084907
30
0
10
12.395982830221012
20
29.0497491612037
30
0
10
12.395411563410912
20
28.911961599985752
30
0
0
SPLINE
5
1403
100
AcDbEntity
8
0
100
AcDbSpline
70
4
71
3
72
8
73
4
74
0
42
0.000000001
43
0.0000000001
44
0.0000000001
40
0
40
0
40
0
40
0
40
1
40
1
40
1
40
1
41
1
41
1
41
1
41
1
10
12.395411563410912
20
28.911961599985752
30
0
10
12.395137032364364
20
28.847959682544069
30
0
10
12.394765608007267
20
28.783961600462593
30
0
10
12.394161235982732
20
28.719961853027339
30
0
0
SPLINE
5
1404
100
AcDbEntity
8
0
100
AcDbSpline
70
4
71
3
72
8
73
4
74
0
42
0.000000001
43
0.0000000001
44
0.0000000001
40
0
40
0
40
0
40
0
40
1
40
1
40
1
40
1
41
1
41
1
41
1
41
1
10
12.394161235982732
20
28.719961853027339
30
0
10
12.393580077980513
20
28.658030222654336
30
0
10
12.393268606359317
20
28.596102276245748
30
0
10
12.39313275386349
20
28.534168122609454
30
0
0
SPLINE
5
1405
100
AcDbEntity
8
0
100
AcDbSpline
70
4
71
3
72
8
73
4
74
0
42
0.000000001
43
0.0000000001
44
0.0000000001
40
0
40
0
40
0
40
0
40
1
40
1
40
1
40
1
41
1
41
1
41
1
41
1
10
12.39313275386349
20
28.534168122609454
30
0
10
12.393036062414007
20
28.510711261431368
30
0
10
12.392847322319502
20
28.487254602114355
30
0
10
12.392558257276372
20
28.463799355824783
30
0
0
SPLINE
5
1406
100
AcDbEntity
8
0
100
AcDbSpline
70
4
71
3
72
8
73
4
74
0
42
0.000000001
43
0.0000000001
44
0.0000000001
40
0
40
0
40
0
40
0
40
1
40
1
40
1
40
1
41
1
41
1
41
1
41
1
10
12.392558257276372
20
28.463799355824783
30
0
10
12.389214428757187
20
28.180648740927374
30
0
10
12.448657364541845
20
27.936210637092586
30
0
10
12.649507407043929
20
27.724583333333328
30
0
0
SPLINE
5
1407
100
AcDbEntity
8
0
100
AcDbSpline
70
4
71
3
72
8
73
4
74
0
42
0.000000001
43
0.0000000001
44
0.0000000001
40
0
40
0
40
0
40
0
40
1
40
1
40
1
40
1
41
1
41
1
41
1
41
1
10
12.649507407043929
20
27.724583333333328
30
0
10
12.843640724514479
20
27.538005170822139
30
0
10
13.07580466637468
20
27.480057319005326
30
0
10
13.338095867330386
20
27.483719482421872
30
0
0
SPLINE
5
1408
100
AcDbEntity
8
0
100
AcDbSpline
70
4
71
3
72
8
73
4
74
0
42
0.000000001
43
0.0000000001
44
0.0000000001
40
0
40
0
40
0
40
0
40
1
40
1
40
1
40
1
41
1
41
1
41
1
41
1
10
13.338095867330386
20
27.483719482421872
30
0
10
13.550568111036775
20
27.490243026415506
30
0
10
13.733374978993888
20
27.587527139981582
30
0
10
13.879819907043929
20
27.737812499999993
30
0
0
SPLINE
5
1409
100
AcDbEntity
8
0
100
AcDbSpline
70
4
71
3
72
8
73
4
74
0
42
0.000000001
43
0.0000000001
44
0.0000000001
40
0
40
0
40
0
40
0
40
1
40
1
40
1
40
1
41
1
41
1
41
1
41
1
10
13.879819907043929
20
27.737812499999993
30
0
10
13.893633007302437
20
27.750986154874159
30
0
10
13.893633007302437
20
27.750986154874159
30
0
10
13.90772518048143
20
27.764425862630201
30
0
0
SPLINE
5
1410
100
AcDbEntity
8
0
100
AcDbSpline
70
4
71
3
72
8
73
4
74
0
42
0.000000001
43
0.0000000001
44
0.0000000001
40
0
40
0
40
0
40
0
40
1
40
1
40
1
40
1
41
1
41
1
41
1
41
1
10
13.90772518048143
20
27.764425862630201
30
0
10
13.964603307440434
20
27.822295997937516
30
0
10
14.005144768053846
20
27.885575303236642
30
0
10
14.042704021627262
20
27.956920572916665
30
0
0
SPLINE
5
1411
100
AcDbEntity
8
0
100
AcDbSpline
70
4
71
3
72
8
73
4
74
0
42
0.000000001
43
0.0000000001
44
0.0000000001
40
0
40
0
40
0
40
0
40
1
40
1
40
1
40
1
41
1
41
1
41
1
41
1
10
14.042704021627262
20
27.956920572916665
30
0
10
14.047012089982188
20
27.964774684111269
30
0
10
14.051320164645272
20
27.972628694375352
30
0
10
14.055758780334946
20
27.980720799763994
30
0
0
SPLINE
5
1412
100
AcDbEntity
8
0
100
AcDbSpline
70
4
71
3
72
8
73
4
74
0
42
0.000000001
43
0.0000000001
44
0.0000000001
40
0
40
0
40
0
40
0
40
1
40
1
40
1
40
1
41
1
41
1
41
1
41
1
10
14.055758780334946
20
27.980720799763994
30
0
10
14.139514843542928
20
28.149517828623448
30
0
10
14.136814756263849
20
28.345753831863401
30
0
10
14.135049806132471
20
28.529495442708331
30
0
0
SPLINE
5
1413
100
AcDbEntity
8
0
100
AcDbSpline
70
4
71
3
72
8
73
4
74
0
42
0.000000001
43
0.0000000001
44
0.0000000001
40
0
40
0
40
0
40
0
40
1
40
1
40
1
40
1
41
1
41
1
41
1
41
1
10
14.135049806132471
20
28.529495442708331
30
0
10
14.134975546887944
20
28.552624380588526
30
0
10
14.134919166146647
20
28.575753368933992
30
0
10
14.134879637255825
20
28.598882357279454
30
0
0
SPLINE
5
1414
100
AcDbEntity
8
0
100
AcDbSpline
70
4
71
3
72
8
73
4
74
0
42
0.000000001
43
0.0000000001
44
0.0000000001
40
0
40
0
40
0
40
0
40
1
40
1
40
1
40
1
41
1
41
1
41
1
41
1
10
14.134879637255825
20
28.598882357279454
30
0
10
14.134729980932727
20
28.658994361559547
30
0
10
14.13434176346988
20
28.719102429548894
30
0
10
14.133899198069727
20
28.779212919871007
30
0
0
SPLINE
5
1415
100
AcDbEntity
8
0
100
AcDbSpline
70
4
71
3
72
8
73
4
74
0
42
0.000000001
43
0.0000000001
44
0.0000000001
40
0
40
0
40
0
40
0
40
1
40
1
40
1
40
1
41
1
41
1
41
1
41
1
10
14.133899198069727
20
28.779212919871007
30
0
10
14.133416685074746
20
28.851744325160979
30
0
10
14.133238706698199
20
28.924277093013124
30
0
10
14.133008082404292
20
28.996809659004207
30
0
0
SPLINE
5
1416
100
AcDbEntity
8
0
100
AcDbSpline
70
4
71
3
72
8
73
4
74
0
42
0.000000001
43
0.0000000001
44
0.0000000001
40
0
40
0
40
0
40
0
40
1
40
1
40
1
40
1
41
1
41
1
41
1
41
1
10
14.133008082404292
20
28.996809659004207
30
0
10
14.132626612896591
20
29.106313331127161
30
0
10
14.131864870755649
20
29.215808373689647
30
0
10
14.131174073710596
20
29.325312499999995
30
0
0
SPLINE
5
1417
100
AcDbEntity
8
0
100
AcDbSpline
70
4
71
3
72
8
73
4
74
0
42
0.000000001
43
0.0000000001
44
0.0000000001
40
0
40
0
40
0
40
0
40
1
40
1
40
1
40
1
41
1
41
1
41
1
41
1
10
13.879819907043929
20
28.253749999999993
30
0
10
13.879819907043929
20
28.231921854813891
30
0
10
13.879819907043929
20
28.210093709627785
30
0
10
13.879819907043929
20
28.187604166666663
30
0
0
SPLINE
5
1418
100
AcDbEntity
8
0
100
AcDbSpline
70
4
71
3
72
8
73
4
74
0
42
0.000000001
43
0.0000000001
44
0.0000000001
40
0
40
0
40
0
40
0
40
1
40
1
40
1
40
1
41
1
41
1
41
1
41
1
10
13.879819907043929
20
28.187604166666663
30
0
10
13.875454283053234
20
28.187604166666663
30
0
10
13.87108865906254
20
28.187604166666663
30
0
10
13.866590740377262
20
28.187604166666663
30
0
0
SPLINE
5
1419
100
AcDbEntity
8
0
100
AcDbSpline
70
4
71
3
72
8
73
4
74
0
42
0.000000001
43
0.0000000001
44
0.0000000001
40
0
40
0
40
0
40
0
40
1
40
1
40
1
40
1
41
1
41
1
41
1
41
1
10
13.866590740377262
20
28.187604166666663
30
0
10
13.866590740377262
20
28.209432311852769
30
0
10
13.866590740377262
20
28.231260457038875
30
0
10
13.866590740377262
20
28.253749999999993
30
0
0
SPLINE
5
1420
100
AcDbEntity
8
0
100
AcDbSpline
70
4
71
3
72
8
73
4
74
0
42
0.000000001
43
0.0000000001
44
0.0000000001
40
0
40
0
40
0
40
0
40
1
40
1
40
1
40
1
41
1
41
1
41
1
41
1
10
13.866590740377262
20
28.253749999999993
30
0
10
13.870956364367956
20
28.253749999999993
30
0
10
13.875321988358653
20
28.253749999999993
30
0
10
13.879819907043929
20
28.253749999999993
30
0
0
LINE
5
1421
100
AcDbEntity
8
0
100
AcDbLine
10
13.853361573710597
20
28.147916666666664
30
0
11
13.866590740377262
21
28.187604166666663
31
0
0
LINE
5
1422
100
AcDbEntity
8
0
100
AcDbLine
10
13.840132407043928
20
28.108229166666661
30
0
11
13.853361573710597
21
28.147916666666664
31
0
0
LINE
5
1423
100
AcDbEntity
8
0
100
AcDbLine
10
13.826903240377263
20
28.08177083333333
30
0
11
13.840132407043928
21
28.108229166666661
31
0
0
SPLINE
5
1424
100
AcDbEntity
8
0
100
AcDbSpline
70
4
71
3
72
8
73
4
74
0
42
0.000000001
43
0.0000000001
44
0.0000000001
40
0
40
0
40
0
40
0
40
1
40
1
40
1
40
1
41
1
41
1
41
1
41
1
10
13.826903240377263
20
28.08177083333333
30
0
10
13.818941436305201
20
28.055041905244185
30
0
10
13.81006169427887
20
28.028574891885118
30
0
10
13.800444907043929
20
28.002395833333328
30
0
0
SPLINE
5
1425
100
AcDbEntity
8
0
100
AcDbSpline
70
4
71
3
72
8
73
4
74
0
42
0.000000001
43
0.0000000001
44
0.0000000001
40
0
40
0
40
0
40
0
40
1
40
1
40
1
40
1
41
1
41
1
41
1
41
1
10
13.800444907043929
20
28.002395833333328
30
0
10
13.791713659062541
20
27.99803018411
30
0
10
13.78298241108115
20
27.993664534886676
30
0
10
13.773986573710598
20
27.989166666666662
30
0
0
SPLINE
5
1426
100
AcDbEntity
8
0
100
AcDbSpline
70
4
71
3
72
8
73
4
74
0
42
0.000000001
43
0.0000000001
44
0.0000000001
40
0
40
0
40
0
40
0
40
1
40
1
40
1
40
1
41
1
41
1
41
1
41
1
10
13.773986573710598
20
27.989166666666662
30
0
10
13.773986573710598
20
28.02845730781555
30
0
10
13.773986573710598
20
28.067747948964431
30
0
10
13.773986573710598
20
28.108229166666661
30
0
0
SPLINE
5
1427
100
AcDbEntity
8
0
100
AcDbSpline
70
4
71
3
72
8
73
4
74
0
42
0.000000001
43
0.0000000001
44
0.0000000001
40
0
40
0
40
0
40
0
40
1
40
1
40
1
40
1
41
1
41
1
41
1
41
1
10
13.773986573710598
20
28.108229166666661
30
0
10
13.79333091943915
20
28.109452242851255
30
0
10
13.79333091943915
20
28.109452242851255
30
0
10
13.826903240377263
20
28.08177083333333
30
0
0
LINE
5
1428
100
AcDbEntity
8
0
100
AcDbLine
10
13.760757407043931
20
27.962708333333328
30
0
11
13.773986573710598
21
27.989166666666666
31
0
0
SPLINE
5
1429
100
AcDbEntity
8
0
100
AcDbSpline
70
4
71
3
72
8
73
4
74
0
42
0.000000001
43
0.0000000001
44
0.0000000001
40
0
40
0
40
0
40
0
40
1
40
1
40
1
40
1
41
1
41
1
41
1
41
1
10
9.6994032403772614
20
29.325312499999995
30
0
10
9.3899412470008485
20
29.325312499999995
30
0
10
9.1853977526173551
20
29.319619551201658
30
0
10
8.9621355808720526
20
29.104292399088539
30
0
0
SPLINE
5
1430
100
AcDbEntity
8
0
100
AcDbSpline
70
4
71
3
72
8
73
4
74
0
42
0.000000001
43
0.0000000001
44
0.0000000001
40
0
40
0
40
0
40
0
40
1
40
1
40
1
40
1
41
1
41
1
41
1
41
1
10
8.9621355808720526
20
29.104292399088539
30
0
10
8.9472737114574059
20
29.089277039567627
30
0
10
8.9472737114574059
20
29.089277039567627
30
0
10
8.9321115737105945
20
29.073958333333326
30
0
0
SPLINE
5
1431
100
AcDbEntity
8
0
100
AcDbSpline
70
4
71
3
72
8
73
4
74
0
42
0.000000001
43
0.0000000001
44
0.0000000001
40
0
40
0
40
0
40
0
40
1
40
1
40
1
40
1
41
1
41
1
41
1
41
1
10
8.9321115737105945
20
29.073958333333326
30
0
10
8.9228857661232901
20
29.065175913572308
30
0
10
8.9136600090012497
20
29.056393519043915
30
0
10
8.9041546238408031
20
29.047344970703119
30
0
0
SPLINE
5
1432
100
AcDbEntity
8
0
100
AcDbSpline
70
4
71
3
72
8
73
4
74
0
42
0.000000001
43
0.0000000001
44
0.0000000001
40
0
40
0
40
0
40
0
40
1
40
1
40
1
40
1
41
1
41
1
41
1
41
1
10
8.9041546238408031
20
29.047344970703119
30
0
10
8.7323620777274709
20
28.872216670513147
30
0
10
8.6769389022335943
20
28.64048627575238
30
0
10
8.6765651564742683
20
28.402813898722329
30
0
0
SPLINE
5
1433
100
AcDbEntity
8
0
100
AcDbSpline
70
4
71
3
72
8
73
4
74
0
42
0.000000001
43
0.0000000001
44
0.0000000001
40
0
40
0
40
0
40
0
40
1
40
1
40
1
40
1
41
1
41
1
41
1
41
1
10
8.6765651564742683
20
28.402813898722329
30
0
10
8.6801883607055288
20
28.144246630668633
30
0
10
8.779892586563582
20
27.931588321526842
30
0
10
8.9615671401168466
20
27.747682698567701
30
0
0
SPLINE
5
1434
100
AcDbEntity
8
0
100
AcDbSpline
70
4
71
3
72
8
73
4
74
0
42
0.000000001
43
0.0000000001
44
0.0000000001
40
0
40
0
40
0
40
0
40
1
40
1
40
1
40
1
41
1
41
1
41
1
41
1
10
8.9615671401168466
20
27.747682698567701
30
0
10
9.1829599774823141
20
27.541544804573054
30
0
10
9.3989421308979928
20
27.526145833333327
30
0
10
9.6994032403772614
20
27.526145833333327
30
0
0
SPLINE
5
1435
100
AcDbEntity
8
0
100
AcDbSpline
70
4
71
3
72
8
73
4
74
0
42
0.000000001
43
0.0000000001
44
0.0000000001
40
0
40
0
40
0
40
0
40
1
40
1
40
1
40
1
41
1
41
1
41
1
41
1
10
9.6994032403772614
20
27.526145833333327
30
0
10
9.6994032403772614
20
28.119870796998335
30
0
10
9.6994032403772614
20
28.713595811128609
30
0
10
9.6994032403772614
20
29.325312499999995
30
0
0
SPLINE
5
1436
100
AcDbEntity
8
0
100
AcDbSpline
70
4
71
3
72
8
73
4
74
0
42
0.000000001
43
0.0000000001
44
0.0000000001
40
0
40
0
40
0
40
0
40
1
40
1
40
1
40
1
41
1
41
1
41
1
41
1
10
9.4877365737105954
20
29.100416666666664
30
0
10
9.4877365737105954
20
28.655122918685272
30
0
10
9.4877365737105954
20
28.209829170703884
30
0
10
9.4877365737105954
20
27.751041666666659
30
0
0
SPLINE
5
1437
100
AcDbEntity
8
0
100
AcDbSpline
70
4
71
3
72
8
73
4
74
0
42
0.000000001
43
0.0000000001
44
0.0000000001
40
0
40
0
40
0
40
0
40
1
40
1
40
1
40
1
41
1
41
1
41
1
41
1
10
9.4877365737105954
20
27.751041666666659
30
0
10
9.3662717756574878
20
27.775104716618848
30
0
10
9.3662717756574878
20
27.775104716618848
30
0
10
9.2587066257939288
20
27.821321614583326
30
0
0
SPLINE
5
1438
100
AcDbEntity
8
0
100
AcDbSpline
70
4
71
3
72
8
73
4
74
0
42
0.000000001
43
0.0000000001
44
0.0000000001
40
0
40
0
40
0
40
0
40
1
40
1
40
1
40
1
41
1
41
1
41
1
41
1
10
9.2587066257939288
20
27.821321614583326
30
0
10
9.2434780757571815
20
27.828910278479256
30
0
10
9.2282495761856982
20
27.836498942375179
30
0
10
9.2125595717574704
20
27.844317626953121
30
0
0
SPLINE
5
1439
100
AcDbEntity
8
0
100
AcDbSpline
70
4
71
3
72
8
73
4
74
0
42
0.000000001
43
0.0000000001
44
0.0000000001
40
0
40
0
40
0
40
0
40
1
40
1
40
1
40
1
41
1
41
1
41
1
41
1
10
9.2125595717574704
20
27.844317626953121
30
0
10
9.0605775694991681
20
27.936917150815322
30
0
10
8.9613604848529445
20
28.111385264396663
30
0
10
8.9188824070439292
20
28.280208333333331
30
0
0
SPLINE
5
1440
100
AcDbEntity
8
0
100
AcDbSpline
70
4
71
3
72
8
73
4
74
0
42
0.000000001
43
0.0000000001
44
0.0000000001
40
0
40
0
40
0
40
0
40
1
40
1
40
1
40
1
41
1
41
1
41
1
41
1
10
8.9188824070439292
20
28.280208333333331
30
0
10
8.8845377656763347
20
28.507451003392532
30
0
10
8.9313592375264115
20
28.69797782063484
30
0
10
9.0639381524866369
20
28.885907796223954
30
0
0
SPLINE
5
1441
100
AcDbEntity
8
0
100
AcDbSpline
70
4
71
3
72
8
73
4
74
0
42
0.000000001
43
0.0000000001
44
0.0000000001
40
0
40
0
40
0
40
0
40
1
40
1
40
1
40
1
41
1
41
1
41
1
41
1
10
9.0639381524866369
20
28.885907796223954
30
0
10
9.1774767749454114
20
29.026086754997568
30
0
10
9.3137141945904034
20
29.068776231805479
30
0
10
9.4877365737105954
20
29.100416666666664
30
0
0
SPLINE
5
1442
100
AcDbEntity
8
0
100
AcDbSpline
70
4
71
3
72
8
73
4
74
0
42
0.000000001
43
0.0000000001
44
0.0000000001
40
0
40
0
40
0
40
0
40
1
40
1
40
1
40
1
41
1
41
1
41
1
41
1
10
16.882840740377262
20
29.325312499999995
30
0
10
16.826344320073282
20
29.326869040213829
30
0
10
16.76985352664645
20
29.327796094836664
30
0
10
16.713342042460596
20
29.328619791666664
30
0
0
SPLINE
5
1443
100
AcDbEntity
8
0
100
AcDbSpline
70
4
71
3
72
8
73
4
74
0
42
0.000000001
43
0.0000000001
44
0.0000000001
40
0
40
0
40
0
40
0
40
1
40
1
40
1
40
1
41
1
41
1
41
1
41
1
10
16.713342042460596
20
29.328619791666664
30
0
10
16.697525180970189
20
29.329063175550345
30
0
10
16.681708319479782
20
29.32950655943403
30
0
10
16.665412151510075
20
29.329963378906246
30
0
0
SPLINE
5
1444
100
AcDbEntity
8
0
100
AcDbSpline
70
4
71
3
72
8
73
4
74
0
42
0.000000001
43
0.0000000001
44
0.0000000001
40
0
40
0
40
0
40
0
40
1
40
1
40
1
40
1
41
1
41
1
41
1
41
1
10
16.665412151510075
20
29.329963378906246
30
0
10
16.52392906933482
20
29.331505429083474
30
0
10
16.402732014750001
20
29.307270479847986
30
0
10
16.297915203267888
20
29.206973470052077
30
0
0
SPLINE
5
1445
100
AcDbEntity
8
0
100
AcDbSpline
70
4
71
3
72
8
73
4
74
0
42
0.000000001
43
0.0000000001
44
0.0000000001
40
0
40
0
40
0
40
0
40
1
40
1
40
1
40
1
41
1
41
1
41
1
41
1
10
16.297915203267888
20
29.206973470052077
30
0
10
16.1934457946763
20
29.086730789343513
30
0
10
16.162051756475922
20
28.96391463239987
30
0
10
16.164228272929346
20
28.806739501953121
30
0
0
SPLINE
5
1446
100
AcDbEntity
8
0
100
AcDbSpline
70
4
71
3
72
8
73
4
74
0
42
0.000000001
43
0.0000000001
44
0.0000000001
40
0
40
0
40
0
40
0
40
1
40
1
40
1
40
1
41
1
41
1
41
1
41
1
10
16.164228272929346
20
28.806739501953121
30
0
10
16.173017505501267
20
28.7024477815628
30
0
10
16.211675059889313
20
28.614387810230252
30
0
10
16.274299073710598
20
28.531562499999996
30
0
0
SPLINE
5
1447
100
AcDbEntity
8
0
100
AcDbSpline
70
4
71
3
72
8
73
4
74
0
42
0.000000001
43
0.0000000001
44
0.0000000001
40
0
40
0
40
0
40
0
40
1
40
1
40
1
40
1
41
1
41
1
41
1
41
1
10
16.274299073710598
20
28.531562499999996
30
0
10
16.281938909386152
20
28.521194158792493
30
0
10
16.289578745061711
20
28.510825767119723
30
0
10
16.297450115377263
20
28.50014322916666
30
0
0
SPLINE
5
1448
100
AcDbEntity
8
0
100
AcDbSpline
70
4
71
3
72
8
73
4
74
0
42
0.000000001
43
0.0000000001
44
0.0000000001
40
0
40
0
40
0
40
0
40
1
40
1
40
1
40
1
41
1
41
1
41
1
41
1
10
16.297450115377263
20
28.50014322916666
30
0
10
16.302907126441156
20
28.493049074411388
30
0
10
16.308364187970316
20
28.48595497012138
30
0
10
16.313986573710597
20
28.478645833333328
30
0
0
SPLINE
5
1449
100
AcDbEntity
8
0
100
AcDbSpline
70
4
71
3
72
8
73
4
74
0
42
0.000000001
43
0.0000000001
44
0.0000000001
40
0
40
0
40
0
40
0
40
1
40
1
40
1
40
1
41
1
41
1
41
1
41
1
10
16.313986573710597
20
28.478645833333328
30
0
10
16.302347769433815
20
28.474169362386061
30
0
10
16.302347769433815
20
28.474169362386061
30
0
10
16.290473797017889
20
28.469602457682285
30
0
0
SPLINE
5
1450
100
AcDbEntity
8
0
100
AcDbSpline
70
4
71
3
72
8
73
4
74
0
42
0.000000001
43
0.0000000001
44
0.0000000001
40
0
40
0
40
0
40
0
40
1
40
1
40
1
40
1
41
1
41
1
41
1
41
1
10
16.290473797017889
20
28.469602457682285
30
0
10
16.21391445606406
20
28.424258911609645
30
0
10
16.158861190969304
20
28.308616947333011
30
0
10
16.134566000793932
20
28.22419108072916
30
0
0
SPLINE
5
1451
100
AcDbEntity
8
0
100
AcDbSpline
70
4
71
3
72
8
73
4
74
0
42
0.000000001
43
0.0000000001
44
0.0000000001
40
0
40
0
40
0
40
0
40
1
40
1
40
1
40
1
41
1
41
1
41
1
41
1
10
16.134566000793932
20
28.22419108072916
30
0
10
16.105372702374613
20
28.039647879600519
30
0
10
16.124793856237886
20
27.870162100791926
30
0
10
16.230477459127265
20
27.713007812499995
30
0
0
SPLINE
5
1452
100
AcDbEntity
8
0
100
AcDbSpline
70
4
71
3
72
8
73
4
74
0
42
0.000000001
43
0.0000000001
44
0.0000000001
40
0
40
0
40
0
40
0
40
1
40
1
40
1
40
1
41
1
41
1
41
1
41
1
10
16.230477459127265
20
27.713007812499995
30
0
10
16.303055797114528
20
27.619558251698809
30
0
10
16.396154826178705
20
27.553968545595801
30
0
10
16.512424073710598
20
27.526145833333327
30
0
0
SPLINE
5
1453
100
AcDbEntity
8
0
100
AcDbSpline
70
4
71
3
72
8
73
4
74
0
42
0.000000001
43
0.0000000001
44
0.0000000001
40
0
40
0
40
0
40
0
40
1
40
1
40
1
40
1
41
1
41
1
41
1
41
1
10
16.512424073710598
20
27.526145833333327
30
0
10
16.573985263799187
20
27.521195796330765
30
0
10
16.635088632995444
20
27.521791892051692
30
0
10
16.696805584127262
20
27.522838541666662
30
0
0
SPLINE
5
1454
100
AcDbEntity
8
0
100
AcDbSpline
70
4
71
3
72
8
73
4
74
0
42
0.000000001
43
0.0000000001
44
0.0000000001
40
0
40
0
40
0
40
0
40
1
40
1
40
1
40
1
41
1
41
1
41
1
41
1
10
16.696805584127262
20
27.522838541666662
30
0
10
16.721477333500541
20
27.522940885225928
30
0
10
16.721477333500541
20
27.522940885225928
30
0
10
16.746647503072577
20
27.523045247395828
30
0
0
SPLINE
5
1455
100
AcDbEntity
8
0
100
AcDbSpline
70
4
71
3
72
8
73
4
74
0
42
0.000000001
43
0.0000000001
44
0.0000000001
40
0
40
0
40
0
40
0
40
1
40
1
40
1
40
1
41
1
41
1
41
1
41
1
10
16.746647503072577
20
27.523045247395828
30
0
10
16.86756880125111
20
27.524102999369298
30
0
10
16.86756880125111
20
27.524102999369298
30
0
10
16.882840740377262
20
27.539374999999996
30
0
0
SPLINE
5
1456
100
AcDbEntity
8
0
100
AcDbSpline
70
4
71
3
72
8
73
4
74
0
42
0.000000001
43
0.0000000001
44
0.0000000001
40
0
40
0
40
0
40
0
40
1
40
1
40
1
40
1
41
1
41
1
41
1
41
1
10
16.882840740377262
20
27.539374999999996
30
0
10
16.884114655783268
20
27.562476585706072
30
0
10
16.884453050229567
20
27.585630251566563
30
0
10
16.884431607419806
20
27.608766961097714
30
0
0
SPLINE
5
1457
100
AcDbEntity
8
0
100
AcDbSpline
70
4
71
3
72
8
73
4
74
0
42
0.000000001
43
0.0000000001
44
0.0000000001
40
0
40
0
40
0
40
0
40
1
40
1
40
1
40
1
41
1
41
1
41
1
41
1
10
16.884431607419806
20
27.608766961097714
30
0
10
16.884449793051488
20
27.623812271753941
30
0
10
16.884467978781736
20
27.638857683340703
30
0
10
16.884486715588743
20
27.654358897209161
30
0
0
SPLINE
5
1458
100
AcDbEntity
8
0
100
AcDbSpline
70
4
71
3
72
8
73
4
74
0
42
0.000000001
43
0.0000000001
44
0.0000000001
40
0
40
0
40
0
40
0
40
1
40
1
40
1
40
1
41
1
41
1
41
1
41
1
10
16.884486715588743
20
27.654358897209161
30
0
10
16.884439152962706
20
27.671011122862495
30
0
10
16.884391590435236
20
27.687663449446354
30
0
10
16.884342586690739
20
27.704820327758782
30
0
0
SPLINE
5
1459
100
AcDbEntity
8
0
100
AcDbSpline
70
4
71
3
72
8
73
4
74
0
42
0.000000001
43
0.0000000001
44
0.0000000001
40
0
40
0
40
0
40
0
40
1
40
1
40
1
40
1
41
1
41
1
41
1
41
1
10
16.884342586690739
20
27.704820327758782
30
0
10
16.884344518564202
20
27.722241543134047
30
0
10
16.884346450240532
20
27.739662758509311
30
0
10
16.884348440760149
20
27.757611840565993
30
0
0
SPLINE
5
1460
100
AcDbEntity
8
0
100
AcDbSpline
70
4
71
3
72
8
73
4
74
0
42
0.000000001
43
0.0000000001
44
0.0000000001
40
0
40
0
40
0
40
0
40
1
40
1
40
1
40
1
41
1
41
1
41
1
41
1
10
16.884348440760149
20
27.757611840565993
30
0
10
16.884352250296338
20
27.805524472395575
30
0
10
16.884274242823036
20
27.853436599572493
30
0
10
16.88418209768291
20
27.901349130471544
30
0
0
SPLINE
5
1461
100
AcDbEntity
8
0
100
AcDbSpline
70
4
71
3
72
8
73
4
74
0
42
0.000000001
43
0.0000000001
44
0.0000000001
40
0
40
0
40
0
40
0
40
1
40
1
40
1
40
1
41
1
41
1
41
1
41
1
10
16.88418209768291
20
27.901349130471544
30
0
10
16.884099631820209
20
27.951368586222326
30
0
10
16.88409164529762
20
28.001388041973108
30
0
10
16.884075928225673
20
28.051407497723893
30
0
0
SPLINE
5
1462
100
AcDbEntity
8
0
100
AcDbSpline
70
4
71
3
72
8
73
4
74
0
42
0.000000001
43
0.0000000001
44
0.0000000001
40
0
40
0
40
0
40
0
40
1
40
1
40
1
40
1
41
1
41
1
41
1
41
1
10
16.884075928225673
20
28.051407497723893
30
0
10
16.884034741964836
20
28.146189543406166
30
0
10
16.88392608620617
20
28.240971286296841
30
0
10
16.883793492268332
20
28.335753231048582
30
0
0
SPLINE
5
1463
100
AcDbEntity
8
0
100
AcDbSpline
70
4
71
3
72
8
73
4
74
0
42
0.000000001
43
0.0000000001
44
0.0000000001
40
0
40
0
40
0
40
0
40
1
40
1
40
1
40
1
41
1
41
1
41
1
41
1
10
16.883793492268332
20
28.335753231048582
30
0
10
16.88364583863763
20
28.443632325331368
30
0
10
16.883572940772503
20
28.551511470079415
30
0
10
16.883506479791468
20
28.659390665292737
30
0
0
SPLINE
5
1464
100
AcDbEntity
8
0
100
AcDbSpline
70
4
71
3
72
8
73
4
74
0
42
0.000000001
43
0.0000000001
44
0.0000000001
40
0
40
0
40
0
40
0
40
1
40
1
40
1
40
1
41
1
41
1
41
1
41
1
10
16.883506479791468
20
28.659390665292737
30
0
10
16.883368045435468
20
28.881364761590955
30
0
10
16.88313522016108
20
29.10333860556284
30
0
10
16.882840740377262
20
29.325312499999995
30
0
0
SPLINE
5
1465
100
AcDbEntity
8
0
100
AcDbSpline
70
4
71
3
72
8
73
4
74
0
42
0.000000001
43
0.0000000001
44
0.0000000001
40
0
40
0
40
0
40
0
40
1
40
1
40
1
40
1
41
1
41
1
41
1
41
1
10
16.777007407043929
20
29.100416666666664
30
0
10
16.777007407043929
20
28.934522904554999
30
0
10
16.777007407043929
20
28.768629142443338
30
0
10
16.777007407043929
20
28.597708333333326
30
0
0
SPLINE
5
1466
100
AcDbEntity
8
0
100
AcDbSpline
70
4
71
3
72
8
73
4
74
0
42
0.000000001
43
0.0000000001
44
0.0000000001
40
0
40
0
40
0
40
0
40
1
40
1
40
1
40
1
41
1
41
1
41
1
41
1
10
16.777007407043929
20
28.597708333333326
30
0
10
16.608519604101339
20
28.585529954433436
30
0
10
16.608519604101339
20
28.585529954433436
30
0
10
16.476560629700181
20
28.65972005208333
30
0
0
SPLINE
5
1467
100
AcDbEntity
8
0
100
AcDbSpline
70
4
71
3
72
8
73
4
74
0
42
0.000000001
43
0.0000000001
44
0.0000000001
40
0
40
0
40
0
40
0
40
1
40
1
40
1
40
1
41
1
41
1
41
1
41
1
10
16.476560629700181
20
28.65972005208333
30
0
10
16.418080873980678
20
28.725612751642856
30
0
10
16.404129852150437
20
28.762544494867321
30
0
10
16.402456625793928
20
28.852369791666664
30
0
0
SPLINE
5
1468
100
AcDbEntity
8
0
100
AcDbSpline
70
4
71
3
72
8
73
4
74
0
42
0.000000001
43
0.0000000001
44
0.0000000001
40
0
40
0
40
0
40
0
40
1
40
1
40
1
40
1
41
1
41
1
41
1
41
1
10
16.402456625793928
20
28.852369791666664
30
0
10
16.401962066188013
20
28.869627650976177
30
0
10
16.401467557047361
20
28.886885510285691
30
0
10
16.400958009257472
20
28.90466634114583
30
0
0
SPLINE
5
1469
100
AcDbEntity
8
0
100
AcDbSpline
70
4
71
3
72
8
73
4
74
0
42
0.000000001
43
0.0000000001
44
0.0000000001
40
0
40
0
40
0
40
0
40
1
40
1
40
1
40
1
41
1
41
1
41
1
41
1
10
16.400958009257472
20
28.90466634114583
30
0
10
16.409109310403025
20
28.977355223298069
30
0
10
16.440066773588018
20
29.016726835966104
30
0
10
16.493407146627263
20
29.064863281249998
30
0
0
SPLINE
5
1470
100
AcDbEntity
8
0
100
AcDbSpline
70
4
71
3
72
8
73
4
74
0
42
0.000000001
43
0.0000000001
44
0.0000000001
40
0
40
0
40
0
40
0
40
1
40
1
40
1
40
1
41
1
41
1
41
1
41
1
10
16.493407146627263
20
29.064863281249998
30
0
10
16.585900062615231
20
29.128896840413407
30
0
10
16.642625797087508
20
29.100416666666664
30
0
10
16.777007407043929
20
29.100416666666664
30
0
0
SPLINE
5
1471
100
AcDbEntity
8
0
100
AcDbSpline
70
4
71
3
72
8
73
4
74
0
42
0.000000001
43
0.0000000001
44
0.0000000001
40
0
40
0
40
0
40
0
40
1
40
1
40
1
40
1
41
1
41
1
41
1
41
1
10
16.777007407043929
20
28.372812499999995
30
0
10
16.777007407043929
20
28.167628096739445
30
0
10
16.777007407043929
20
27.962443794409428
30
0
10
16.777007407043929
20
27.751041666666659
30
0
0
SPLINE
5
1472
100
AcDbEntity
8
0
100
AcDbSpline
70
4
71
3
72
8
73
4
74
0
42
0.000000001
43
0.0000000001
44
0.0000000001
40
0
40
0
40
0
40
0
40
1
40
1
40
1
40
1
41
1
41
1
41
1
41
1
10
16.777007407043929
20
27.751041666666659
30
0
10
16.59707216411288
20
27.739017610549922
30
0
10
16.59707216411288
20
27.739017610549922
30
0
10
16.45950740704393
20
27.80395833333333
30
0
0
SPLINE
5
1473
100
AcDbEntity
8
0
100
AcDbSpline
70
4
71
3
72
8
73
4
74
0
42
0.000000001
43
0.0000000001
44
0.0000000001
40
0
40
0
40
0
40
0
40
1
40
1
40
1
40
1
41
1
41
1
41
1
41
1
10
16.45950740704393
20
27.80395833333333
30
0
10
16.383201250329172
20
27.88026443958282
30
0
10
16.364096665078954
20
27.954408411979671
30
0
10
16.360288657043931
20
28.059446614583329
30
0
0
SPLINE
5
1474
100
AcDbEntity
8
0
100
AcDbSpline
70
4
71
3
72
8
73
4
74
0
42
0.000000001
43
0.0000000001
44
0.0000000001
40
0
40
0
40
0
40
0
40
1
40
1
40
1
40
1
41
1
41
1
41
1
41
1
10
16.360288657043931
20
28.059446614583329
30
0
10
16.362569485201991
20
28.169142458438866
30
0
10
16.387791066263674
20
28.249283319314316
30
0
10
16.466948813293932
20
28.326510416666665
30
0
0
SPLINE
5
1475
100
AcDbEntity
8
0
100
AcDbSpline
70
4
71
3
72
8
73
4
74
0
42
0.000000001
43
0.0000000001
44
0.0000000001
40
0
40
0
40
0
40
0
40
1
40
1
40
1
40
1
41
1
41
1
41
1
41
1
10
16.466948813293932
20
28.326510416666665
30
0
10
16.583683098251178
20
28.39834691524505
30
0
10
16.59407298812723
20
28.372812499999995
30
0
10
16.777007407043929
20
28.372812499999995
30
0
0
SPLINE
5
1476
100
AcDbEntity
8
0
100
AcDbSpline
70
4
71
3
72
8
73
4
74
0
42
0.000000001
43
0.0000000001
44
0.0000000001
40
0
40
0
40
0
40
0
40
1
40
1
40
1
40
1
41
1
41
1
41
1
41
1
10
20.216590740377264
20
29.325312499999995
30
0
10
19.738208936149434
20
29.325312499999995
30
0
10
19.738208936149434
20
29.325312499999995
30
0
10
19.538595948710597
20
29.133489583333329
30
0
0
SPLINE
5
1477
100
AcDbEntity
8
0
100
AcDbSpline
70
4
71
3
72
8
73
4
74
0
42
0.000000001
43
0.0000000001
44
0.0000000001
40
0
40
0
40
0
40
0
40
1
40
1
40
1
40
1
41
1
41
1
41
1
41
1
10
19.538595948710597
20
29.133489583333329
30
0
10
19.406874842340308
20
29.000296026666955
30
0
10
19.344572039936537
20
28.83811083078384
30
0
10
19.339331625793928
20
28.652278645833327
30
0
0
SPLINE
5
1478
100
AcDbEntity
8
0
100
AcDbSpline
70
4
71
3
72
8
73
4
74
0
42
0.000000001
43
0.0000000001
44
0.0000000001
40
0
40
0
40
0
40
0
40
1
40
1
40
1
40
1
41
1
41
1
41
1
41
1
10
19.339331625793928
20
28.652278645833327
30
0
10
19.342963308189866
20
28.453179748058311
30
0
10
19.4224361098752
20
28.283461526234941
30
0
10
19.559628256653305
20
28.140268554687495
30
0
0
SPLINE
5
1479
100
AcDbEntity
8
0
100
AcDbSpline
70
4
71
3
72
8
73
4
74
0
42
0.000000001
43
0.0000000001
44
0.0000000001
40
0
40
0
40
0
40
0
40
1
40
1
40
1
40
1
41
1
41
1
41
1
41
1
10
19.559628256653305
20
28.140268554687495
30
0
10
19.630154121810751
20
28.07605998198191
30
0
10
19.69942415882603
20
28.033000493844344
30
0
10
19.793257407043932
20
28.015624999999993
30
0
0
SPLINE
5
1480
100
AcDbEntity
8
0
100
AcDbSpline
70
4
71
3
72
8
73
4
74
0
42
0.000000001
43
0.0000000001
44
0.0000000001
40
0
40
0
40
0
40
0
40
1
40
1
40
1
40
1
41
1
41
1
41
1
41
1
10
19.793257407043932
20
28.015624999999993
30
0
10
19.709457612528954
20
27.91468649466832
30
0
10
19.615875429008959
20
27.823518973191575
30
0
10
19.522886313293931
20
27.731197916666662
30
0
0
SPLINE
5
1481
100
AcDbEntity
8
0
100
AcDbSpline
70
4
71
3
72
8
73
4
74
0
42
0.000000001
43
0.0000000001
44
0.0000000001
40
0
40
0
40
0
40
0
40
1
40
1
40
1
40
1
41
1
41
1
41
1
41
1
10
19.522886313293931
20
27.731197916666662
30
0
10
19.506734349821564
20
27.715112415949498
30
0
10
19.490585414265151
20
27.699023887316379
30
0
10
19.474439658020493
20
27.682932128906245
30
0
0
SPLINE
5
1482
100
AcDbEntity
8
0
100
AcDbSpline
70
4
71
3
72
8
73
4
74
0
42
0.000000001
43
0.0000000001
44
0.0000000001
40
0
40
0
40
0
40
0
40
1
40
1
40
1
40
1
41
1
41
1
41
1
41
1
10
19.474439658020493
20
27.682932128906245
30
0
10
19.435226682915843
20
27.643863635857894
30
0
10
19.395972427223679
20
27.604836928049718
30
0
10
19.356694907043931
20
27.56583333333333
30
0
0
SPLINE
5
1483
100
AcDbEntity
8
0
100
AcDbSpline
70
4
71
3
72
8
73
4
74
0
42
0.000000001
43
0.0000000001
44
0.0000000001
40
0
40
0
40
0
40
0
40
1
40
1
40
1
40
1
41
1
41
1
41
1
41
1
10
19.356694907043931
20
27.56583333333333
30
0
10
19.361060556267258
20
27.552736385663348
30
0
10
19.365426205490586
20
27.539639639854428
30
0
10
19.369924073710596
20
27.526145833333327
30
0
0
SPLINE
5
1484
100
AcDbEntity
8
0
100
AcDbSpline
70
4
71
3
72
8
73
4
74
0
42
0.000000001
43
0.0000000001
44
0.0000000001
40
0
40
0
40
0
40
0
40
1
40
1
40
1
40
1
41
1
41
1
41
1
41
1
10
19.369924073710596
20
27.526145833333327
30
0
10
19.489920887643652
20
27.508761760393771
30
0
10
19.621428778265471
20
27.490123322804763
30
0
10
19.724243531718407
20
27.565620168050128
30
0
0
SPLINE
5
1485
100
AcDbEntity
8
0
100
AcDbSpline
70
4
71
3
72
8
73
4
74
0
42
0.000000001
43
0.0000000001
44
0.0000000001
40
0
40
0
40
0
40
0
40
1
40
1
40
1
40
1
41
1
41
1
41
1
41
1
10
19.724243531718407
20
27.565620168050128
30
0
10
19.7843956558849
20
27.617972633043919
30
0
10
19.836773933862204
20
27.677041823069249
30
0
10
19.889168865377265
20
27.736985677083329
30
0
0
SPLINE
5
1486
100
AcDbEntity
8
0
100
AcDbSpline
70
4
71
3
72
8
73
4
74
0
42
0.000000001
43
0.0000000001
44
0.0000000001
40
0
40
0
40
0
40
0
40
1
40
1
40
1
40
1
41
1
41
1
41
1
41
1
10
19.889168865377265
20
27.736985677083329
30
0
10
19.907941389177797
20
27.757335492769872
30
0
10
19.92678582598225
20
27.777619198958075
30
0
10
19.945702882304346
20
27.797834676106767
30
0
0
SPLINE
5
1487
100
AcDbEntity
8
0
100
AcDbSpline
70
4
71
3
72
8
73
4
74
0
42
0.000000001
43
0.0000000001
44
0.0000000001
40
0
40
0
40
0
40
0
40
1
40
1
40
1
40
1
41
1
41
1
41
1
41
1
10
19.945702882304346
20
27.797834676106767
30
0
10
19.986828894709106
20
27.841905387242633
30
0
10
20.027210872465922
20
27.886540098190302
30
0
10
20.067004425222233
20
27.931816929181412
30
0
0
SPLINE
5
1488
100
AcDbEntity
8
0
100
AcDbSpline
70
4
71
3
72
8
73
4
74
0
42
0.000000001
43
0.0000000001
44
0.0000000001
40
0
40
0
40
0
40
0
40
1
40
1
40
1
40
1
41
1
41
1
41
1
41
1
10
20.067004425222233
20
27.931816929181412
30
0
10
20.08406343876775
20
27.951159357229862
30
0
10
20.08406343876775
20
27.951159357229862
30
0
10
20.110757407043927
20
27.962708333333328
30
0
0
SPLINE
5
1489
100
AcDbEntity
8
0
100
AcDbSpline
70
4
71
3
72
8
73
4
74
0
42
0.000000001
43
0.0000000001
44
0.0000000001
40
0
40
0
40
0
40
0
40
1
40
1
40
1
40
1
41
1
41
1
41
1
41
1
10
20.110757407043927
20
27.962708333333328
30
0
10
20.11068813085015
20
27.950423573652898
30
0
10
20.110618854656373
20
27.938138914903
30
0
10
20.110547471537746
20
27.925481923421216
30
0
0
SPLINE
5
1490
100
AcDbEntity
8
0
100
AcDbSpline
70
4
71
3
72
8
73
4
74
0
42
0.000000001
43
0.0000000001
44
0.0000000001
40
0
40
0
40
0
40
0
40
1
40
1
40
1
40
1
41
1
41
1
41
1
41
1
10
20.110547471537746
20
27.925481923421216
30
0
10
20.11032221982336
20
27.879970025221503
30
0
10
20.110156239563782
20
27.834458631674444
30
0
10
20.110030707214829
20
27.788946329752598
30
0
0
SPLINE
5
1491
100
AcDbEntity
8
0
100
AcDbSpline
70
4
71
3
72
8
73
4
74
0
42
0.000000001
43
0.0000000001
44
0.0000000001
40
0
40
0
40
0
40
0
40
1
40
1
40
1
40
1
41
1
41
1
41
1
41
1
10
20.110030707214829
20
27.788946329752598
30
0
10
20.10996411829646
20
27.769236009915662
30
0
10
20.109873798086795
20
27.74952569007873
30
0
10
20.109759405945297
20
27.729815572102861
30
0
0
SPLINE
5
1492
100
AcDbEntity
8
0
100
AcDbSpline
70
4
71
3
72
8
73
4
74
0
42
0.000000001
43
0.0000000001
44
0.0000000001
40
0
40
0
40
0
40
0
40
1
40
1
40
1
40
1
41
1
41
1
41
1
41
1
10
20.109759405945297
20
27.729815572102861
30
0
10
20.109599216574985
20
27.701509604454039
30
0
10
20.10952394763088
20
27.673204545179999
30
0
10
20.109465496236641
20
27.644898274739582
30
0
0
SPLINE
5
1493
100
AcDbEntity
8
0
100
AcDbSpline
70
4
71
3
72
8
73
4
74
0
42
0.000000001
43
0.0000000001
44
0.0000000001
40
0
40
0
40
0
40
0
40
1
40
1
40
1
40
1
41
1
41
1
41
1
41
1
10
20.109465496236641
20
27.644898274739582
30
0
10
20.109396220042861
20
27.6278557507197
30
0
10
20.109326943849084
20
27.610813226699825
30
0
10
20.109255560730453
20
27.593254140218093
30
0
0
SPLINE
5
1494
100
AcDbEntity
8
0
100
AcDbSpline
70
4
71
3
72
8
73
4
74
0
42
0.000000001
43
0.0000000001
44
0.0000000001
40
0
40
0
40
0
40
0
40
1
40
1
40
1
40
1
41
1
41
1
41
1
41
1
10
20.109255560730453
20
27.593254140218093
30
0
10
20.110757407043927
20
27.552604166666661
30
0
10
20.110757407043927
20
27.552604166666661
30
0
10
20.123986573710599
20
27.526145833333327
30
0
0
SPLINE
5
1495
100
AcDbEntity
8
0
100
AcDbSpline
70
4
71
3
72
8
73
4
74
0
42
0.000000001
43
0.0000000001
44
0.0000000001
40
0
40
0
40
0
40
0
40
1
40
1
40
1
40
1
41
1
41
1
41
1
41
1
10
20.123986573710599
20
27.526145833333327
30
0
10
20.154545947953618
20
27.526145833333327
30
0
10
20.185105322196641
20
27.526145833333327
30
0
10
20.216590740377264
20
27.526145833333327
30
0
0
SPLINE
5
1496
100
AcDbEntity
8
0
100
AcDbSpline
70
4
71
3
72
8
73
4
74
0
42
0.000000001
43
0.0000000001
44
0.0000000001
40
0
40
0
40
0
40
0
40
1
40
1
40
1
40
1
41
1
41
1
41
1
41
1
10
20.216590740377264
20
27.526145833333327
30
0
10
20.216590740377264
20
28.119870796998335
30
0
10
20.216590740377264
20
28.713595811128609
30
0
10
20.216590740377264
20
29.325312499999995
30
0
0
SPLINE
5
1497
100
AcDbEntity
8
0
100
AcDbSpline
70
4
71
3
72
8
73
4
74
0
42
0.000000001
43
0.0000000001
44
0.0000000001
40
0
40
0
40
0
40
0
40
1
40
1
40
1
40
1
41
1
41
1
41
1
41
1
10
20.110757407043927
20
29.100416666666664
30
0
10
20.110757407043927
20
28.799188535610831
30
0
10
20.110757407043927
20
28.497960404554998
30
0
10
20.110757407043927
20
28.187604166666663
30
0
0
SPLINE
5
1498
100
AcDbEntity
8
0
100
AcDbSpline
70
4
71
3
72
8
73
4
74
0
42
0.000000001
43
0.0000000001
44
0.0000000001
40
0
40
0
40
0
40
0
40
1
40
1
40
1
40
1
41
1
41
1
41
1
41
1
10
20.110757407043927
20
28.187604166666663
30
0
10
19.9408451210405
20
28.187604166666663
30
0
10
19.826326210791425
20
28.213726502259568
30
0
10
19.700963298971015
20
28.331161295572912
30
0
0
SPLINE
5
1499
100
AcDbEntity
8
0
100
AcDbSpline
70
4
71
3
72
8
73
4
74
0
42
0.000000001
43
0.0000000001
44
0.0000000001
40
0
40
0
40
0
40
0
40
1
40
1
40
1
40
1
41
1
41
1
41
1
41
1
10
19.700963298971015
20
28.331161295572912
30
0
10
19.611280364686802
20
28.426950325171148
30
0
10
19.563419611150579
20
28.53933364629745
30
0
10
19.565571046366848
20
28.670572102864579
30
0
0
SPLINE
5
1500
100
AcDbEntity
8
0
100
AcDbSpline
70
4
71
3
72
8
73
4
74
0
42
0.000000001
43
0.0000000001
44
0.0000000001
40
0
40
0
40
0
40
0
40
1
40
1
40
1
40
1
41
1
41
1
41
1
41
1
10
19.565571046366848
20
28.670572102864579
30
0
10
19.576507273211632
20
28.799781502485267
30
0
10
19.636604238842484
20
28.911102731625235
30
0
10
19.731245688293932
20
28.998717447916661
30
0
0
SPLINE
5
1501
100
AcDbEntity
8
0
100
AcDbSpline
70
4
71
3
72
8
73
4
74
0
42
0.000000001
43
0.0000000001
44
0.0000000001
40
0
40
0
40
0
40
0
40
1
40
1
40
1
40
1
41
1
41
1
41
1
41
1
10
19.731245688293932
20
28.998717447916661
30
0
10
19.847732466354525
20
29.091700230240818
30
0
10
19.962681214505984
20
29.100416666666664
30
0
10
20.110757407043927
20
29.100416666666664
30
0
0
SPLINE
5
1502
100
AcDbEntity
8
0
100
AcDbSpline
70
4
71
3
72
8
73
4
74
0
42
0.000000001
43
0.0000000001
44
0.0000000001
40
0
40
0
40
0
40
0
40
1
40
1
40
1
40
1
41
1
41
1
41
1
41
1
10
19.237632407043929
20
29.325312499999995
30
0
10
19.124126158053237
20
29.325312499999995
30
0
10
19.010619909062541
20
29.325312499999995
30
0
10
18.893674073710596
20
29.325312499999995
30
0
0
SPLINE
5
1503
100
AcDbEntity
8
0
100
AcDbSpline
70
4
71
3
72
8
73
4
74
0
42
0.000000001
43
0.0000000001
44
0.0000000001
40
0
40
0
40
0
40
0
40
1
40
1
40
1
40
1
41
1
41
1
41
1
41
1
10
18.893674073710596
20
29.325312499999995
30
0
10
18.893375798756438
20
29.092683646877603
30
0
10
18.89313195059156
20
28.860054945151006
30
0
10
18.892988654469008
20
28.627425915400181
30
0
0
SPLINE
5
1504
100
AcDbEntity
8
0
100
AcDbSpline
70
4
71
3
72
8
73
4
74
0
42
0.000000001
43
0.0000000001
44
0.0000000001
40
0
40
0
40
0
40
0
40
1
40
1
40
1
40
1
41
1
41
1
41
1
41
1
10
18.892988654469008
20
28.627425915400181
30
0
10
18.8929203497316
20
28.519419800043103
30
0
10
18.892827165618097
20
28.411413886547084
30
0
10
18.892676072611966
20
28.303407821655266
30
0
0
SPLINE
5
1505
100
AcDbEntity
8
0
100
AcDbSpline
70
4
71
3
72
8
73
4
74
0
42
0.000000001
43
0.0000000001
44
0.0000000001
40
0
40
0
40
0
40
0
40
1
40
1
40
1
40
1
41
1
41
1
41
1
41
1
10
18.892676072611966
20
28.303407821655266
30
0
10
18.892544484431106
20
28.209303827285762
30
0
10
18.892458920572754
20
28.115199832916254
30
0
10
18.892429373159562
20
28.021095737616214
30
0
0
SPLINE
5
1506
100
AcDbEntity
8
0
100
AcDbSpline
70
4
71
3
72
8
73
4
74
0
42
0.000000001
43
0.0000000001
44
0.0000000001
40
0
40
0
40
0
40
0
40
1
40
1
40
1
40
1
41
1
41
1
41
1
41
1
10
18.892429373159562
20
28.021095737616214
30
0
10
18.892412063573357
20
27.971237770716346
30
0
10
18.892371237173236
20
27.921380005677534
30
0
10
18.892275353168007
20
27.871522038777666
30
0
0
SPLINE
5
1507
100
AcDbEntity
8
0
100
AcDbSpline
70
4
71
3
72
8
73
4
74
0
42
0.000000001
43
0.0000000001
44
0.0000000001
40
0
40
0
40
0
40
0
40
1
40
1
40
1
40
1
41
1
41
1
41
1
41
1
10
18.892275353168007
20
27.871522038777666
30
0
10
18.892169350876962
20
27.81595473448435
30
0
10
18.89216607063468
20
27.76038783391316
30
0
10
18.892172227397118
20
27.704820327758782
30
0
0
SPLINE
5
1508
100
AcDbEntity
8
0
100
AcDbSpline
70
4
71
3
72
8
73
4
74
0
42
0.000000001
43
0.0000000001
44
0.0000000001
40
0
40
0
40
0
40
0
40
1
40
1
40
1
40
1
41
1
41
1
41
1
41
1
10
18.892172227397118
20
27.704820327758782
30
0
10
18.892124663884001
20
27.688168102105454
30
0
10
18.89207710037088
20
27.671515775521591
30
0
10
18.892028098597681
20
27.654358897209161
30
0
0
SPLINE
5
1509
100
AcDbEntity
8
0
100
AcDbSpline
70
4
71
3
72
8
73
4
74
0
42
0.000000001
43
0.0000000001
44
0.0000000001
40
0
40
0
40
0
40
0
40
1
40
1
40
1
40
1
41
1
41
1
41
1
41
1
10
18.892028098597681
20
27.654358897209161
30
0
10
18.892046291326039
20
27.639313586552934
30
0
10
18.892064458821771
20
27.624268275896704
30
0
10
18.892083206668055
20
27.608766961097714
30
0
0
SPLINE
5
1510
100
AcDbEntity
8
0
100
AcDbSpline
70
4
71
3
72
8
73
4
74
0
42
0.000000001
43
0.0000000001
44
0.0000000001
40
0
40
0
40
0
40
0
40
1
40
1
40
1
40
1
41
1
41
1
41
1
41
1
10
18.892083206668055
20
27.608766961097714
30
0
10
18.892071019306339
20
27.595609051386511
30
0
10
18.892058806711987
20
27.58245114167531
30
0
10
18.892046240860775
20
27.568894556363418
30
0
0
SPLINE
5
1511
100
AcDbEntity
8
0
100
AcDbSpline
70
4
71
3
72
8
73
4
74
0
42
0.000000001
43
0.0000000001
44
0.0000000001
40
0
40
0
40
0
40
0
40
1
40
1
40
1
40
1
41
1
41
1
41
1
41
1
10
18.892046240860775
20
27.568894556363418
30
0
10
18.893674073710596
20
27.539374999999996
30
0
10
18.893674073710596
20
27.539374999999996
30
0
10
18.906903240377265
20
27.526145833333327
30
0
0
SPLINE
5
1512
100
AcDbEntity
8
0
100
AcDbSpline
70
4
71
3
72
8
73
4
74
0
42
0.000000001
43
0.0000000001
44
0.0000000001
40
0
40
0
40
0
40
0
40
1
40
1
40
1
40
1
41
1
41
1
41
1
41
1
10
18.906903240377265
20
27.526145833333327
30
0
10
19.016043865377263
20
27.526145833333327
30
0
10
19.125184490377261
20
27.526145833333327
30
0
10
19.237632407043929
20
27.526145833333327
30
0
0
SPLINE
5
1513
100
AcDbEntity
8
0
100
AcDbSpline
70
4
71
3
72
8
73
4
74
0
42
0.000000001
43
0.0000000001
44
0.0000000001
40
0
40
0
40
0
40
0
40
1
40
1
40
1
40
1
41
1
41
1
41
1
41
1
10
19.237632407043929
20
27.526145833333327
30
0
10
19.237632407043929
20
28.119870796998335
30
0
10
19.237632407043929
20
28.713595811128609
30
0
10
19.237632407043929
20
29.325312499999995
30
0
0
SPLINE
5
1514
100
AcDbEntity
8
0
100
AcDbSpline
70
4
71
3
72
8
73
4
74
0
42
0.000000001
43
0.0000000001
44
0.0000000001
40
0
40
0
40
0
40
0
40
1
40
1
40
1
40
1
41
1
41
1
41
1
41
1
10
21.023569907043932
20
29.325312499999995
30
0
10
20.914429282043933
20
29.325312499999995
30
0
10
20.805288657043931
20
29.325312499999995
30
0
10
20.692840740377264
20
29.325312499999995
30
0
0
SPLINE
5
1515
100
AcDbEntity
8
0
100
AcDbSpline
70
4
71
3
72
8
73
4
74
0
42
0.000000001
43
0.0000000001
44
0.0000000001
40
0
40
0
40
0
40
0
40
1
40
1
40
1
40
1
41
1
41
1
41
1
41
1
10
20.692840740377264
20
29.325312499999995
30
0
10
20.670341129595595
20
29.302812892372401
30
0
10
20.67794346957858
20
29.274064896305397
30
0
10
20.677931685938994
20
29.243282623291012
30
0
0
SPLINE
5
1516
100
AcDbEntity
8
0
100
AcDbSpline
70
4
71
3
72
8
73
4
74
0
42
0.000000001
43
0.0000000001
44
0.0000000001
40
0
40
0
40
0
40
0
40
1
40
1
40
1
40
1
41
1
41
1
41
1
41
1
10
20.677931685938994
20
29.243282623291012
30
0
10
20.677894392107486
20
29.228367714881891
30
0
10
20.677857073043345
20
29.213452806472773
30
0
10
20.677818643743354
20
29.198085931142167
30
0
0
SPLINE
5
1517
100
AcDbEntity
8
0
100
AcDbSpline
70
4
71
3
72
8
73
4
74
0
42
0.000000001
43
0.0000000001
44
0.0000000001
40
0
40
0
40
0
40
0
40
1
40
1
40
1
40
1
41
1
41
1
41
1
41
1
10
20.677818643743354
20
29.198085931142167
30
0
10
20.677845415566921
20
29.181578149696186
30
0
10
20.677872212623114
20
29.165070355633887
30
0
10
20.677899791890937
20
29.14806233723958
30
0
0
SPLINE
5
1518
100
AcDbEntity
8
0
100
AcDbSpline
70
4
71
3
72
8
73
4
74
0
42
0.000000001
43
0.0000000001
44
0.0000000001
40
0
40
0
40
0
40
0
40
1
40
1
40
1
40
1
41
1
41
1
41
1
41
1
10
20.677899791890937
20
29.14806233723958
30
0
10
20.677876603101247
20
29.130791420042513
30
0
10
20.677853439544197
20
29.113520502845439
30
0
10
20.67782954424079
20
29.095726222991939
30
0
0
SPLINE
5
1519
100
AcDbEntity
8
0
100
AcDbSpline
70
4
71
3
72
8
73
4
74
0
42
0.000000001
43
0.0000000001
44
0.0000000001
40
0
40
0
40
0
40
0
40
1
40
1
40
1
40
1
41
1
41
1
41
1
41
1
10
20.67782954424079
20
29.095726222991939
30
0
10
20.677769036386962
20
29.048222763538355
30
0
10
20.677792704596673
20
29.000719707806901
30
0
10
20.677834565534745
20
28.953216248353321
30
0
0
SPLINE
5
1520
100
AcDbEntity
8
0
100
AcDbSpline
70
4
71
3
72
8
73
4
74
0
42
0.000000001
43
0.0000000001
44
0.0000000001
40
0
40
0
40
0
40
0
40
1
40
1
40
1
40
1
41
1
41
1
41
1
41
1
10
20.677834565534745
20
28.953216248353321
30
0
10
20.677867948308148
20
28.903609043359751
30
0
10
20.677837013100145
20
28.854001888831455
30
0
10
20.677816221410588
20
28.804394683837884
30
0
0
SPLINE
5
1521
100
AcDbEntity
8
0
100
AcDbSpline
70
4
71
3
72
8
73
4
74
0
42
0.000000001
43
0.0000000001
44
0.0000000001
40
0
40
0
40
0
40
0
40
1
40
1
40
1
40
1
41
1
41
1
41
1
41
1
10
20.677816221410588
20
28.804394683837884
30
0
10
20.677792124246118
20
28.721072845856344
30
0
10
20.677823942596273
20
28.6377511592706
30
0
10
20.677886872782864
20
28.554429321289057
30
0
0
SPLINE
5
1522
100
AcDbEntity
8
0
100
AcDbSpline
70
4
71
3
72
8
73
4
74
0
42
0.000000001
43
0.0000000001
44
0.0000000001
40
0
40
0
40
0
40
0
40
1
40
1
40
1
40
1
41
1
41
1
41
1
41
1
10
20.677886872782864
20
28.554429321289057
30
0
10
20.677958861484683
20
28.457963451544437
30
0
10
20.677935546531835
20
28.361498086452478
30
0
10
20.677862699920489
20
28.265032216707858
30
0
0
SPLINE
5
1523
100
AcDbEntity
8
0
100
AcDbSpline
70
4
71
3
72
8
73
4
74
0
42
0.000000001
43
0.0000000001
44
0.0000000001
40
0
40
0
40
0
40
0
40
1
40
1
40
1
40
1
41
1
41
1
41
1
41
1
10
20.677862699920489
20
28.265032216707858
30
0
10
20.677802772417223
20
28.182354365984594
30
0
10
20.677794168089388
20
28.099676515261329
30
0
10
20.67782883772707
20
28.016998664538061
30
0
0
SPLINE
5
1524
100
AcDbEntity
8
0
100
AcDbSpline
70
4
71
3
72
8
73
4
74
0
42
0.000000001
43
0.0000000001
44
0.0000000001
40
0
40
0
40
0
40
0
40
1
40
1
40
1
40
1
41
1
41
1
41
1
41
1
10
20.67782883772707
20
28.016998664538061
30
0
10
20.677849503253455
20
27.967554916540777
30
0
10
20.67785207698202
20
27.918111370404553
30
0
10
20.677808500224906
20
27.868667723337804
30
0
0
SPLINE
5
1525
100
AcDbEntity
8
0
100
AcDbSpline
70
4
71
3
72
8
73
4
74
0
42
0.000000001
43
0.0000000001
44
0.0000000001
40
0
40
0
40
0
40
0
40
1
40
1
40
1
40
1
41
1
41
1
41
1
41
1
10
20.677808500224906
20
27.868667723337804
30
0
10
20.677763359044548
20
27.81357691208521
30
0
10
20.677825835043745
20
27.758486807346337
30
0
10
20.677899791890937
20
27.703395996093747
30
0
0
SPLINE
5
1526
100
AcDbEntity
8
0
100
AcDbSpline
70
4
71
3
72
8
73
4
74
0
42
0.000000001
43
0.0000000001
44
0.0000000001
40
0
40
0
40
0
40
0
40
1
40
1
40
1
40
1
41
1
41
1
41
1
41
1
10
20.677899791890937
20
27.703395996093747
30
0
10
20.67787302006737
20
27.686888202031451
30
0
10
20.677846223011173
20
27.670380407969152
30
0
10
20.677818643743354
20
27.65337240219116
30
0
0
SPLINE
5
1527
100
AcDbEntity
8
0
100
AcDbSpline
70
4
71
3
72
8
73
4
74
0
42
0.000000001
43
0.0000000001
44
0.0000000001
40
0
40
0
40
0
40
0
40
1
40
1
40
1
40
1
41
1
41
1
41
1
41
1
10
20.677818643743354
20
27.65337240219116
30
0
10
20.677874609723247
20
27.630999938646951
30
0
10
20.677874609723247
20
27.630999938646951
30
0
10
20.677931685938994
20
27.608175710042314
30
0
0
SPLINE
5
1528
100
AcDbEntity
8
0
100
AcDbSpline
70
4
71
3
72
8
73
4
74
0
42
0.000000001
43
0.0000000001
44
0.0000000001
40
0
40
0
40
0
40
0
40
1
40
1
40
1
40
1
41
1
41
1
41
1
41
1
10
20.677931685938994
20
27.608175710042314
30
0
10
20.677936682000318
20
27.595132457415261
30
0
10
20.677941652829009
20
27.582089406649267
30
0
10
20.677946800286129
20
27.568650910059603
30
0
0
SPLINE
5
1529
100
AcDbEntity
8
0
100
AcDbSpline
70
4
71
3
72
8
73
4
74
0
42
0.000000001
43
0.0000000001
44
0.0000000001
40
0
40
0
40
0
40
0
40
1
40
1
40
1
40
1
41
1
41
1
41
1
41
1
10
20.677946800286129
20
27.568650910059603
30
0
10
20.679611573710595
20
27.539374999999996
30
0
10
20.679611573710595
20
27.539374999999996
30
0
10
20.692840740377264
20
27.526145833333327
30
0
0
SPLINE
5
1530
100
AcDbEntity
8
0
100
AcDbSpline
70
4
71
3
72
8
73
4
74
0
42
0.000000001
43
0.0000000001
44
0.0000000001
40
0
40
0
40
0
40
0
40
1
40
1
40
1
40
1
41
1
41
1
41
1
41
1
10
20.692840740377264
20
27.526145833333327
30
0
10
20.801981365377262
20
27.526145833333327
30
0
10
20.911121990377268
20
27.526145833333327
30
0
10
21.023569907043932
20
27.526145833333327
30
0
0
SPLINE
5
1531
100
AcDbEntity
8
0
100
AcDbSpline
70
4
71
3
72
8
73
4
74
0
42
0.000000001
43
0.0000000001
44
0.0000000001
40
0
40
0
40
0
40
0
40
1
40
1
40
1
40
1
41
1
41
1
41
1
41
1
10
21.023569907043932
20
27.526145833333327
30
0
10
21.023569907043932
20
28.119870796998335
30
0
10
21.023569907043932
20
28.713595811128609
30
0
10
21.023569907043932
20
29.325312499999995
30
0
0
SPLINE
5
1532
100
AcDbEntity
8
0
100
AcDbSpline
70
4
71
3
72
8
73
4
74
0
42
0.000000001
43
0.0000000001
44
0.0000000001
40
0
40
0
40
0
40
0
40
1
40
1
40
1
40
1
41
1
41
1
41
1
41
1
10
18.430653240377264
20
29.325312499999995
30
0
10
18.251662618909833
20
29.325312499999995
30
0
10
18.072671997442399
20
29.325312499999995
30
0
10
17.88825740704393
20
29.325312499999995
30
0
0
SPLINE
5
1533
100
AcDbEntity
8
0
100
AcDbSpline
70
4
71
3
72
8
73
4
74
0
42
0.000000001
43
0.0000000001
44
0.0000000001
40
0
40
0
40
0
40
0
40
1
40
1
40
1
40
1
41
1
41
1
41
1
41
1
10
17.88825740704393
20
29.325312499999995
30
0
10
17.88825740704393
20
29.255462497224407
30
0
10
17.88825740704393
20
29.185612494448815
30
0
10
17.88825740704393
20
29.113645833333329
30
0
0
SPLINE
5
1534
100
AcDbEntity
8
0
100
AcDbSpline
70
4
71
3
72
8
73
4
74
0
42
0.000000001
43
0.0000000001
44
0.0000000001
40
0
40
0
40
0
40
0
40
1
40
1
40
1
40
1
41
1
41
1
41
1
41
1
10
17.88825740704393
20
29.113645833333329
30
0
10
17.901486573710596
20
29.100416666666664
30
0
10
17.901486573710596
20
29.100416666666664
30
0
10
17.941849097107408
20
29.098914820353183
30
0
0
SPLINE
5
1535
100
AcDbEntity
8
0
100
AcDbSpline
70
4
71
3
72
8
73
4
74
0
42
0.000000001
43
0.0000000001
44
0.0000000001
40
0
40
0
40
0
40
0
40
1
40
1
40
1
40
1
41
1
41
1
41
1
41
1
10
17.941849097107408
20
29.098914820353183
30
0
10
17.959693766528918
20
29.098918151060737
30
0
10
17.9775384864157
20
29.098991653720532
30
0
10
17.995382651184556
20
29.099124755859371
30
0
0
SPLINE
5
1536
100
AcDbEntity
8
0
100
AcDbSpline
70
4
71
3
72
8
73
4
74
0
42
0.000000001
43
0.0000000001
44
0.0000000001
40
0
40
0
40
0
40
0
40
1
40
1
40
1
40
1
41
1
41
1
41
1
41
1
10
17.995382651184556
20
29.099124755859371
30
0
10
18.012539251938019
20
29.099157785375908
30
0
10
18.029695877924119
20
29.099190840125079
30
0
10
18.04737237184699
20
29.099224878946934
30
0
0
SPLINE
5
1537
100
AcDbEntity
8
0
100
AcDbSpline
70
4
71
3
72
8
73
4
74
0
42
0.000000001
43
0.0000000001
44
0.0000000001
40
0
40
0
40
0
40
0
40
1
40
1
40
1
40
1
41
1
41
1
41
1
41
1
10
18.04737237184699
20
29.099224878946934
30
0
10
18.069352922136144
20
29.099345314304031
30
0
10
18.091333447192667
20
29.099465749661121
30
0
10
18.11398006329393
20
29.099589843749992
30
0
0
SPLINE
5
1538
100
AcDbEntity
8
0
100
AcDbSpline
70
4
71
3
72
8
73
4
74
0
42
0.000000001
43
0.0000000001
44
0.0000000001
40
0
40
0
40
0
40
0
40
1
40
1
40
1
40
1
41
1
41
1
41
1
41
1
10
18.11398006329393
20
29.099589843749992
30
0
10
18.183557206684902
20
29.099862684210137
30
0
10
18.253134362692194
20
29.100135549902912
30
0
10
18.324819907043931
20
29.100416666666664
30
0
0
SPLINE
5
1539
100
AcDbEntity
8
0
100
AcDbSpline
70
4
71
3
72
8
73
4
74
0
42
0.000000001
43
0.0000000001
44
0.0000000001
40
0
40
0
40
0
40
0
40
1
40
1
40
1
40
1
41
1
41
1
41
1
41
1
10
18.324819907043931
20
29.100416666666664
30
0
10
18.324819907043931
20
28.930157280564302
30
0
10
18.324819907043931
20
28.759897894461943
30
0
10
18.324819907043931
20
28.584479166666661
30
0
0
SPLINE
5
1540
100
AcDbEntity
8
0
100
AcDbSpline
70
4
71
3
72
8
73
4
74
0
42
0.000000001
43
0.0000000001
44
0.0000000001
40
0
40
0
40
0
40
0
40
1
40
1
40
1
40
1
41
1
41
1
41
1
41
1
10
18.324819907043931
20
28.584479166666661
30
0
10
18.180754290118372
20
28.584479166666661
30
0
10
18.036688647960183
20
28.584479166666661
30
0
10
17.88825740704393
20
28.584479166666661
30
0
0
SPLINE
5
1541
100
AcDbEntity
8
0
100
AcDbSpline
70
4
71
3
72
8
73
4
74
0
42
0.000000001
43
0.0000000001
44
0.0000000001
40
0
40
0
40
0
40
0
40
1
40
1
40
1
40
1
41
1
41
1
41
1
41
1
10
17.88825740704393
20
28.584479166666661
30
0
10
17.88825740704393
20
28.514629182815547
30
0
10
17.88825740704393
20
28.444779198964433
30
0
10
17.88825740704393
20
28.372812499999995
30
0
0
SPLINE
5
1542
100
AcDbEntity
8
0
100
AcDbSpline
70
4
71
3
72
8
73
4
74
0
42
0.000000001
43
0.0000000001
44
0.0000000001
40
0
40
0
40
0
40
0
40
1
40
1
40
1
40
1
41
1
41
1
41
1
41
1
10
17.88825740704393
20
28.372812499999995
30
0
10
17.901486573710596
20
28.359583333333326
30
0
10
17.901486573710596
20
28.359583333333326
30
0
10
17.941849097107408
20
28.358081487019852
30
0
0
SPLINE
5
1543
100
AcDbEntity
8
0
100
AcDbSpline
70
4
71
3
72
8
73
4
74
0
42
0.000000001
43
0.0000000001
44
0.0000000001
40
0
40
0
40
0
40
0
40
1
40
1
40
1
40
1
41
1
41
1
41
1
41
1
10
17.941849097107408
20
28.358081487019852
30
0
10
17.959693766528918
20
28.358084817727402
30
0
10
17.9775384864157
20
28.358158295154567
30
0
10
17.995382651184556
20
28.358291422526037
30
0
0
SPLINE
5
1544
100
AcDbEntity
8
0
100
AcDbSpline
70
4
71
3
72
8
73
4
74
0
42
0.000000001
43
0.0000000001
44
0.0000000001
40
0
40
0
40
0
40
0
40
1
40
1
40
1
40
1
41
1
41
1
41
1
41
1
10
17.995382651184556
20
28.358291422526037
30
0
10
18.012539251938019
20
28.35832442680994
30
0
10
18.029695877924119
20
28.358357532024382
30
0
10
18.04737237184699
20
28.3583915456136
30
0
0
SPLINE
5
1545
100
AcDbEntity
8
0
100
AcDbSpline
70
4
71
3
72
8
73
4
74
0
42
0.000000001
43
0.0000000001
44
0.0000000001
40
0
40
0
40
0
40
0
40
1
40
1
40
1
40
1
41
1
41
1
41
1
41
1
10
18.04737237184699
20
28.3583915456136
30
0
10
18.069352922136144
20
28.358511955738063
30
0
10
18.091333447192667
20
28.358632466793058
30
0
10
18.11398006329393
20
28.358756510416661
30
0
0
SPLINE
5
1546
100
AcDbEntity
8
0
100
AcDbSpline
70
4
71
3
72
8
73
4
74
0
42
0.000000001
43
0.0000000001
44
0.0000000001
40
0
40
0
40
0
40
0
40
1
40
1
40
1
40
1
41
1
41
1
41
1
41
1
10
18.11398006329393
20
28.358756510416661
30
0
10
18.183557206684902
20
28.359029325644173
30
0
10
18.253134362692194
20
28.359302241802208
30
0
10
18.324819907043931
20
28.359583333333326
30
0
0
SPLINE
5
1547
100
AcDbEntity
8
0
100
AcDbSpline
70
4
71
3
72
8
73
4
74
0
42
0.000000001
43
0.0000000001
44
0.0000000001
40
0
40
0
40
0
40
0
40
1
40
1
40
1
40
1
41
1
41
1
41
1
41
1
10
18.324819907043931
20
28.359583333333326
30
0
10
18.324819907043931
20
28.158764579296111
30
0
10
18.324819907043931
20
27.957945825258889
30
0
10
18.324819907043931
20
27.751041666666659
30
0
0
SPLINE
5
1548
100
AcDbEntity
8
0
100
AcDbSpline
70
4
71
3
72
8
73
4
74
0
42
0.000000001
43
0.0000000001
44
0.0000000001
40
0
40
0
40
0
40
0
40
1
40
1
40
1
40
1
41
1
41
1
41
1
41
1
10
18.324819907043931
20
27.751041666666659
30
0
10
18.180754290118372
20
27.751041666666659
30
0
10
18.036688647960183
20
27.751041666666659
30
0
10
17.88825740704393
20
27.751041666666659
30
0
0
SPLINE
5
1549
100
AcDbEntity
8
0
100
AcDbSpline
70
4
71
3
72
8
73
4
74
0
42
0.000000001
43
0.0000000001
44
0.0000000001
40
0
40
0
40
0
40
0
40
1
40
1
40
1
40
1
41
1
41
1
41
1
41
1
10
17.88825740704393
20
27.751041666666659
30
0
10
17.88825740704393
20
27.676826033592221
30
0
10
17.88825740704393
20
27.602610400517776
30
0
10
17.88825740704393
20
27.526145833333327
30
0
0
SPLINE
5
1550
100
AcDbEntity
8
0
100
AcDbSpline
70
4
71
3
72
8
73
4
74
0
42
0.000000001
43
0.0000000001
44
0.0000000001
40
0
40
0
40
0
40
0
40
1
40
1
40
1
40
1
41
1
41
1
41
1
41
1
10
17.88825740704393
20
27.526145833333327
30
0
10
17.963376570239223
20
27.525819827715551
30
0
10
18.038495380177654
20
27.525579209327695
30
0
10
18.113615098490868
20
27.525419133504229
30
0
0
SPLINE
5
1551
100
AcDbEntity
8
0
100
AcDbSpline
70
4
71
3
72
8
73
4
74
0
42
0.000000001
43
0.0000000001
44
0.0000000001
40
0
40
0
40
0
40
0
40
1
40
1
40
1
40
1
41
1
41
1
41
1
41
1
10
18.113615098490868
20
27.525419133504229
30
0
10
18.139190693392909
20
27.525352519353227
30
0
10
18.164766237829681
20
27.525262085596715
30
0
10
18.190341681335923
20
27.525147832234698
30
0
0
SPLINE
5
1552
100
AcDbEntity
8
0
100
AcDbSpline
70
4
71
3
72
8
73
4
74
0
42
0.000000001
43
0.0000000001
44
0.0000000001
40
0
40
0
40
0
40
0
40
1
40
1
40
1
40
1
41
1
41
1
41
1
41
1
10
18.190341681335923
20
27.525147832234698
30
0
10
18.227020227704998
20
27.524988160133358
30
0
10
18.263698118025616
20
27.524912462234493
30
0
10
18.300376954569973
20
27.524853922526038
30
0
0
SPLINE
5
1553
100
AcDbEntity
8
0
100
AcDbSpline
70
4
71
3
72
8
73
4
74
0
42
0.000000001
43
0.0000000001
44
0.0000000001
40
0
40
0
40
0
40
0
40
1
40
1
40
1
40
1
41
1
41
1
41
1
41
1
10
18.300376954569973
20
27.524853922526038
30
0
10
18.317636845106438
20
27.524751578966772
30
0
10
18.317636845106438
20
27.524751578966772
30
0
10
18.335245425397709
20
27.524647014935809
30
0
0
SPLINE
5
1554
100
AcDbEntity
8
0
100
AcDbSpline
70
4
71
3
72
8
73
4
74
0
42
0.000000001
43
0.0000000001
44
0.0000000001
40
0
40
0
40
0
40
0
40
1
40
1
40
1
40
1
41
1
41
1
41
1
41
1
10
18.335245425397709
20
27.524647014935809
30
0
10
18.362642860556203
20
27.524644390741983
30
0
10
18.390038948922907
20
27.525324460665381
30
0
10
18.417424073710595
20
27.526145833333327
30
0
0
SPLINE
5
1555
100
AcDbEntity
8
0
100
AcDbSpline
70
4
71
3
72
8
73
4
74
0
42
0.000000001
43
0.0000000001
44
0.0000000001
40
0
40
0
40
0
40
0
40
1
40
1
40
1
40
1
41
1
41
1
41
1
41
1
10
18.417424073710595
20
27.526145833333327
30
0
10
18.430653240377264
20
27.539374999999996
30
0
10
18.430653240377264
20
27.539374999999996
30
0
10
18.432281060610766
20
27.568894556363418
30
0
0
SPLINE
5
1556
100
AcDbEntity
8
0
100
AcDbSpline
70
4
71
3
72
8
73
4
74
0
42
0.000000001
43
0.0000000001
44
0.0000000001
40
0
40
0
40
0
40
0
40
1
40
1
40
1
40
1
41
1
41
1
41
1
41
1
10
18.432281060610766
20
27.568894556363418
30
0
10
18.432268866152373
20
27.582052466074622
30
0
10
18.432256671496848
20
27.595210375785825
30
0
10
18.432244107419805
20
27.608766961097714
30
0
0
SPLINE
5
1557
100
AcDbEntity
8
0
100
AcDbSpline
70
4
71
3
72
8
73
4
74
0
42
0.000000001
43
0.0000000001
44
0.0000000001
40
0
40
0
40
0
40
0
40
1
40
1
40
1
40
1
41
1
41
1
41
1
41
1
10
18.432244107419805
20
27.608766961097714
30
0
10
18.432262293051487
20
27.623812271753941
30
0
10
18.432280478781735
20
27.638857683340703
30
0
10
18.432299215588742
20
27.654358897209161
30
0
0
SPLINE
5
1558
100
AcDbEntity
8
0
100
AcDbSpline
70
4
71
3
72
8
73
4
74
0
42
0.000000001
43
0.0000000001
44
0.0000000001
40
0
40
0
40
0
40
0
40
1
40
1
40
1
40
1
41
1
41
1
41
1
41
1
10
18.432299215588742
20
27.654358897209161
30
0
10
18.432251652962709
20
27.671011122862495
30
0
10
18.432204090435238
20
27.687663449446354
30
0
10
18.432155086690742
20
27.704820327758782
30
0
0
SPLINE
5
1559
100
AcDbEntity
8
0
100
AcDbSpline
70
4
71
3
72
8
73
4
74
0
42
0.000000001
43
0.0000000001
44
0.0000000001
40
0
40
0
40
0
40
0
40
1
40
1
40
1
40
1
41
1
41
1
41
1
41
1
10
18.432155086690742
20
27.704820327758782
30
0
10
18.432157018564201
20
27.722241543134047
30
0
10
18.432158950240531
20
27.739662758509311
30
0
10
18.432160940760149
20
27.757611840565993
30
0
0
SPLINE
5
1560
100
AcDbEntity
8
0
100
AcDbSpline
70
4
71
3
72
8
73
4
74
0
42
0.000000001
43
0.0000000001
44
0.0000000001
40
0
40
0
40
0
40
0
40
1
40
1
40
1
40
1
41
1
41
1
41
1
41
1
10
18.432160940760149
20
27.757611840565993
30
0
10
18.432164750296337
20
27.805524472395575
30
0
10
18.432086742823039
20
27.853436599572493
30
0
10
18.431994597682909
20
27.901349130471544
30
0
0
SPLINE
5
1561
100
AcDbEntity
8
0
100
AcDbSpline
70
4
71
3
72
8
73
4
74
0
42
0.000000001
43
0.0000000001
44
0.0000000001
40
0
40
0
40
0
40
0
40
1
40
1
40
1
40
1
41
1
41
1
41
1
41
1
10
18.431994597682909
20
27.901349130471544
30
0
10
18.431912131820209
20
27.951368586222326
30
0
10
18.431904145297619
20
28.001388041973108
30
0
10
18.431888428225673
20
28.051407497723893
30
0
0
SPLINE
5
1562
100
AcDbEntity
8
0
100
AcDbSpline
70
4
71
3
72
8
73
4
74
0
42
0.000000001
43
0.0000000001
44
0.0000000001
40
0
40
0
40
0
40
0
40
1
40
1
40
1
40
1
41
1
41
1
41
1
41
1
10
18.431888428225673
20
28.051407497723893
30
0
10
18.431847241964835
20
28.146189543406166
30
0
10
18.431738586206169
20
28.240971286296841
30
0
10
18.431605992268331
20
28.335753231048582
30
0
0
SPLINE
5
1563
100
AcDbEntity
8
0
100
AcDbSpline
70
4
71
3
72
8
73
4
74
0
42
0.000000001
43
0.0000000001
44
0.0000000001
40
0
40
0
40
0
40
0
40
1
40
1
40
1
40
1
41
1
41
1
41
1
41
1
10
18.431605992268331
20
28.335753231048582
30
0
10
18.431458338637626
20
28.443632325331368
30
0
10
18.431385440772502
20
28.551511470079415
30
0
10
18.431318979791467
20
28.659390665292737
30
0
0
SPLINE
5
1564
100
AcDbEntity
8
0
100
AcDbSpline
70
4
71
3
72
8
73
4
74
0
42
0.000000001
43
0.0000000001
44
0.0000000001
40
0
40
0
40
0
40
0
40
1
40
1
40
1
40
1
41
1
41
1
41
1
41
1
10
18.431318979791467
20
28.659390665292737
30
0
10
18.431180545435467
20
28.881364761590955
30
0
10
18.430937850431487
20
29.103338555097579
30
0
10
18.430653240377264
20
29.325312499999995
30
0
0
SPLINE
5
1565
100
AcDbEntity
8
0
100
AcDbSpline
70
4
71
3
72
8
73
4
74
0
42
0.000000001
43
0.0000000001
44
0.0000000001
40
0
40
0
40
0
40
0
40
1
40
1
40
1
40
1
41
1
41
1
41
1
41
1
10
17.68981990704393
20
29.325312499999995
30
0
10
17.615604280277644
20
29.325312499999995
30
0
10
17.541388653511362
20
29.325312499999995
30
0
10
17.464924073710598
20
29.325312499999995
30
0
0
SPLINE
5
1566
100
AcDbEntity
8
0
100
AcDbSpline
70
4
71
3
72
8
73
4
74
0
42
0.000000001
43
0.0000000001
44
0.0000000001
40
0
40
0
40
0
40
0
40
1
40
1
40
1
40
1
41
1
41
1
41
1
41
1
10
17.464924073710598
20
29.325312499999995
30
0
10
17.464924073710598
20
28.731587485869721
30
0
10
17.464924073710598
20
28.137862471739446
30
0
10
17.464924073710598
20
27.526145833333327
30
0
0
SPLINE
5
1567
100
AcDbEntity
8
0
100
AcDbSpline
70
4
71
3
72
8
73
4
74
0
42
0.000000001
43
0.0000000001
44
0.0000000001
40
0
40
0
40
0
40
0
40
1
40
1
40
1
40
1
41
1
41
1
41
1
41
1
10
17.464924073710598
20
27.526145833333327
30
0
10
17.534774070178027
20
27.526145833333327
30
0
10
17.604624072953619
20
27.526145833333327
30
0
10
17.676590740377264
20
27.526145833333327
30
0
0
SPLINE
5
1568
100
AcDbEntity
8
0
100
AcDbSpline
70
4
71
3
72
8
73
4
74
0
42
0.000000001
43
0.0000000001
44
0.0000000001
40
0
40
0
40
0
40
0
40
1
40
1
40
1
40
1
41
1
41
1
41
1
41
1
10
17.676590740377264
20
27.526145833333327
30
0
10
17.68981990704393
20
27.539374999999996
30
0
10
17.68981990704393
20
27.539374999999996
30
0
10
17.691447727277435
20
27.568894556363418
30
0
0
SPLINE
5
1569
100
AcDbEntity
8
0
100
AcDbSpline
70
4
71
3
72
8
73
4
74
0
42
0.000000001
43
0.0000000001
44
0.0000000001
40
0
40
0
40
0
40
0
40
1
40
1
40
1
40
1
41
1
41
1
41
1
41
1
10
17.691447727277435
20
27.568894556363418
30
0
10
17.691435532819039
20
27.582052466074622
30
0
10
17.691423338163514
20
27.595210375785825
30
0
10
17.691410774086471
20
27.608766961097714
30
0
0
SPLINE
5
1570
100
AcDbEntity
8
0
100
AcDbSpline
70
4
71
3
72
8
73
4
74
0
42
0.000000001
43
0.0000000001
44
0.0000000001
40
0
40
0
40
0
40
0
40
1
40
1
40
1
40
1
41
1
41
1
41
1
41
1
10
17.691410774086471
20
27.608766961097714
30
0
10
17.691428959718152
20
27.623812271753941
30
0
10
17.6914471454484
20
27.638857683340703
30
0
10
17.691465882255411
20
27.654358897209161
30
0
0
SPLINE
5
1571
100
AcDbEntity
8
0
100
AcDbSpline
70
4
71
3
72
8
73
4
74
0
42
0.000000001
43
0.0000000001
44
0.0000000001
40
0
40
0
40
0
40
0
40
1
40
1
40
1
40
1
41
1
41
1
41
1
41
1
10
17.691465882255411
20
27.654358897209161
30
0
10
17.691418319629374
20
27.671011122862495
30
0
10
17.691370757101904
20
27.687663449446354
30
0
10
17.691321753357407
20
27.704820327758782
30
0
0
SPLINE
5
1572
100
AcDbEntity
8
0
100
AcDbSpline
70
4
71
3
72
8
73
4
74
0
42
0.000000001
43
0.0000000001
44
0.0000000001
40
0
40
0
40
0
40
0
40
1
40
1
40
1
40
1
41
1
41
1
41
1
41
1
10
17.691321753357407
20
27.704820327758782
30
0
10
17.691323685230866
20
27.722241543134047
30
0
10
17.6913256169072
20
27.739662758509311
30
0
10
17.691327607426818
20
27.757611840565993
30
0
0
SPLINE
5
1573
100
AcDbEntity
8
0
100
AcDbSpline
70
4
71
3
72
8
73
4
74
0
42
0.000000001
43
0.0000000001
44
0.0000000001
40
0
40
0
40
0
40
0
40
1
40
1
40
1
40
1
41
1
41
1
41
1
41
1
10
17.691327607426818
20
27.757611840565993
30
0
10
17.691331416963003
20
27.805524472395575
30
0
10
17.691253409489704
20
27.853436599572493
30
0
10
17.691161264349574
20
27.901349130471544
30
0
0
SPLINE
5
1574
100
AcDbEntity
8
0
100
AcDbSpline
70
4
71
3
72
8
73
4
74
0
42
0.000000001
43
0.0000000001
44
0.0000000001
40
0
40
0
40
0
40
0
40
1
40
1
40
1
40
1
41
1
41
1
41
1
41
1
10
17.691161264349574
20
27.901349130471544
30
0
10
17.691078798486878
20
27.951368586222326
30
0
10
17.691070811964288
20
28.001388041973108
30
0
10
17.691055094892338
20
28.051407497723893
30
0
0
SPLINE
5
1575
100
AcDbEntity
8
0
100
AcDbSpline
70
4
71
3
72
8
73
4
74
0
42
0.000000001
43
0.0000000001
44
0.0000000001
40
0
40
0
40
0
40
0
40
1
40
1
40
1
40
1
41
1
41
1
41
1
41
1
10
17.691055094892338
20
28.051407497723893
30
0
10
17.691013908631504
20
28.146189543406166
30
0
10
17.690905252872835
20
28.240971286296841
30
0
10
17.690772658934996
20
28.335753231048582
30
0
0
SPLINE
5
1576
100
AcDbEntity
8
0
100
AcDbSpline
70
4
71
3
72
8
73
4
74
0
42
0.000000001
43
0.0000000001
44
0.0000000001
40
0
40
0
40
0
40
0
40
1
40
1
40
1
40
1
41
1
41
1
41
1
41
1
10
17.690772658934996
20
28.335753231048582
30
0
10
17.690625005304295
20
28.443632325331368
30
0
10
17.690552107439167
20
28.551511470079415
30
0
10
17.690485646458136
20
28.659390665292737
30
0
0
SPLINE
5
1577
100
AcDbEntity
8
0
100
AcDbSpline
70
4
71
3
72
8
73
4
74
0
42
0.000000001
43
0.0000000001
44
0.0000000001
40
0
40
0
40
0
40
0
40
1
40
1
40
1
40
1
41
1
41
1
41
1
41
1
10
17.690485646458136
20
28.659390665292737
30
0
10
17.690347212102132
20
28.881364761590955
30
0
10
17.69011173506037
20
29.103338580330206
30
0
10
17.68981990704393
20
29.325312499999995
30
0
0
SPLINE
5
1578
100
AcDbEntity
8
0
100
AcDbSpline
70
4
71
3
72
8
73
4
74
0
42
0.000000001
43
0.0000000001
44
0.0000000001
40
0
40
0
40
0
40
0
40
1
40
1
40
1
40
1
41
1
41
1
41
1
41
1
10
10.387319907043928
20
29.325312499999995
30
0
10
10.317469904268339
20
29.325312499999995
30
0
10
10.247619901492751
20
29.325312499999995
30
0
10
10.175653240377262
20
29.325312499999995
30
0
0
SPLINE
5
1579
100
AcDbEntity
8
0
100
AcDbSpline
70
4
71
3
72
8
73
4
74
0
42
0.000000001
43
0.0000000001
44
0.0000000001
40
0
40
0
40
0
40
0
40
1
40
1
40
1
40
1
41
1
41
1
41
1
41
1
10
10.175653240377262
20
29.325312499999995
30
0
10
10.175653240377262
20
28.731587485869721
30
0
10
10.175653240377262
20
28.137862471739446
30
0
10
10.175653240377262
20
27.526145833333327
30
0
0
SPLINE
5
1580
100
AcDbEntity
8
0
100
AcDbSpline
70
4
71
3
72
8
73
4
74
0
42
0.000000001
43
0.0000000001
44
0.0000000001
40
0
40
0
40
0
40
0
40
1
40
1
40
1
40
1
41
1
41
1
41
1
41
1
10
10.175653240377262
20
27.526145833333327
30
0
10
10.245503236844693
20
27.526145833333327
30
0
10
10.315353239620284
20
27.526145833333327
30
0
10
10.387319907043928
20
27.526145833333327
30
0
0
SPLINE
5
1581
100
AcDbEntity
8
0
100
AcDbSpline
70
4
71
3
72
8
73
4
74
0
42
0.000000001
43
0.0000000001
44
0.0000000001
40
0
40
0
40
0
40
0
40
1
40
1
40
1
40
1
41
1
41
1
41
1
41
1
10
10.387319907043928
20
27.526145833333327
30
0
10
10.387319907043928
20
28.119870796998335
30
0
10
10.387319907043928
20
28.713595811128609
30
0
10
10.387319907043928
20
29.325312499999995
30
0
0
SPLINE
5
1582
100
AcDbEntity
8
0
100
AcDbSpline
70
4
71
3
72
8
73
4
74
0
42
0.000000001
43
0.0000000001
44
0.0000000001
40
0
40
0
40
0
40
0
40
1
40
1
40
1
40
1
41
1
41
1
41
1
41
1
10
17.45169490704393
20
29.325312499999995
30
0
10
17.381844904268341
20
29.325312499999995
30
0
10
17.311994901492753
20
29.325312499999995
30
0
10
17.240028240377264
20
29.325312499999995
30
0
0
SPLINE
5
1583
100
AcDbEntity
8
0
100
AcDbSpline
70
4
71
3
72
8
73
4
74
0
42
0.000000001
43
0.0000000001
44
0.0000000001
40
0
40
0
40
0
40
0
40
1
40
1
40
1
40
1
41
1
41
1
41
1
41
1
10
17.240028240377264
20
29.325312499999995
30
0
10
17.240028240377264
20
28.731587485869721
30
0
10
17.240028240377264
20
28.137862471739446
30
0
10
17.240028240377264
20
27.526145833333327
30
0
0
SPLINE
5
1584
100
AcDbEntity
8
0
100
AcDbSpline
70
4
71
3
72
8
73
4
74
0
42
0.000000001
43
0.0000000001
44
0.0000000001
40
0
40
0
40
0
40
0
40
1
40
1
40
1
40
1
41
1
41
1
41
1
41
1
10
17.240028240377264
20
27.526145833333327
30
0
10
17.305512612853999
20
27.526145833333327
30
0
10
17.370996991638897
20
27.526145833333327
30
0
10
17.438465740377261
20
27.526145833333327
30
0
0
SPLINE
5
1585
100
AcDbEntity
8
0
100
AcDbSpline
70
4
71
3
72
8
73
4
74
0
42
0.000000001
43
0.0000000001
44
0.0000000001
40
0
40
0
40
0
40
0
40
1
40
1
40
1
40
1
41
1
41
1
41
1
41
1
10
17.438465740377261
20
27.526145833333327
30
0
10
17.45169490704393
20
27.539374999999996
30
0
10
17.45169490704393
20
27.539374999999996
30
0
10
17.453322727277435
20
27.568894556363418
30
0
0
SPLINE
5
1586
100
AcDbEntity
8
0
100
AcDbSpline
70
4
71
3
72
8
73
4
74
0
42
0.000000001
43
0.0000000001
44
0.0000000001
40
0
40
0
40
0
40
0
40
1
40
1
40
1
40
1
41
1
41
1
41
1
41
1
10
17.453322727277435
20
27.568894556363418
30
0
10
17.453310532819039
20
27.582052466074622
30
0
10
17.453298338163513
20
27.595210375785825
30
0
10
17.453285774086471
20
27.608766961097714
30
0
0
SPLINE
5
1587
100
AcDbEntity
8
0
100
AcDbSpline
70
4
71
3
72
8
73
4
74
0
42
0.000000001
43
0.0000000001
44
0.0000000001
40
0
40
0
40
0
40
0
40
1
40
1
40
1
40
1
41
1
41
1
41
1
41
1
10
17.453285774086471
20
27.608766961097714
30
0
10
17.453303959718156
20
27.623812271753941
30
0
10
17.4533221454484
20
27.638857683340703
30
0
10
17.453340882255411
20
27.654358897209161
30
0
0
SPLINE
5
1588
100
AcDbEntity
8
0
100
AcDbSpline
70
4
71
3
72
8
73
4
74
0
42
0.000000001
43
0.0000000001
44
0.0000000001
40
0
40
0
40
0
40
0
40
1
40
1
40
1
40
1
41
1
41
1
41
1
41
1
10
17.453340882255411
20
27.654358897209161
30
0
10
17.453293319629374
20
27.671011122862495
30
0
10
17.453245757101904
20
27.687663449446354
30
0
10
17.453196753357407
20
27.704820327758782
30
0
0
SPLINE
5
1589
100
AcDbEntity
8
0
100
AcDbSpline
70
4
71
3
72
8
73
4
74
0
42
0.000000001
43
0.0000000001
44
0.0000000001
40
0
40
0
40
0
40
0
40
1
40
1
40
1
40
1
41
1
41
1
41
1
41
1
10
17.453196753357407
20
27.704820327758782
30
0
10
17.453198685230866
20
27.722241543134047
30
0
10
17.4532006169072
20
27.739662758509311
30
0
10
17.453202607426817
20
27.757611840565993
30
0
0
SPLINE
5
1590
100
AcDbEntity
8
0
100
AcDbSpline
70
4
71
3
72
8
73
4
74
0
42
0.000000001
43
0.0000000001
44
0.0000000001
40
0
40
0
40
0
40
0
40
1
40
1
40
1
40
1
41
1
41
1
41
1
41
1
10
17.453202607426817
20
27.757611840565993
30
0
10
17.453206416963003
20
27.805524472395575
30
0
10
17.4531284094897
20
27.853436599572493
30
0
10
17.453036264349574
20
27.901349130471544
30
0
0
SPLINE
5
1591
100
AcDbEntity
8
0
100
AcDbSpline
70
4
71
3
72
8
73
4
74
0
42
0.000000001
43
0.0000000001
44
0.0000000001
40
0
40
0
40
0
40
0
40
1
40
1
40
1
40
1
41
1
41
1
41
1
41
1
10
17.453036264349574
20
27.901349130471544
30
0
10
17.452953798486877
20
27.951368586222326
30
0
10
17.452945811964288
20
28.001388041973108
30
0
10
17.452930094892338
20
28.051407497723893
30
0
0
SPLINE
5
1592
100
AcDbEntity
8
0
100
AcDbSpline
70
4
71
3
72
8
73
4
74
0
42
0.000000001
43
0.0000000001
44
0.0000000001
40
0
40
0
40
0
40
0
40
1
40
1
40
1
40
1
41
1
41
1
41
1
41
1
10
17.452930094892338
20
28.051407497723893
30
0
10
17.452888908631504
20
28.146189543406166
30
0
10
17.452780252872834
20
28.240971286296841
30
0
10
17.452647658934996
20
28.335753231048582
30
0
0
SPLINE
5
1593
100
AcDbEntity
8
0
100
AcDbSpline
70
4
71
3
72
8
73
4
74
0
42
0.000000001
43
0.0000000001
44
0.0000000001
40
0
40
0
40
0
40
0
40
1
40
1
40
1
40
1
41
1
41
1
41
1
41
1
10
17.452647658934996
20
28.335753231048582
30
0
10
17.452500005304294
20
28.443632325331368
30
0
10
17.452427107439167
20
28.551511470079415
30
0
10
17.452360646458132
20
28.659390665292737
30
0
0
SPLINE
5
1594
100
AcDbEntity
8
0
100
AcDbSpline
70
4
71
3
72
8
73
4
74
0
42
0.000000001
43
0.0000000001
44
0.0000000001
40
0
40
0
40
0
40
0
40
1
40
1
40
1
40
1
41
1
41
1
41
1
41
1
10
17.452360646458132
20
28.659390665292737
30
0
10
17.452222212102132
20
28.881364761590955
30
0
10
17.45198673506037
20
29.103338580330206
30
0
10
17.45169490704393
20
29.325312499999995
30
0
0
SPLINE
5
1595
100
AcDbEntity
8
0
100
AcDbSpline
70
4
71
3
72
8
73
4
74
0
42
0.000000001
43
0.0000000001
44
0.0000000001
40
0
40
0
40
0
40
0
40
1
40
1
40
1
40
1
41
1
41
1
41
1
41
1
10
9.8184657403772633
20
29.325312499999995
30
0
10
9.7835407389894673
20
29.325312499999995
30
0
10
9.7486157376016713
20
29.325312499999995
30
0
10
9.7126324070439285
20
29.325312499999995
30
0
0
SPLINE
5
1596
100
AcDbEntity
8
0
100
AcDbSpline
70
4
71
3
72
8
73
4
74
0
42
0.000000001
43
0.0000000001
44
0.0000000001
40
0
40
0
40
0
40
0
40
1
40
1
40
1
40
1
41
1
41
1
41
1
41
1
10
9.7126324070439285
20
29.325312499999995
30
0
10
9.7123237867102574
20
29.092683672110233
30
0
10
9.7120902965412093
20
28.860054894685739
30
0
10
9.7119469751860255
20
28.627425915400181
30
0
0
SPLINE
5
1597
100
AcDbEntity
8
0
100
AcDbSpline
70
4
71
3
72
8
73
4
74
0
42
0.000000001
43
0.0000000001
44
0.0000000001
40
0
40
0
40
0
40
0
40
1
40
1
40
1
40
1
41
1
41
1
41
1
41
1
10
9.7119469751860255
20
28.627425915400181
30
0
10
9.7118786704486144
20
28.519419800043103
30
0
10
9.7117854989514303
20
28.411413886547084
30
0
10
9.7116344059452953
20
28.303407821655266
30
0
0
SPLINE
5
1598
100
AcDbEntity
8
0
100
AcDbSpline
70
4
71
3
72
8
73
4
74
0
42
0.000000001
43
0.0000000001
44
0.0000000001
40
0
40
0
40
0
40
0
40
1
40
1
40
1
40
1
41
1
41
1
41
1
41
1
10
9.7116344059452953
20
28.303407821655266
30
0
10
9.7115028177644369
20
28.209303827285762
30
0
10
9.7114172665224014
20
28.115199832916254
30
0
10
9.7113876938765777
20
28.021095737616214
30
0
0
SPLINE
5
1599
100
AcDbEntity
8
0
100
AcDbSpline
70
4
71
3
72
8
73
4
74
0
42
0.000000001
43
0.0000000001
44
0.0000000001
40
0
40
0
40
0
40
0
40
1
40
1
40
1
40
1
41
1
41
1
41
1
41
1
10
9.7113876938765777
20
28.021095737616214
30
0
10
9.7113703969066894
20
27.971237770716346
30
0
10
9.7113295705065674
20
27.921380005677534
30
0
10
9.7112336865013393
20
27.871522038777666
30
0
0
SPLINE
5
1600
100
AcDbEntity
8
0
100
AcDbSpline
70
4
71
3
72
8
73
4
74
0
42
0.000000001
43
0.0000000001
44
0.0000000001
40
0
40
0
40
0
40
0
40
1
40
1
40
1
40
1
41
1
41
1
41
1
41
1
10
9.7112336865013393
20
27.871522038777666
30
0
10
9.7111276842102949
20
27.81595473448435
30
0
10
9.7111244039680109
20
27.76038783391316
30
0
10
9.711130560730453
20
27.704820327758782
30
0
0
SPLINE
5
1601
100
AcDbEntity
8
0
100
AcDbSpline
70
4
71
3
72
8
73
4
74
0
42
0.000000001
43
0.0000000001
44
0.0000000001
40
0
40
0
40
0
40
0
40
1
40
1
40
1
40
1
41
1
41
1
41
1
41
1
10
9.711130560730453
20
27.704820327758782
30
0
10
9.711082997217332
20
27.688168102105454
30
0
10
9.7110354337042111
20
27.671515775521591
30
0
10
9.710986431931012
20
27.654358897209161
30
0
0
SPLINE
5
1602
100
AcDbEntity
8
0
100
AcDbSpline
70
4
71
3
72
8
73
4
74
0
42
0.000000001
43
0.0000000001
44
0.0000000001
40
0
40
0
40
0
40
0
40
1
40
1
40
1
40
1
41
1
41
1
41
1
41
1
10
9.710986431931012
20
27.654358897209161
30
0
10
9.7110046120430571
20
27.639313586552934
30
0
10
9.7110228047714191
20
27.624268275896704
30
0
10
9.7110415400013856
20
27.608766961097714
30
0
0
SPLINE
5
1603
100
AcDbEntity
8
0
100
AcDbSpline
70
4
71
3
72
8
73
4
74
0
42
0.000000001
43
0.0000000001
44
0.0000000001
40
0
40
0
40
0
40
0
40
1
40
1
40
1
40
1
41
1
41
1
41
1
41
1
10
9.7110415400013856
20
27.608766961097714
30
0
10
9.7110293400233534
20
27.595609051386511
30
0
10
9.7110171526616362
20
27.58245114167531
30
0
10
9.7110045868104251
20
27.568894556363418
30
0
0
SPLINE
5
1604
100
AcDbEntity
8
0
100
AcDbSpline
70
4
71
3
72
8
73
4
74
0
42
0.000000001
43
0.0000000001
44
0.0000000001
40
0
40
0
40
0
40
0
40
1
40
1
40
1
40
1
41
1
41
1
41
1
41
1
10
9.7110045868104251
20
27.568894556363418
30
0
10
9.7126324070439285
20
27.539374999999996
30
0
10
9.7126324070439285
20
27.539374999999996
30
0
10
9.7258615737105956
20
27.526145833333327
30
0
0
SPLINE
5
1605
100
AcDbEntity
8
0
100
AcDbSpline
70
4
71
3
72
8
73
4
74
0
42
0.000000001
43
0.0000000001
44
0.0000000001
40
0
40
0
40
0
40
0
40
1
40
1
40
1
40
1
41
1
41
1
41
1
41
1
10
9.7258615737105956
20
27.526145833333327
30
0
10
9.7564209479536164
20
27.526145833333327
30
0
10
9.7869803221966372
20
27.526145833333327
30
0
10
9.8184657403772633
20
27.526145833333327
30
0
0
SPLINE
5
1606
100
AcDbEntity
8
0
100
AcDbSpline
70
4
71
3
72
8
73
4
74
0
42
0.000000001
43
0.0000000001
44
0.0000000001
40
0
40
0
40
0
40
0
40
1
40
1
40
1
40
1
41
1
41
1
41
1
41
1
10
9.8184657403772633
20
27.526145833333327
30
0
10
9.8184657403772633
20
28.119870796998335
30
0
10
9.8184657403772633
20
28.713595811128609
30
0
10
9.8184657403772633
20
29.325312499999995
30
0
0
SPLINE
5
1607
100
AcDbEntity
8
0
100
AcDbSpline
70
4
71
3
72
8
73
4
74
0
42
0.000000001
43
0.0000000001
44
0.0000000001
40
0
40
0
40
0
40
0
40
1
40
1
40
1
40
1
41
1
41
1
41
1
41
1
10
17.107736573710596
20
29.325312499999995
30
0
10
17.072811572322802
20
29.325312499999995
30
0
10
17.037886570935008
20
29.325312499999995
30
0
10
17.001903240377263
20
29.325312499999995
30
0
0
SPLINE
5
1608
100
AcDbEntity
8
0
100
AcDbSpline
70
4
71
3
72
8
73
4
74
0
42
0.000000001
43
0.0000000001
44
0.0000000001
40
0
40
0
40
0
40
0
40
1
40
1
40
1
40
1
41
1
41
1
41
1
41
1
10
17.001903240377263
20
29.325312499999995
30
0
10
17.001594620043591
20
29.092683672110233
30
0
10
17.001361129874542
20
28.860054894685739
30
0
10
17.00121780851936
20
28.627425915400181
30
0
0
SPLINE
5
1609
100
AcDbEntity
8
0
100
AcDbSpline
70
4
71
3
72
8
73
4
74
0
42
0.000000001
43
0.0000000001
44
0.0000000001
40
0
40
0
40
0
40
0
40
1
40
1
40
1
40
1
41
1
41
1
41
1
41
1
10
17.00121780851936
20
28.627425915400181
30
0
10
17.001149503781949
20
28.519419800043103
30
0
10
17.001056332284765
20
28.411413886547084
30
0
10
17.00090523927863
20
28.303407821655266
30
0
0
SPLINE
5
1610
100
AcDbEntity
8
0
100
AcDbSpline
70
4
71
3
72
8
73
4
74
0
42
0.000000001
43
0.0000000001
44
0.0000000001
40
0
40
0
40
0
40
0
40
1
40
1
40
1
40
1
41
1
41
1
41
1
41
1
10
17.00090523927863
20
28.303407821655266
30
0
10
17.00077365109777
20
28.209303827285762
30
0
10
17.000688099855736
20
28.115199832916254
30
0
10
17.000658527209914
20
28.021095737616214
30
0
0
SPLINE
5
1611
100
AcDbEntity
8
0
100
AcDbSpline
70
4
71
3
72
8
73
4
74
0
42
0.000000001
43
0.0000000001
44
0.0000000001
40
0
40
0
40
0
40
0
40
1
40
1
40
1
40
1
41
1
41
1
41
1
41
1
10
17.000658527209914
20
28.021095737616214
30
0
10
17.000641230240024
20
27.971237770716346
30
0
10
17.000600403839904
20
27.921380005677534
30
0
10
17.000504519834674
20
27.871522038777666
30
0
0
SPLINE
5
1612
100
AcDbEntity
8
0
100
AcDbSpline
70
4
71
3
72
8
73
4
74
0
42
0.000000001
43
0.0000000001
44
0.0000000001
40
0
40
0
40
0
40
0
40
1
40
1
40
1
40
1
41
1
41
1
41
1
41
1
10
17.000504519834674
20
27.871522038777666
30
0
10
17.00039851754363
20
27.81595473448435
30
0
10
17.000395237301348
20
27.76038783391316
30
0
10
17.000401394063786
20
27.704820327758782
30
0
0
SPLINE
5
1613
100
AcDbEntity
8
0
100
AcDbSpline
70
4
71
3
72
8
73
4
74
0
42
0.000000001
43
0.0000000001
44
0.0000000001
40
0
40
0
40
0
40
0
40
1
40
1
40
1
40
1
41
1
41
1
41
1
41
1
10
17.000401394063786
20
27.704820327758782
30
0
10
17.000353830550669
20
27.688168102105454
30
0
10
17.000306267037544
20
27.671515775521591
30
0
10
17.000257265264345
20
27.654358897209161
30
0
0
SPLINE
5
1614
100
AcDbEntity
8
0
100
AcDbSpline
70
4
71
3
72
8
73
4
74
0
42
0.000000001
43
0.0000000001
44
0.0000000001
40
0
40
0
40
0
40
0
40
1
40
1
40
1
40
1
41
1
41
1
41
1
41
1
10
17.000257265264345
20
27.654358897209161
30
0
10
17.000275445376392
20
27.639313586552934
30
0
10
17.000293638104754
20
27.624268275896704
30
0
10
17.000312373334722
20
27.608766961097714
30
0
0
SPLINE
5
1615
100
AcDbEntity
8
0
100
AcDbSpline
70
4
71
3
72
8
73
4
74
0
42
0.000000001
43
0.0000000001
44
0.0000000001
40
0
40
0
40
0
40
0
40
1
40
1
40
1
40
1
41
1
41
1
41
1
41
1
10
17.000312373334722
20
27.608766961097714
30
0
10
17.000300173356688
20
27.595609051386511
30
0
10
17.000287985994969
20
27.58245114167531
30
0
10
17.000275420143758
20
27.568894556363418
30
0
0
SPLINE
5
1616
100
AcDbEntity
8
0
100
AcDbSpline
70
4
71
3
72
8
73
4
74
0
42
0.000000001
43
0.0000000001
44
0.0000000001
40
0
40
0
40
0
40
0
40
1
40
1
40
1
40
1
41
1
41
1
41
1
41
1
10
17.000275420143758
20
27.568894556363418
30
0
10
17.001903240377263
20
27.539374999999996
30
0
10
17.001903240377263
20
27.539374999999996
30
0
10
17.015132407043929
20
27.526145833333327
30
0
0
SPLINE
5
1617
100
AcDbEntity
8
0
100
AcDbSpline
70
4
71
3
72
8
73
4
74
0
42
0.000000001
43
0.0000000001
44
0.0000000001
40
0
40
0
40
0
40
0
40
1
40
1
40
1
40
1
41
1
41
1
41
1
41
1
10
17.015132407043929
20
27.526145833333327
30
0
10
17.045691781286951
20
27.526145833333327
30
0
10
17.07625115552997
20
27.526145833333327
30
0
10
17.107736573710596
20
27.526145833333327
30
0
0
SPLINE
5
1618
100
AcDbEntity
8
0
100
AcDbSpline
70
4
71
3
72
8
73
4
74
0
42
0.000000001
43
0.0000000001
44
0.0000000001
40
0
40
0
40
0
40
0
40
1
40
1
40
1
40
1
41
1
41
1
41
1
41
1
10
17.107736573710596
20
27.526145833333327
30
0
10
17.107736573710596
20
28.119870796998335
30
0
10
17.107736573710596
20
28.713595811128609
30
0
10
17.107736573710596
20
29.325312499999995
30
0
0
SPLINE
5
1619
100
AcDbEntity
8
0
100
AcDbSpline
70
4
71
3
72
8
73
4
74
0
42
0.000000001
43
0.0000000001
44
0.0000000001
40
0
40
0
40
0
40
0
40
1
40
1
40
1
40
1
41
1
41
1
41
1
41
1
10
18.88044490704393
20
29.325312499999995
30
0
10
18.845519905656136
20
29.325312499999995
30
0
10
18.810594904268342
20
29.325312499999995
30
0
10
18.774611573710594
20
29.325312499999995
30
0
0
SPLINE
5
1620
100
AcDbEntity
8
0
100
AcDbSpline
70
4
71
3
72
8
73
4
74
0
42
0.000000001
43
0.0000000001
44
0.0000000001
40
0
40
0
40
0
40
0
40
1
40
1
40
1
40
1
41
1
41
1
41
1
41
1
10
18.774611573710594
20
29.325312499999995
30
0
10
18.774302953376925
20
29.092683672110233
30
0
10
18.774069463207876
20
28.860054894685739
30
0
10
18.773926141852691
20
28.627425915400181
30
0
0
SPLINE
5
1621
100
AcDbEntity
8
0
100
AcDbSpline
70
4
71
3
72
8
73
4
74
0
42
0.000000001
43
0.0000000001
44
0.0000000001
40
0
40
0
40
0
40
0
40
1
40
1
40
1
40
1
41
1
41
1
41
1
41
1
10
18.773926141852691
20
28.627425915400181
30
0
10
18.773857837115283
20
28.519419800043103
30
0
10
18.773764665618099
20
28.411413886547084
30
0
10
18.773613572611964
20
28.303407821655266
30
0
0
SPLINE
5
1622
100
AcDbEntity
8
0
100
AcDbSpline
70
4
71
3
72
8
73
4
74
0
42
0.000000001
43
0.0000000001
44
0.0000000001
40
0
40
0
40
0
40
0
40
1
40
1
40
1
40
1
41
1
41
1
41
1
41
1
10
18.773613572611964
20
28.303407821655266
30
0
10
18.773481984431104
20
28.209303827285762
30
0
10
18.77339643318907
20
28.115199832916254
30
0
10
18.773366860543248
20
28.021095737616214
30
0
0
SPLINE
5
1623
100
AcDbEntity
8
0
100
AcDbSpline
70
4
71
3
72
8
73
4
74
0
42
0.000000001
43
0.0000000001
44
0.0000000001
40
0
40
0
40
0
40
0
40
1
40
1
40
1
40
1
41
1
41
1
41
1
41
1
10
18.773366860543248
20
28.021095737616214
30
0
10
18.773349563573355
20
27.971237770716346
30
0
10
18.773308737173235
20
27.921380005677534
30
0
10
18.773212853168005
20
27.871522038777666
30
0
0
SPLINE
5
1624
100
AcDbEntity
8
0
100
AcDbSpline
70
4
71
3
72
8
73
4
74
0
42
0.000000001
43
0.0000000001
44
0.0000000001
40
0
40
0
40
0
40
0
40
1
40
1
40
1
40
1
41
1
41
1
41
1
41
1
10
18.773212853168005
20
27.871522038777666
30
0
10
18.773106850876964
20
27.81595473448435
30
0
10
18.773103570634678
20
27.76038783391316
30
0
10
18.77310972739712
20
27.704820327758782
30
0
0
SPLINE
5
1625
100
AcDbEntity
8
0
100
AcDbSpline
70
4
71
3
72
8
73
4
74
0
42
0.000000001
43
0.0000000001
44
0.0000000001
40
0
40
0
40
0
40
0
40
1
40
1
40
1
40
1
41
1
41
1
41
1
41
1
10
18.77310972739712
20
27.704820327758782
30
0
10
18.773062163883999
20
27.688168102105454
30
0
10
18.773014600370882
20
27.671515775521591
30
0
10
18.772965598597683
20
27.654358897209161
30
0
0
SPLINE
5
1626
100
AcDbEntity
8
0
100
AcDbSpline
70
4
71
3
72
8
73
4
74
0
42
0.000000001
43
0.0000000001
44
0.0000000001
40
0
40
0
40
0
40
0
40
1
40
1
40
1
40
1
41
1
41
1
41
1
41
1
10
18.772965598597683
20
27.654358897209161
30
0
10
18.772983778709726
20
27.639313586552934
30
0
10
18.773001971438084
20
27.624268275896704
30
0
10
18.773020706668056
20
27.608766961097714
30
0
0
SPLINE
5
1627
100
AcDbEntity
8
0
100
AcDbSpline
70
4
71
3
72
8
73
4
74
0
42
0.000000001
43
0.0000000001
44
0.0000000001
40
0
40
0
40
0
40
0
40
1
40
1
40
1
40
1
41
1
41
1
41
1
41
1
10
18.773020706668056
20
27.608766961097714
30
0
10
18.773008506690022
20
27.595609051386511
30
0
10
18.772996319328303
20
27.58245114167531
30
0
10
18.772983753477092
20
27.568894556363418
30
0
0
SPLINE
5
1628
100
AcDbEntity
8
0
100
AcDbSpline
70
4
71
3
72
8
73
4
74
0
42
0.000000001
43
0.0000000001
44
0.0000000001
40
0
40
0
40
0
40
0
40
1
40
1
40
1
40
1
41
1
41
1
41
1
41
1
10
18.772983753477092
20
27.568894556363418
30
0
10
18.774611573710594
20
27.539374999999996
30
0
10
18.774611573710594
20
27.539374999999996
30
0
10
18.787840740377263
20
27.526145833333327
30
0
0
SPLINE
5
1629
100
AcDbEntity
8
0
100
AcDbSpline
70
4
71
3
72
8
73
4
74
0
42
0.000000001
43
0.0000000001
44
0.0000000001
40
0
40
0
40
0
40
0
40
1
40
1
40
1
40
1
41
1
41
1
41
1
41
1
10
18.787840740377263
20
27.526145833333327
30
0
10
18.818400114620285
20
27.526145833333327
30
0
10
18.848959488863308
20
27.526145833333327
30
0
10
18.88044490704393
20
27.526145833333327
30
0
0
SPLINE
5
1630
100
AcDbEntity
8
0
100
AcDbSpline
70
4
71
3
72
8
73
4
74
0
42
0.000000001
43
0.0000000001
44
0.0000000001
40
0
40
0
40
0
40
0
40
1
40
1
40
1
40
1
41
1
41
1
41
1
41
1
10
18.88044490704393
20
27.526145833333327
30
0
10
18.88044490704393
20
28.119870796998335
30
0
10
18.88044490704393
20
28.713595811128609
30
0
10
18.88044490704393
20
29.325312499999995
30
0
0
SPLINE
5
1631
100
AcDbEntity
8
0
100
AcDbSpline
70
4
71
3
72
8
73
4
74
0
42
0.000000001
43
0.0000000001
44
0.0000000001
40
0
40
0
40
0
40
0
40
1
40
1
40
1
40
1
41
1
41
1
41
1
41
1
10
20.335653240377262
20
29.325312499999995
30
0
10
20.300728238989471
20
29.325312499999995
30
0
10
20.265803237601677
20
29.325312499999995
30
0
10
20.229819907043929
20
29.325312499999995
30
0
0
SPLINE
5
1632
100
AcDbEntity
8
0
100
AcDbSpline
70
4
71
3
72
8
73
4
74
0
42
0.000000001
43
0.0000000001
44
0.0000000001
40
0
40
0
40
0
40
0
40
1
40
1
40
1
40
1
41
1
41
1
41
1
41
1
10
20.229819907043929
20
29.325312499999995
30
0
10
20.229511286710256
20
29.092683672110233
30
0
10
20.229277796541211
20
28.860054894685739
30
0
10
20.229134475186026
20
28.627425915400181
30
0
0
SPLINE
5
1633
100
AcDbEntity
8
0
100
AcDbSpline
70
4
71
3
72
8
73
4
74
0
42
0.000000001
43
0.0000000001
44
0.0000000001
40
0
40
0
40
0
40
0
40
1
40
1
40
1
40
1
41
1
41
1
41
1
41
1
10
20.229134475186026
20
28.627425915400181
30
0
10
20.229066170448618
20
28.519419800043103
30
0
10
20.228972998951434
20
28.411413886547084
30
0
10
20.228821905945296
20
28.303407821655266
30
0
0
SPLINE
5
1634
100
AcDbEntity
8
0
100
AcDbSpline
70
4
71
3
72
8
73
4
74
0
42
0.000000001
43
0.0000000001
44
0.0000000001
40
0
40
0
40
0
40
0
40
1
40
1
40
1
40
1
41
1
41
1
41
1
41
1
10
20.228821905945296
20
28.303407821655266
30
0
10
20.228690317764439
20
28.209303827285762
30
0
10
20.228604766522405
20
28.115199832916254
30
0
10
20.22857519387658
20
28.021095737616214
30
0
0
SPLINE
5
1635
100
AcDbEntity
8
0
100
AcDbSpline
70
4
71
3
72
8
73
4
74
0
42
0.000000001
43
0.0000000001
44
0.0000000001
40
0
40
0
40
0
40
0
40
1
40
1
40
1
40
1
41
1
41
1
41
1
41
1
10
20.22857519387658
20
28.021095737616214
30
0
10
20.228557896906693
20
27.971237770716346
30
0
10
20.22851707050657
20
27.921380005677534
30
0
10
20.22842118650134
20
27.871522038777666
30
0
0
SPLINE
5
1636
100
AcDbEntity
8
0
100
AcDbSpline
70
4
71
3
72
8
73
4
74
0
42
0.000000001
43
0.0000000001
44
0.0000000001
40
0
40
0
40
0
40
0
40
1
40
1
40
1
40
1
41
1
41
1
41
1
41
1
10
20.22842118650134
20
27.871522038777666
30
0
10
20.228315184210295
20
27.81595473448435
30
0
10
20.228311903968013
20
27.76038783391316
30
0
10
20.228318060730452
20
27.704820327758782
30
0
0
SPLINE
5
1637
100
AcDbEntity
8
0
100
AcDbSpline
70
4
71
3
72
8
73
4
74
0
42
0.000000001
43
0.0000000001
44
0.0000000001
40
0
40
0
40
0
40
0
40
1
40
1
40
1
40
1
41
1
41
1
41
1
41
1
10
20.228318060730452
20
27.704820327758782
30
0
10
20.228270497217334
20
27.688168102105454
30
0
10
20.228222933704213
20
27.671515775521591
30
0
10
20.228173931931014
20
27.654358897209161
30
0
0
SPLINE
5
1638
100
AcDbEntity
8
0
100
AcDbSpline
70
4
71
3
72
8
73
4
74
0
42
0.000000001
43
0.0000000001
44
0.0000000001
40
0
40
0
40
0
40
0
40
1
40
1
40
1
40
1
41
1
41
1
41
1
41
1
10
20.228173931931014
20
27.654358897209161
30
0
10
20.228192112043057
20
27.639313586552934
30
0
10
20.228210304771423
20
27.624268275896704
30
0
10
20.228229040001388
20
27.608766961097714
30
0
0
SPLINE
5
1639
100
AcDbEntity
8
0
100
AcDbSpline
70
4
71
3
72
8
73
4
74
0
42
0.000000001
43
0.0000000001
44
0.0000000001
40
0
40
0
40
0
40
0
40
1
40
1
40
1
40
1
41
1
41
1
41
1
41
1
10
20.228229040001388
20
27.608766961097714
30
0
10
20.228216840023357
20
27.595609051386511
30
0
10
20.228204652661638
20
27.58245114167531
30
0
10
20.228192086810427
20
27.568894556363418
30
0
0
SPLINE
5
1640
100
AcDbEntity
8
0
100
AcDbSpline
70
4
71
3
72
8
73
4
74
0
42
0.000000001
43
0.0000000001
44
0.0000000001
40
0
40
0
40
0
40
0
40
1
40
1
40
1
40
1
41
1
41
1
41
1
41
1
10
20.228192086810427
20
27.568894556363418
30
0
10
20.229819907043929
20
27.539374999999996
30
0
10
20.229819907043929
20
27.539374999999996
30
0
10
20.243049073710594
20
27.526145833333327
30
0
0
SPLINE
5
1641
100
AcDbEntity
8
0
100
AcDbSpline
70
4
71
3
72
8
73
4
74
0
42
0.000000001
43
0.0000000001
44
0.0000000001
40
0
40
0
40
0
40
0
40
1
40
1
40
1
40
1
41
1
41
1
41
1
41
1
10
20.243049073710594
20
27.526145833333327
30
0
10
20.27360844795362
20
27.526145833333327
30
0
10
20.304167822196639
20
27.526145833333327
30
0
10
20.335653240377262
20
27.526145833333327
30
0
0
SPLINE
5
1642
100
AcDbEntity
8
0
100
AcDbSpline
70
4
71
3
72
8
73
4
74
0
42
0.000000001
43
0.0000000001
44
0.0000000001
40
0
40
0
40
0
40
0
40
1
40
1
40
1
40
1
41
1
41
1
41
1
41
1
10
20.335653240377262
20
27.526145833333327
30
0
10
20.335653240377262
20
28.119870796998335
30
0
10
20.335653240377262
20
28.713595811128609
30
0
10
20.335653240377262
20
29.325312499999995
30
0
0
SPLINE
5
1643
100
AcDbEntity
8
0
100
AcDbSpline
70
4
71
3
72
8
73
4
74
0
42
0.000000001
43
0.0000000001
44
0.0000000001
40
0
40
0
40
0
40
0
40
1
40
1
40
1
40
1
41
1
41
1
41
1
41
1
10
20.454715740377264
20
29.325312499999995
30
0
10
20.41979073898947
20
29.325312499999995
30
0
10
20.384865737601675
20
29.325312499999995
30
0
10
20.348882407043931
20
29.325312499999995
30
0
0
SPLINE
5
1644
100
AcDbEntity
8
0
100
AcDbSpline
70
4
71
3
72
8
73
4
74
0
42
0.000000001
43
0.0000000001
44
0.0000000001
40
0
40
0
40
0
40
0
40
1
40
1
40
1
40
1
41
1
41
1
41
1
41
1
10
20.348882407043931
20
29.325312499999995
30
0
10
20.348882407043931
20
28.731587485869721
30
0
10
20.348882407043931
20
28.137862471739446
30
0
10
20.348882407043931
20
27.526145833333327
30
0
0
SPLINE
5
1645
100
AcDbEntity
8
0
100
AcDbSpline
70
4
71
3
72
8
73
4
74
0
42
0.000000001
43
0.0000000001
44
0.0000000001
40
0
40
0
40
0
40
0
40
1
40
1
40
1
40
1
41
1
41
1
41
1
41
1
10
20.348882407043931
20
27.526145833333327
30
0
10
20.379441781286953
20
27.526145833333327
30
0
10
20.410001155529972
20
27.526145833333327
30
0
10
20.441486573710598
20
27.526145833333327
30
0
0
SPLINE
5
1646
100
AcDbEntity
8
0
100
AcDbSpline
70
4
71
3
72
8
73
4
74
0
42
0.000000001
43
0.0000000001
44
0.0000000001
40
0
40
0
40
0
40
0
40
1
40
1
40
1
40
1
41
1
41
1
41
1
41
1
10
20.441486573710598
20
27.526145833333327
30
0
10
20.454715740377264
20
27.539374999999996
30
0
10
20.454715740377264
20
27.539374999999996
30
0
10
20.456343560610769
20
27.568894556363418
30
0
0
SPLINE
5
1647
100
AcDbEntity
8
0
100
AcDbSpline
70
4
71
3
72
8
73
4
74
0
42
0.000000001
43
0.0000000001
44
0.0000000001
40
0
40
0
40
0
40
0
40
1
40
1
40
1
40
1
41
1
41
1
41
1
41
1
10
20.456343560610769
20
27.568894556363418
30
0
10
20.456331366152373
20
27.582052466074622
30
0
10
20.456319171496848
20
27.595210375785825
30
0
10
20.456306607419808
20
27.608766961097714
30
0
0
SPLINE
5
1648
100
AcDbEntity
8
0
100
AcDbSpline
70
4
71
3
72
8
73
4
74
0
42
0.000000001
43
0.0000000001
44
0.0000000001
40
0
40
0
40
0
40
0
40
1
40
1
40
1
40
1
41
1
41
1
41
1
41
1
10
20.456306607419808
20
27.608766961097714
30
0
10
20.456324793051486
20
27.623812271753941
30
0
10
20.456342978781734
20
27.638857683340703
30
0
10
20.456361715588741
20
27.654358897209161
30
0
0
SPLINE
5
1649
100
AcDbEntity
8
0
100
AcDbSpline
70
4
71
3
72
8
73
4
74
0
42
0.000000001
43
0.0000000001
44
0.0000000001
40
0
40
0
40
0
40
0
40
1
40
1
40
1
40
1
41
1
41
1
41
1
41
1
10
20.456361715588741
20
27.654358897209161
30
0
10
20.456314152962708
20
27.671011122862495
30
0
10
20.456266590435238
20
27.687663449446354
30
0
10
20.456217586690741
20
27.704820327758782
30
0
0
SPLINE
5
1650
100
AcDbEntity
8
0
100
AcDbSpline
70
4
71
3
72
8
73
4
74
0
42
0.000000001
43
0.0000000001
44
0.0000000001
40
0
40
0
40
0
40
0
40
1
40
1
40
1
40
1
41
1
41
1
41
1
41
1
10
20.456217586690741
20
27.704820327758782
30
0
10
20.4562195185642
20
27.722241543134047
30
0
10
20.45622145024053
20
27.739662758509311
30
0
10
20.456223440760152
20
27.757611840565993
30
0
0
SPLINE
5
1651
100
AcDbEntity
8
0
100
AcDbSpline
70
4
71
3
72
8
73
4
74
0
42
0.000000001
43
0.0000000001
44
0.0000000001
40
0
40
0
40
0
40
0
40
1
40
1
40
1
40
1
41
1
41
1
41
1
41
1
10
20.456223440760152
20
27.757611840565993
30
0
10
20.45622725029634
20
27.805524472395575
30
0
10
20.456149242823038
20
27.853436599572493
30
0
10
20.456057097682908
20
27.901349130471544
30
0
0
SPLINE
5
1652
100
AcDbEntity
8
0
100
AcDbSpline
70
4
71
3
72
8
73
4
74
0
42
0.000000001
43
0.0000000001
44
0.0000000001
40
0
40
0
40
0
40
0
40
1
40
1
40
1
40
1
41
1
41
1
41
1
41
1
10
20.456057097682908
20
27.901349130471544
30
0
10
20.455974631820212
20
27.951368586222326
30
0
10
20.455966645297622
20
28.001388041973108
30
0
10
20.455950928225676
20
28.051407497723893
30
0
0
SPLINE
5
1653
100
AcDbEntity
8
0
100
AcDbSpline
70
4
71
3
72
8
73
4
74
0
42
0.000000001
43
0.0000000001
44
0.0000000001
40
0
40
0
40
0
40
0
40
1
40
1
40
1
40
1
41
1
41
1
41
1
41
1
10
20.455950928225676
20
28.051407497723893
30
0
10
20.455909741964838
20
28.146189543406166
30
0
10
20.455801086206172
20
28.240971286296841
30
0
10
20.45566849226833
20
28.335753231048582
30
0
0
SPLINE
5
1654
100
AcDbEntity
8
0
100
AcDbSpline
70
4
71
3
72
8
73
4
74
0
42
0.000000001
43
0.0000000001
44
0.0000000001
40
0
40
0
40
0
40
0
40
1
40
1
40
1
40
1
41
1
41
1
41
1
41
1
10
20.45566849226833
20
28.335753231048582
30
0
10
20.455520838637629
20
28.443632325331368
30
0
10
20.455447940772501
20
28.551511470079415
30
0
10
20.45538147979147
20
28.659390665292737
30
0
0
SPLINE
5
1655
100
AcDbEntity
8
0
100
AcDbSpline
70
4
71
3
72
8
73
4
74
0
42
0.000000001
43
0.0000000001
44
0.0000000001
40
0
40
0
40
0
40
0
40
1
40
1
40
1
40
1
41
1
41
1
41
1
41
1
10
20.45538147979147
20
28.659390665292737
30
0
10
20.455243045435466
20
28.881364761590955
30
0
10
20.455010220161082
20
29.10333860556284
30
0
10
20.454715740377264
20
29.325312499999995
30
0
0
SPLINE
5
1656
100
AcDbEntity
8
0
100
AcDbSpline
70
4
71
3
72
8
73
4
74
0
42
0.000000001
43
0.0000000001
44
0.0000000001
40
0
40
0
40
0
40
0
40
1
40
1
40
1
40
1
41
1
41
1
41
1
41
1
10
9.9375282403772616
20
29.325312499999995
30
0
10
9.9026032389894674
20
29.325312499999995
30
0
10
9.8676782376016714
20
29.325312499999995
30
0
10
9.8316949070439286
20
29.325312499999995
30
0
0
SPLINE
5
1657
100
AcDbEntity
8
0
100
AcDbSpline
70
4
71
3
72
8
73
4
74
0
42
0.000000001
43
0.0000000001
44
0.0000000001
40
0
40
0
40
0
40
0
40
1
40
1
40
1
40
1
41
1
41
1
41
1
41
1
10
9.8316949070439286
20
29.325312499999995
30
0
10
9.8313862867102575
20
29.092683672110233
30
0
10
9.8311527965412093
20
28.860054894685739
30
0
10
9.8310094751860255
20
28.627425915400181
30
0
0
SPLINE
5
1658
100
AcDbEntity
8
0
100
AcDbSpline
70
4
71
3
72
8
73
4
74
0
42
0.000000001
43
0.0000000001
44
0.0000000001
40
0
40
0
40
0
40
0
40
1
40
1
40
1
40
1
41
1
41
1
41
1
41
1
10
9.8310094751860255
20
28.627425915400181
30
0
10
9.8309411704486145
20
28.519419800043103
30
0
10
9.8308479989514304
20
28.411413886547084
30
0
10
9.8306969059452953
20
28.303407821655266
30
0
0
SPLINE
5
1659
100
AcDbEntity
8
0
100
AcDbSpline
70
4
71
3
72
8
73
4
74
0
42
0.000000001
43
0.0000000001
44
0.0000000001
40
0
40
0
40
0
40
0
40
1
40
1
40
1
40
1
41
1
41
1
41
1
41
1
10
9.8306969059452953
20
28.303407821655266
30
0
10
9.830565317764437
20
28.209303827285762
30
0
10
9.8304797665224015
20
28.115199832916254
30
0
10
9.8304501938765796
20
28.021095737616214
30
0
0
SPLINE
5
1660
100
AcDbEntity
8
0
100
AcDbSpline
70
4
71
3
72
8
73
4
74
0
42
0.000000001
43
0.0000000001
44
0.0000000001
40
0
40
0
40
0
40
0
40
1
40
1
40
1
40
1
41
1
41
1
41
1
41
1
10
9.8304501938765796
20
28.021095737616214
30
0
10
9.8304328969066894
20
27.971237770716346
30
0
10
9.8303920705065693
20
27.921380005677534
30
0
10
9.8302961865013394
20
27.871522038777666
30
0
0
SPLINE
5
1661
100
AcDbEntity
8
0
100
AcDbSpline
70
4
71
3
72
8
73
4
74
0
42
0.000000001
43
0.0000000001
44
0.0000000001
40
0
40
0
40
0
40
0
40
1
40
1
40
1
40
1
41
1
41
1
41
1
41
1
10
9.8302961865013394
20
27.871522038777666
30
0
10
9.830190184210295
20
27.81595473448435
30
0
10
9.8301869039680092
20
27.76038783391316
30
0
10
9.8301930607304513
20
27.704820327758782
30
0
0
SPLINE
5
1662
100
AcDbEntity
8
0
100
AcDbSpline
70
4
71
3
72
8
73
4
74
0
42
0.000000001
43
0.0000000001
44
0.0000000001
40
0
40
0
40
0
40
0
40
1
40
1
40
1
40
1
41
1
41
1
41
1
41
1
10
9.8301930607304513
20
27.704820327758782
30
0
10
9.8301454972173339
20
27.688168102105454
30
0
10
9.8300979337042111
20
27.671515775521591
30
0
10
9.830048931931012
20
27.654358897209161
30
0
0
SPLINE
5
1663
100
AcDbEntity
8
0
100
AcDbSpline
70
4
71
3
72
8
73
4
74
0
42
0.000000001
43
0.0000000001
44
0.0000000001
40
0
40
0
40
0
40
0
40
1
40
1
40
1
40
1
41
1
41
1
41
1
41
1
10
9.830048931931012
20
27.654358897209161
30
0
10
9.8300671120430572
20
27.639313586552934
30
0
10
9.8300853047714192
20
27.624268275896704
30
0
10
9.8301040400013857
20
27.608766961097714
30
0
0
SPLINE
5
1664
100
AcDbEntity
8
0
100
AcDbSpline
70
4
71
3
72
8
73
4
74
0
42
0.000000001
43
0.0000000001
44
0.0000000001
40
0
40
0
40
0
40
0
40
1
40
1
40
1
40
1
41
1
41
1
41
1
41
1
10
9.8301040400013857
20
27.608766961097714
30
0
10
9.8300918400233535
20
27.595609051386511
30
0
10
9.8300796526616363
20
27.58245114167531
30
0
10
9.8300670868104252
20
27.568894556363418
30
0
0
SPLINE
5
1665
100
AcDbEntity
8
0
100
AcDbSpline
70
4
71
3
72
8
73
4
74
0
42
0.000000001
43
0.0000000001
44
0.0000000001
40
0
40
0
40
0
40
0
40
1
40
1
40
1
40
1
41
1
41
1
41
1
41
1
10
9.8300670868104252
20
27.568894556363418
30
0
10
9.8316949070439286
20
27.539374999999996
30
0
10
9.8316949070439286
20
27.539374999999996
30
0
10
9.8449240737105939
20
27.526145833333327
30
0
0
SPLINE
5
1666
100
AcDbEntity
8
0
100
AcDbSpline
70
4
71
3
72
8
73
4
74
0
42
0.000000001
43
0.0000000001
44
0.0000000001
40
0
40
0
40
0
40
0
40
1
40
1
40
1
40
1
41
1
41
1
41
1
41
1
10
9.8449240737105939
20
27.526145833333327
30
0
10
9.8846115737105951
20
27.524492187499995
30
0
10
9.8846115737105951
20
27.524492187499995
30
0
10
9.9242990737105963
20
27.526145833333327
30
0
0
SPLINE
5
1667
100
AcDbEntity
8
0
100
AcDbSpline
70
4
71
3
72
8
73
4
74
0
42
0.000000001
43
0.0000000001
44
0.0000000001
40
0
40
0
40
0
40
0
40
1
40
1
40
1
40
1
41
1
41
1
41
1
41
1
10
9.9242990737105963
20
27.526145833333327
30
0
10
9.9375282403772616
20
27.539374999999996
30
0
10
9.9375282403772616
20
27.539374999999996
30
0
10
9.939156060610765
20
27.568894556363418
30
0
0
SPLINE
5
1668
100
AcDbEntity
8
0
100
AcDbSpline
70
4
71
3
72
8
73
4
74
0
42
0.000000001
43
0.0000000001
44
0.0000000001
40
0
40
0
40
0
40
0
40
1
40
1
40
1
40
1
41
1
41
1
41
1
41
1
10
9.939156060610765
20
27.568894556363418
30
0
10
9.9391438661523708
20
27.582052466074622
30
0
10
9.9391316714968454
20
27.595210375785825
30
0
10
9.9391191074198026
20
27.608766961097714
30
0
0
SPLINE
5
1669
100
AcDbEntity
8
0
100
AcDbSpline
70
4
71
3
72
8
73
4
74
0
42
0.000000001
43
0.0000000001
44
0.0000000001
40
0
40
0
40
0
40
0
40
1
40
1
40
1
40
1
41
1
41
1
41
1
41
1
10
9.9391191074198026
20
27.608766961097714
30
0
10
9.9391372930514859
20
27.623812271753941
30
0
10
9.9391554787817338
20
27.638857683340703
30
0
10
9.9391742155887428
20
27.654358897209161
30
0
0
SPLINE
5
1670
100
AcDbEntity
8
0
100
AcDbSpline
70
4
71
3
72
8
73
4
74
0
42
0.000000001
43
0.0000000001
44
0.0000000001
40
0
40
0
40
0
40
0
40
1
40
1
40
1
40
1
41
1
41
1
41
1
41
1
10
9.9391742155887428
20
27.654358897209161
30
0
10
9.939126652962706
20
27.671011122862495
30
0
10
9.9390790904352357
20
27.687663449446354
30
0
10
9.9390300866907388
20
27.704820327758782
30
0
0
SPLINE
5
1671
100
AcDbEntity
8
0
100
AcDbSpline
70
4
71
3
72
8
73
4
74
0
42
0.000000001
43
0.0000000001
44
0.0000000001
40
0
40
0
40
0
40
0
40
1
40
1
40
1
40
1
41
1
41
1
41
1
41
1
10
9.9390300866907388
20
27.704820327758782
30
0
10
9.9390320185642
20
27.722241543134047
30
0
10
9.93903395024053
20
27.739662758509311
30
0
10
9.9390359407601476
20
27.757611840565993
30
0
0
SPLINE
5
1672
100
AcDbEntity
8
0
100
AcDbSpline
70
4
71
3
72
8
73
4
74
0
42
0.000000001
43
0.0000000001
44
0.0000000001
40
0
40
0
40
0
40
0
40
1
40
1
40
1
40
1
41
1
41
1
41
1
41
1
10
9.9390359407601476
20
27.757611840565993
30
0
10
9.9390397502963346
20
27.805524472395575
30
0
10
9.9389617428230359
20
27.853436599572493
30
0
10
9.9388695976829098
20
27.901349130471544
30
0
0
SPLINE
5
1673
100
AcDbEntity
8
0
100
AcDbSpline
70
4
71
3
72
8
73
4
74
0
42
0.000000001
43
0.0000000001
44
0.0000000001
40
0
40
0
40
0
40
0
40
1
40
1
40
1
40
1
41
1
41
1
41
1
41
1
10
9.9388695976829098
20
27.901349130471544
30
0
10
9.9387871318202077
20
27.951368586222326
30
0
10
9.9387791452976177
20
28.001388041973108
30
0
10
9.9387634282256716
20
28.051407497723893
30
0
0
SPLINE
5
1674
100
AcDbEntity
8
0
100
AcDbSpline
70
4
71
3
72
8
73
4
74
0
42
0.000000001
43
0.0000000001
44
0.0000000001
40
0
40
0
40
0
40
0
40
1
40
1
40
1
40
1
41
1
41
1
41
1
41
1
10
9.9387634282256716
20
28.051407497723893
30
0
10
9.9387222419648342
20
28.146189543406166
30
0
10
9.9386135862061682
20
28.240971286296841
30
0
10
9.9384809922683282
20
28.335753231048582
30
0
0
SPLINE
5
1675
100
AcDbEntity
8
0
100
AcDbSpline
70
4
71
3
72
8
73
4
74
0
42
0.000000001
43
0.0000000001
44
0.0000000001
40
0
40
0
40
0
40
0
40
1
40
1
40
1
40
1
41
1
41
1
41
1
41
1
10
9.9384809922683282
20
28.335753231048582
30
0
10
9.9383333386376265
20
28.443632325331368
30
0
10
9.938260440772499
20
28.551511470079415
30
0
10
9.9381939797914676
20
28.659390665292737
30
0
0
SPLINE
5
1676
100
AcDbEntity
8
0
100
AcDbSpline
70
4
71
3
72
8
73
4
74
0
42
0.000000001
43
0.0000000001
44
0.0000000001
40
0
40
0
40
0
40
0
40
1
40
1
40
1
40
1
41
1
41
1
41
1
41
1
10
9.9381939797914676
20
28.659390665292737
30
0
10
9.9380555454354642
20
28.881364761590955
30
0
10
9.9378227201610798
20
29.10333860556284
30
0
10
9.9375282403772616
20
29.325312499999995
30
0
0
SPLINE
5
1677
100
AcDbEntity
8
0
100
AcDbSpline
70
4
71
3
72
8
73
4
74
0
42
0.000000001
43
0.0000000001
44
0.0000000001
40
0
40
0
40
0
40
0
40
1
40
1
40
1
40
1
41
1
41
1
41
1
41
1
10
17.226799073710598
20
29.325312499999995
30
0
10
17.191874072322801
20
29.325312499999995
30
0
10
17.156949070935006
20
29.325312499999995
30
0
10
17.120965740377262
20
29.325312499999995
30
0
0
SPLINE
5
1678
100
AcDbEntity
8
0
100
AcDbSpline
70
4
71
3
72
8
73
4
74
0
42
0.000000001
43
0.0000000001
44
0.0000000001
40
0
40
0
40
0
40
0
40
1
40
1
40
1
40
1
41
1
41
1
41
1
41
1
10
17.120965740377262
20
29.325312499999995
30
0
10
17.120657120043592
20
29.092683672110233
30
0
10
17.120423629874544
20
28.860054894685739
30
0
10
17.120280308519359
20
28.627425915400181
30
0
0
SPLINE
5
1679
100
AcDbEntity
8
0
100
AcDbSpline
70
4
71
3
72
8
73
4
74
0
42
0.000000001
43
0.0000000001
44
0.0000000001
40
0
40
0
40
0
40
0
40
1
40
1
40
1
40
1
41
1
41
1
41
1
41
1
10
17.120280308519359
20
28.627425915400181
30
0
10
17.120212003781951
20
28.519419800043103
30
0
10
17.120118832284767
20
28.411413886547084
30
0
10
17.119967739278628
20
28.303407821655266
30
0
0
SPLINE
5
1680
100
AcDbEntity
8
0
100
AcDbSpline
70
4
71
3
72
8
73
4
74
0
42
0.000000001
43
0.0000000001
44
0.0000000001
40
0
40
0
40
0
40
0
40
1
40
1
40
1
40
1
41
1
41
1
41
1
41
1
10
17.119967739278628
20
28.303407821655266
30
0
10
17.119836151097768
20
28.209303827285762
30
0
10
17.119750599855735
20
28.115199832916254
30
0
10
17.119721027209913
20
28.021095737616214
30
0
0
SPLINE
5
1681
100
AcDbEntity
8
0
100
AcDbSpline
70
4
71
3
72
8
73
4
74
0
42
0.000000001
43
0.0000000001
44
0.0000000001
40
0
40
0
40
0
40
0
40
1
40
1
40
1
40
1
41
1
41
1
41
1
41
1
10
17.119721027209913
20
28.021095737616214
30
0
10
17.119703730240023
20
27.971237770716346
30
0
10
17.119662903839902
20
27.921380005677534
30
0
10
17.119567019834673
20
27.871522038777666
30
0
0
SPLINE
5
1682
100
AcDbEntity
8
0
100
AcDbSpline
70
4
71
3
72
8
73
4
74
0
42
0.000000001
43
0.0000000001
44
0.0000000001
40
0
40
0
40
0
40
0
40
1
40
1
40
1
40
1
41
1
41
1
41
1
41
1
10
17.119567019834673
20
27.871522038777666
30
0
10
17.119461017543628
20
27.81595473448435
30
0
10
17.119457737301346
20
27.76038783391316
30
0
10
17.119463894063788
20
27.704820327758782
30
0
0
SPLINE
5
1683
100
AcDbEntity
8
0
100
AcDbSpline
70
4
71
3
72
8
73
4
74
0
42
0.000000001
43
0.0000000001
44
0.0000000001
40
0
40
0
40
0
40
0
40
1
40
1
40
1
40
1
41
1
41
1
41
1
41
1
10
17.119463894063788
20
27.704820327758782
30
0
10
17.119416330550663
20
27.688168102105454
30
0
10
17.119368767037546
20
27.671515775521591
30
0
10
17.119319765264347
20
27.654358897209161
30
0
0
SPLINE
5
1684
100
AcDbEntity
8
0
100
AcDbSpline
70
4
71
3
72
8
73
4
74
0
42
0.000000001
43
0.0000000001
44
0.0000000001
40
0
40
0
40
0
40
0
40
1
40
1
40
1
40
1
41
1
41
1
41
1
41
1
10
17.119319765264347
20
27.654358897209161
30
0
10
17.11933794537639
20
27.639313586552934
30
0
10
17.119356138104752
20
27.624268275896704
30
0
10
17.119374873334721
20
27.608766961097714
30
0
0
SPLINE
5
1685
100
AcDbEntity
8
0
100
AcDbSpline
70
4
71
3
72
8
73
4
74
0
42
0.000000001
43
0.0000000001
44
0.0000000001
40
0
40
0
40
0
40
0
40
1
40
1
40
1
40
1
41
1
41
1
41
1
41
1
10
17.119374873334721
20
27.608766961097714
30
0
10
17.11936267335669
20
27.595609051386511
30
0
10
17.119350485994971
20
27.58245114167531
30
0
10
17.11933792014376
20
27.568894556363418
30
0
0
SPLINE
5
1686
100
AcDbEntity
8
0
100
AcDbSpline
70
4
71
3
72
8
73
4
74
0
42
0.000000001
43
0.0000000001
44
0.0000000001
40
0
40
0
40
0
40
0
40
1
40
1
40
1
40
1
41
1
41
1
41
1
41
1
10
17.11933792014376
20
27.568894556363418
30
0
10
17.120965740377262
20
27.539374999999996
30
0
10
17.120965740377262
20
27.539374999999996
30
0
10
17.134194907043931
20
27.526145833333327
30
0
0
SPLINE
5
1687
100
AcDbEntity
8
0
100
AcDbSpline
70
4
71
3
72
8
73
4
74
0
42
0.000000001
43
0.0000000001
44
0.0000000001
40
0
40
0
40
0
40
0
40
1
40
1
40
1
40
1
41
1
41
1
41
1
41
1
10
17.134194907043931
20
27.526145833333327
30
0
10
17.17388240704393
20
27.524492187499995
30
0
10
17.17388240704393
20
27.524492187499995
30
0
10
17.213569907043929
20
27.526145833333327
30
0
0
SPLINE
5
1688
100
AcDbEntity
8
0
100
AcDbSpline
70
4
71
3
72
8
73
4
74
0
42
0.000000001
43
0.0000000001
44
0.0000000001
40
0
40
0
40
0
40
0
40
1
40
1
40
1
40
1
41
1
41
1
41
1
41
1
10
17.213569907043929
20
27.526145833333327
30
0
10
17.226799073710598
20
27.539374999999996
30
0
10
17.226799073710598
20
27.539374999999996
30
0
10
17.2284268939441
20
27.568894556363418
30
0
0
SPLINE
5
1689
100
AcDbEntity
8
0
100
AcDbSpline
70
4
71
3
72
8
73
4
74
0
42
0.000000001
43
0.0000000001
44
0.0000000001
40
0
40
0
40
0
40
0
40
1
40
1
40
1
40
1
41
1
41
1
41
1
41
1
10
17.2284268939441
20
27.568894556363418
30
0
10
17.228414699485704
20
27.582052466074622
30
0
10
17.228402504830179
20
27.595210375785825
30
0
10
17.228389940753139
20
27.608766961097714
30
0
0
SPLINE
5
1690
100
AcDbEntity
8
0
100
AcDbSpline
70
4
71
3
72
8
73
4
74
0
42
0.000000001
43
0.0000000001
44
0.0000000001
40
0
40
0
40
0
40
0
40
1
40
1
40
1
40
1
41
1
41
1
41
1
41
1
10
17.228389940753139
20
27.608766961097714
30
0
10
17.228408126384821
20
27.623812271753941
30
0
10
17.228426312115069
20
27.638857683340703
30
0
10
17.228445048922076
20
27.654358897209161
30
0
0
SPLINE
5
1691
100
AcDbEntity
8
0
100
AcDbSpline
70
4
71
3
72
8
73
4
74
0
42
0.000000001
43
0.0000000001
44
0.0000000001
40
0
40
0
40
0
40
0
40
1
40
1
40
1
40
1
41
1
41
1
41
1
41
1
10
17.228445048922076
20
27.654358897209161
30
0
10
17.228397486296039
20
27.671011122862495
30
0
10
17.228349923768572
20
27.687663449446354
30
0
10
17.228300920024072
20
27.704820327758782
30
0
0
SPLINE
5
1692
100
AcDbEntity
8
0
100
AcDbSpline
70
4
71
3
72
8
73
4
74
0
42
0.000000001
43
0.0000000001
44
0.0000000001
40
0
40
0
40
0
40
0
40
1
40
1
40
1
40
1
41
1
41
1
41
1
41
1
10
17.228300920024072
20
27.704820327758782
30
0
10
17.228302851897535
20
27.722241543134047
30
0
10
17.228304783573865
20
27.739662758509311
30
0
10
17.228306774093483
20
27.757611840565993
30
0
0
SPLINE
5
1693
100
AcDbEntity
8
0
100
AcDbSpline
70
4
71
3
72
8
73
4
74
0
42
0.000000001
43
0.0000000001
44
0.0000000001
40
0
40
0
40
0
40
0
40
1
40
1
40
1
40
1
41
1
41
1
41
1
41
1
10
17.228306774093483
20
27.757611840565993
30
0
10
17.228310583629671
20
27.805524472395575
30
0
10
17.228232576156369
20
27.853436599572493
30
0
10
17.228140431016243
20
27.901349130471544
30
0
0
SPLINE
5
1694
100
AcDbEntity
8
0
100
AcDbSpline
70
4
71
3
72
8
73
4
74
0
42
0.000000001
43
0.0000000001
44
0.0000000001
40
0
40
0
40
0
40
0
40
1
40
1
40
1
40
1
41
1
41
1
41
1
41
1
10
17.228140431016243
20
27.901349130471544
30
0
10
17.228057965153543
20
27.951368586222326
30
0
10
17.228049978630953
20
28.001388041973108
30
0
10
17.228034261559007
20
28.051407497723893
30
0
0
SPLINE
5
1695
100
AcDbEntity
8
0
100
AcDbSpline
70
4
71
3
72
8
73
4
74
0
42
0.000000001
43
0.0000000001
44
0.0000000001
40
0
40
0
40
0
40
0
40
1
40
1
40
1
40
1
41
1
41
1
41
1
41
1
10
17.228034261559007
20
28.051407497723893
30
0
10
17.227993075298169
20
28.146189543406166
30
0
10
17.227884419539503
20
28.240971286296841
30
0
10
17.227751825601661
20
28.335753231048582
30
0
0
SPLINE
5
1696
100
AcDbEntity
8
0
100
AcDbSpline
70
4
71
3
72
8
73
4
74
0
42
0.000000001
43
0.0000000001
44
0.0000000001
40
0
40
0
40
0
40
0
40
1
40
1
40
1
40
1
41
1
41
1
41
1
41
1
10
17.227751825601661
20
28.335753231048582
30
0
10
17.22760417197096
20
28.443632325331368
30
0
10
17.227531274105836
20
28.551511470079415
30
0
10
17.227464813124801
20
28.659390665292737
30
0
0
SPLINE
5
1697
100
AcDbEntity
8
0
100
AcDbSpline
70
4
71
3
72
8
73
4
74
0
42
0.000000001
43
0.0000000001
44
0.0000000001
40
0
40
0
40
0
40
0
40
1
40
1
40
1
40
1
41
1
41
1
41
1
41
1
10
17.227464813124801
20
28.659390665292737
30
0
10
17.227326378768801
20
28.881364761590955
30
0
10
17.227093553494413
20
29.10333860556284
30
0
10
17.226799073710598
20
29.325312499999995
30
0
0
SPLINE
5
1698
100
AcDbEntity
8
0
100
AcDbSpline
70
4
71
3
72
8
73
4
74
0
42
0.000000001
43
0.0000000001
44
0.0000000001
40
0
40
0
40
0
40
0
40
1
40
1
40
1
40
1
41
1
41
1
41
1
41
1
10
10.102066000793927
20
29.32613932291666
30
0
10
10.087059165171837
20
29.325866471343321
30
0
10
10.072052329549745
20
29.325593619769975
30
0
10
10.056590740377263
20
29.325312499999995
30
0
0
SPLINE
5
1699
100
AcDbEntity
8
0
100
AcDbSpline
70
4
71
3
72
8
73
4
74
0
42
0.000000001
43
0.0000000001
44
0.0000000001
40
0
40
0
40
0
40
0
40
1
40
1
40
1
40
1
41
1
41
1
41
1
41
1
10
10.056590740377263
20
29.325312499999995
30
0
10
10.056282126351748
20
29.092683672110233
30
0
10
10.056048623566385
20
28.860054894685739
30
0
10
10.055905308519357
20
28.627425915400181
30
0
0
SPLINE
5
1700
100
AcDbEntity
8
0
100
AcDbSpline
70
4
71
3
72
8
73
4
74
0
42
0.000000001
43
0.0000000001
44
0.0000000001
40
0
40
0
40
0
40
0
40
1
40
1
40
1
40
1
41
1
41
1
41
1
41
1
10
10.055905308519357
20
28.627425915400181
30
0
10
10.055837003781949
20
28.519419800043103
30
0
10
10.055743832284762
20
28.411413886547084
30
0
10
10.05559273927863
20
28.303407821655266
30
0
0
SPLINE
5
1701
100
AcDbEntity
8
0
100
AcDbSpline
70
4
71
3
72
8
73
4
74
0
42
0.000000001
43
0.0000000001
44
0.0000000001
40
0
40
0
40
0
40
0
40
1
40
1
40
1
40
1
41
1
41
1
41
1
41
1
10
10.05559273927863
20
28.303407821655266
30
0
10
10.055461157405928
20
28.209303827285762
30
0
10
10.055375596701657
20
28.115199832916254
30
0
10
10.055346027209913
20
28.021095737616214
30
0
0
SPLINE
5
1702
100
AcDbEntity
8
0
100
AcDbSpline
70
4
71
3
72
8
73
4
74
0
42
0.000000001
43
0.0000000001
44
0.0000000001
40
0
40
0
40
0
40
0
40
1
40
1
40
1
40
1
41
1
41
1
41
1
41
1
10
10.055346027209913
20
28.021095737616214
30
0
10
10.05532873654818
20
27.971237770716346
30
0
10
10.055287906993978
20
27.921380005677534
30
0
10
10.055192019834671
20
27.871522038777666
30
0
0
SPLINE
5
1703
100
AcDbEntity
8
0
100
AcDbSpline
70
4
71
3
72
8
73
4
74
0
42
0.000000001
43
0.0000000001
44
0.0000000001
40
0
40
0
40
0
40
0
40
1
40
1
40
1
40
1
41
1
41
1
41
1
41
1
10
10.055192019834671
20
27.871522038777666
30
0
10
10.055086014389548
20
27.81595473448435
30
0
10
10.055082730993185
20
27.76038783391316
30
0
10
10.055088894063786
20
27.704820327758782
30
0
0
SPLINE
5
1704
100
AcDbEntity
8
0
100
AcDbSpline
70
4
71
3
72
8
73
4
74
0
42
0.000000001
43
0.0000000001
44
0.0000000001
40
0
40
0
40
0
40
0
40
1
40
1
40
1
40
1
41
1
41
1
41
1
41
1
10
10.055088894063786
20
27.704820327758782
30
0
10
10.055041330550665
20
27.688168102105454
30
0
10
10.054993770191626
20
27.671515775521591
30
0
10
10.054944765264347
20
27.654358897209161
30
0
0
SPLINE
5
1705
100
AcDbEntity
8
0
100
AcDbSpline
70
4
71
3
72
8
73
4
74
0
42
0.000000001
43
0.0000000001
44
0.0000000001
40
0
40
0
40
0
40
0
40
1
40
1
40
1
40
1
41
1
41
1
41
1
41
1
10
10.054944765264347
20
27.654358897209161
30
0
10
10.05496295168455
20
27.639313586552934
30
0
10
10.05498113810475
20
27.624268275896704
30
0
10
10.054999873334721
20
27.608766961097714
30
0
0
SPLINE
5
1706
100
AcDbEntity
8
0
100
AcDbSpline
70
4
71
3
72
8
73
4
74
0
42
0.000000001
43
0.0000000001
44
0.0000000001
40
0
40
0
40
0
40
0
40
1
40
1
40
1
40
1
41
1
41
1
41
1
41
1
10
10.054999873334721
20
27.608766961097714
30
0
10
10.054987679664844
20
27.595609051386511
30
0
10
10.054975482840891
20
27.58245114167531
30
0
10
10.054962920143758
20
27.568894556363418
30
0
0
SPLINE
5
1707
100
AcDbEntity
8
0
100
AcDbSpline
70
4
71
3
72
8
73
4
74
0
42
0.000000001
43
0.0000000001
44
0.0000000001
40
0
40
0
40
0
40
0
40
1
40
1
40
1
40
1
41
1
41
1
41
1
41
1
10
10.054962920143758
20
27.568894556363418
30
0
10
10.056590740377263
20
27.539374999999996
30
0
10
10.056590740377263
20
27.539374999999996
30
0
10
10.069819907043929
20
27.526145833333327
30
0
0
SPLINE
5
1708
100
AcDbEntity
8
0
100
AcDbSpline
70
4
71
3
72
8
73
4
74
0
42
0.000000001
43
0.0000000001
44
0.0000000001
40
0
40
0
40
0
40
0
40
1
40
1
40
1
40
1
41
1
41
1
41
1
41
1
10
10.069819907043929
20
27.526145833333327
30
0
10
10.09627273217234
20
27.52560605684916
30
0
10
10.122742560152764
20
27.525583044687902
30
0
10
10.149194907043928
20
27.526145833333327
30
0
0
SPLINE
5
1709
100
AcDbEntity
8
0
100
AcDbSpline
70
4
71
3
72
8
73
4
74
0
42
0.000000001
43
0.0000000001
44
0.0000000001
40
0
40
0
40
0
40
0
40
1
40
1
40
1
40
1
41
1
41
1
41
1
41
1
10
10.149194907043928
20
27.526145833333327
30
0
10
10.166210753862615
20
27.560177590052284
30
0
10
10.164089263473507
20
27.584375483194982
30
0
10
10.164103961482203
20
27.622493513425187
30
0
0
SPLINE
5
1710
100
AcDbEntity
8
0
100
AcDbSpline
70
4
71
3
72
8
73
4
74
0
42
0.000000001
43
0.0000000001
44
0.0000000001
40
0
40
0
40
0
40
0
40
1
40
1
40
1
40
1
41
1
41
1
41
1
41
1
10
10.164103961482203
20
27.622493513425187
30
0
10
10.164141267930024
20
27.637315262953436
30
0
10
10.164178568069691
20
27.652137113412216
30
0
10
10.164217003677841
20
27.667408003807061
30
0
0
SPLINE
5
1711
100
AcDbEntity
8
0
100
AcDbSpline
70
4
71
3
72
8
73
4
74
0
42
0.000000001
43
0.0000000001
44
0.0000000001
40
0
40
0
40
0
40
0
40
1
40
1
40
1
40
1
41
1
41
1
41
1
41
1
10
10.164217003677841
20
27.667408003807061
30
0
10
10.164190225546117
20
27.683744518756864
30
0
10
10.164163447414394
20
27.70008103370666
30
0
10
10.164135855530256
20
27.716912612915031
30
0
0
SPLINE
5
1712
100
AcDbEntity
8
0
100
AcDbSpline
70
4
71
3
72
8
73
4
74
0
42
0.000000001
43
0.0000000001
44
0.0000000001
40
0
40
0
40
0
40
0
40
1
40
1
40
1
40
1
41
1
41
1
41
1
41
1
10
10.164135855530256
20
27.716912612915031
30
0
10
10.164159038011784
20
27.734056471188858
30
0
10
10.164182220493313
20
27.751200228532152
30
0
10
10.164206103180405
20
27.768863576253253
30
0
0
SPLINE
5
1713
100
AcDbEntity
8
0
100
AcDbSpline
70
4
71
3
72
8
73
4
74
0
42
0.000000001
43
0.0000000001
44
0.0000000001
40
0
40
0
40
0
40
0
40
1
40
1
40
1
40
1
41
1
41
1
41
1
41
1
10
10.164206103180405
20
27.768863576253253
30
0
10
10.164266535336331
20
27.815956248442326
30
0
10
10.164242980673466
20
27.863048516909274
30
0
10
10.164201088194604
20
27.910141290028886
30
0
0
SPLINE
5
1714
100
AcDbEntity
8
0
100
AcDbSpline
70
4
71
3
72
8
73
4
74
0
42
0.000000001
43
0.0000000001
44
0.0000000001
40
0
40
0
40
0
40
0
40
1
40
1
40
1
40
1
41
1
41
1
41
1
41
1
10
10.164201088194604
20
27.910141290028886
30
0
10
10.164167667572254
20
27.959342300097141
30
0
10
10.16419863432105
20
28.0085433101654
30
0
10
10.164219426010604
20
28.05774432023366
30
0
0
SPLINE
5
1715
100
AcDbEntity
8
0
100
AcDbSpline
70
4
71
3
72
8
73
4
74
0
42
0.000000001
43
0.0000000001
44
0.0000000001
40
0
40
0
40
0
40
0
40
1
40
1
40
1
40
1
41
1
41
1
41
1
41
1
10
10.164219426010604
20
28.05774432023366
30
0
10
10.164243510558759
20
28.140364337762193
30
0
10
10.164211723749395
20
28.222984153429664
30
0
10
10.164148774638331
20
28.305604070027663
30
0
0
SPLINE
5
1716
100
AcDbEntity
8
0
100
AcDbSpline
70
4
71
3
72
8
73
4
74
0
42
0.000000001
43
0.0000000001
44
0.0000000001
40
0
40
0
40
0
40
0
40
1
40
1
40
1
40
1
41
1
41
1
41
1
41
1
10
10.164148774638331
20
28.305604070027663
30
0
10
10.164076741779402
20
28.40125109036763
30
0
10
10.164100119813835
20
28.496897706985468
30
0
10
10.164172934884384
20
28.592544676860172
30
0
0
SPLINE
5
1717
100
AcDbEntity
8
0
100
AcDbSpline
70
4
71
3
72
8
73
4
74
0
42
0.000000001
43
0.0000000001
44
0.0000000001
40
0
40
0
40
0
40
0
40
1
40
1
40
1
40
1
41
1
41
1
41
1
41
1
10
10.164172934884384
20
28.592544676860172
30
0
10
10.164232881312127
20
28.674548765818276
30
0
10
10.164241485639964
20
28.756552703380578
30
0
10
10.164206822310442
20
28.838556792338682
30
0
0
SPLINE
5
1718
100
AcDbEntity
8
0
100
AcDbSpline
70
4
71
3
72
8
73
4
74
0
42
0.000000001
43
0.0000000001
44
0.0000000001
40
0
40
0
40
0
40
0
40
1
40
1
40
1
40
1
41
1
41
1
41
1
41
1
10
10.164206822310442
20
28.838556792338682
30
0
10
10.164186150475894
20
28.887586270968114
30
0
10
10.164183570439175
20
28.93661552250385
30
0
10
10.164227147196288
20
28.985644950668011
30
0
0
SPLINE
5
1719
100
AcDbEntity
8
0
100
AcDbSpline
70
4
71
3
72
8
73
4
74
0
42
0.000000001
43
0.0000000001
44
0.0000000001
40
0
40
0
40
0
40
0
40
1
40
1
40
1
40
1
41
1
41
1
41
1
41
1
10
10.164227147196288
20
28.985644950668011
30
0
10
10.164272294684801
20
29.040259092251457
30
0
10
10.164209806069289
20
29.09487257778644
30
0
10
10.164135855530256
20
29.149486668904618
30
0
0
SPLINE
5
1720
100
AcDbEntity
8
0
100
AcDbSpline
70
4
71
3
72
8
73
4
74
0
42
0.000000001
43
0.0000000001
44
0.0000000001
40
0
40
0
40
0
40
0
40
1
40
1
40
1
40
1
41
1
41
1
41
1
41
1
10
10.164135855530256
20
29.149486668904618
30
0
10
10.164162633661979
20
29.1658499682943
30
0
10
10.164189411793703
20
29.182213267683977
30
0
10
10.164217003677841
20
29.199072426160171
30
0
0
SPLINE
5
1721
100
AcDbEntity
8
0
100
AcDbSpline
70
4
71
3
72
8
73
4
74
0
42
0.000000001
43
0.0000000001
44
0.0000000001
40
0
40
0
40
0
40
0
40
1
40
1
40
1
40
1
41
1
41
1
41
1
41
1
10
10.164217003677841
20
29.199072426160171
30
0
10
10.164161050314263
20
29.221249141246076
30
0
10
10.164161050314263
20
29.221249141246076
30
0
10
10.164103961482203
20
29.243873874346413
30
0
0
SPLINE
5
1722
100
AcDbEntity
8
0
100
AcDbSpline
70
4
71
3
72
8
73
4
74
0
42
0.000000001
43
0.0000000001
44
0.0000000001
40
0
40
0
40
0
40
0
40
1
40
1
40
1
40
1
41
1
41
1
41
1
41
1
10
10.164103961482203
20
29.243873874346413
30
0
10
10.164098971729034
20
29.25680231849352
30
0
10
10.164093988284026
20
29.269730762640627
30
0
10
10.164088847135062
20
29.283050981263315
30
0
0
SPLINE
5
1723
100
AcDbEntity
8
0
100
AcDbSpline
70
4
71
3
72
8
73
4
74
0
42
0.000000001
43
0.0000000001
44
0.0000000001
40
0
40
0
40
0
40
0
40
1
40
1
40
1
40
1
41
1
41
1
41
1
41
1
10
10.164088847135062
20
29.283050981263315
30
0
10
10.161283016199425
20
29.331982438210392
30
0
10
10.153100016558721
20
29.325243989360359
30
0
10
10.102066000793927
20
29.32613932291666
30
0
0
SPLINE
5
1724
100
AcDbEntity
8
0
100
AcDbSpline
70
4
71
3
72
8
73
4
74
0
42
0.000000001
43
0.0000000001
44
0.0000000001
40
0
40
0
40
0
40
0
40
1
40
1
40
1
40
1
41
1
41
1
41
1
41
1
10
10.043361573710596
20
29.325312499999995
30
0
10
10.012802199467574
20
29.325312499999995
30
0
10
9.9822428252245547
20
29.325312499999995
30
0
10
9.9507574070439286
20
29.325312499999995
30
0
0
SPLINE
5
1725
100
AcDbEntity
8
0
100
AcDbSpline
70
4
71
3
72
8
73
4
74
0
42
0.000000001
43
0.0000000001
44
0.0000000001
40
0
40
0
40
0
40
0
40
1
40
1
40
1
40
1
41
1
41
1
41
1
41
1
10
9.9507574070439286
20
29.325312499999995
30
0
10
9.9507574070439286
20
28.731587485869721
30
0
10
9.9507574070439286
20
28.137862471739446
30
0
10
9.9507574070439286
20
27.526145833333327
30
0
0
SPLINE
5
1726
100
AcDbEntity
8
0
100
AcDbSpline
70
4
71
3
72
8
73
4
74
0
42
0.000000001
43
0.0000000001
44
0.0000000001
40
0
40
0
40
0
40
0
40
1
40
1
40
1
40
1
41
1
41
1
41
1
41
1
10
9.9507574070439286
20
27.526145833333327
30
0
10
9.9813167812869494
20
27.526145833333327
30
0
10
10.01187615552997
20
27.526145833333327
30
0
10
10.043361573710596
20
27.526145833333327
30
0
0
SPLINE
5
1727
100
AcDbEntity
8
0
100
AcDbSpline
70
4
71
3
72
8
73
4
74
0
42
0.000000001
43
0.0000000001
44
0.0000000001
40
0
40
0
40
0
40
0
40
1
40
1
40
1
40
1
41
1
41
1
41
1
41
1
10
10.043361573710596
20
27.526145833333327
30
0
10
10.043361573710596
20
28.119870796998335
30
0
10
10.043361573710596
20
28.713595811128609
30
0
10
10.043361573710596
20
29.325312499999995
30
0
0
SPLINE
5
1728
100
AcDbEntity
8
0
100
AcDbSpline
70
4
71
3
72
8
73
4
74
0
42
0.000000001
43
0.0000000001
44
0.0000000001
40
0
40
0
40
0
40
0
40
1
40
1
40
1
40
1
41
1
41
1
41
1
41
1
10
16.988674073710598
20
29.325312499999995
30
0
10
16.958114699467576
20
29.325312499999995
30
0
10
16.927555325224553
20
29.325312499999995
30
0
10
16.89606990704393
20
29.325312499999995
30
0
0
SPLINE
5
1729
100
AcDbEntity
8
0
100
AcDbSpline
70
4
71
3
72
8
73
4
74
0
42
0.000000001
43
0.0000000001
44
0.0000000001
40
0
40
0
40
0
40
0
40
1
40
1
40
1
40
1
41
1
41
1
41
1
41
1
10
16.89606990704393
20
29.325312499999995
30
0
10
16.89606990704393
20
28.731587485869721
30
0
10
16.89606990704393
20
28.137862471739446
30
0
10
16.89606990704393
20
27.526145833333327
30
0
0
SPLINE
5
1730
100
AcDbEntity
8
0
100
AcDbSpline
70
4
71
3
72
8
73
4
74
0
42
0.000000001
43
0.0000000001
44
0.0000000001
40
0
40
0
40
0
40
0
40
1
40
1
40
1
40
1
41
1
41
1
41
1
41
1
10
16.89606990704393
20
27.526145833333327
30
0
10
16.926629281286949
20
27.526145833333327
30
0
10
16.957188655529972
20
27.526145833333327
30
0
10
16.988674073710598
20
27.526145833333327
30
0
0
SPLINE
5
1731
100
AcDbEntity
8
0
100
AcDbSpline
70
4
71
3
72
8
73
4
74
0
42
0.000000001
43
0.0000000001
44
0.0000000001
40
0
40
0
40
0
40
0
40
1
40
1
40
1
40
1
41
1
41
1
41
1
41
1
10
16.988674073710598
20
27.526145833333327
30
0
10
16.988674073710598
20
28.119870796998335
30
0
10
16.988674073710598
20
28.713595811128609
30
0
10
16.988674073710598
20
29.325312499999995
30
0
0
SPLINE
5
1732
100
AcDbEntity
8
0
100
AcDbSpline
70
4
71
3
72
8
73
4
74
0
42
0.000000001
43
0.0000000001
44
0.0000000001
40
0
40
0
40
0
40
0
40
1
40
1
40
1
40
1
41
1
41
1
41
1
41
1
10
18.536486573710597
20
29.325312499999995
30
0
10
18.505927199467575
20
29.325312499999995
30
0
10
18.475367825224556
20
29.325312499999995
30
0
10
18.44388240704393
20
29.325312499999995
30
0
0
SPLINE
5
1733
100
AcDbEntity
8
0
100
AcDbSpline
70
4
71
3
72
8
73
4
74
0
42
0.000000001
43
0.0000000001
44
0.0000000001
40
0
40
0
40
0
40
0
40
1
40
1
40
1
40
1
41
1
41
1
41
1
41
1
10
18.44388240704393
20
29.325312499999995
30
0
10
18.44388240704393
20
28.731587485869721
30
0
10
18.44388240704393
20
28.137862471739446
30
0
10
18.44388240704393
20
27.526145833333327
30
0
0
SPLINE
5
1734
100
AcDbEntity
8
0
100
AcDbSpline
70
4
71
3
72
8
73
4
74
0
42
0.000000001
43
0.0000000001
44
0.0000000001
40
0
40
0
40
0
40
0
40
1
40
1
40
1
40
1
41
1
41
1
41
1
41
1
10
18.44388240704393
20
27.526145833333327
30
0
10
18.474441781286952
20
27.526145833333327
30
0
10
18.505001155529971
20
27.526145833333327
30
0
10
18.536486573710597
20
27.526145833333327
30
0
0
SPLINE
5
1735
100
AcDbEntity
8
0
100
AcDbSpline
70
4
71
3
72
8
73
4
74
0
42
0.000000001
43
0.0000000001
44
0.0000000001
40
0
40
0
40
0
40
0
40
1
40
1
40
1
40
1
41
1
41
1
41
1
41
1
10
18.536486573710597
20
27.526145833333327
30
0
10
18.536486573710597
20
28.119870796998335
30
0
10
18.536486573710597
20
28.713595811128609
30
0
10
18.536486573710597
20
29.325312499999995
30
0
0
SPLINE
5
1736
100
AcDbEntity
8
0
100
AcDbSpline
70
4
71
3
72
8
73
4
74
0
42
0.000000001
43
0.0000000001
44
0.0000000001
40
0
40
0
40
0
40
0
40
1
40
1
40
1
40
1
41
1
41
1
41
1
41
1
10
18.761382407043929
20
29.325312499999995
30
0
10
18.73082303280091
20
29.325312499999995
30
0
10
18.700263658557887
20
29.325312499999995
30
0
10
18.668778240377264
20
29.325312499999995
30
0
0
SPLINE
5
1737
100
AcDbEntity
8
0
100
AcDbSpline
70
4
71
3
72
8
73
4
74
0
42
0.000000001
43
0.0000000001
44
0.0000000001
40
0
40
0
40
0
40
0
40
1
40
1
40
1
40
1
41
1
41
1
41
1
41
1
10
18.668778240377264
20
29.325312499999995
30
0
10
18.668469626351751
20
29.092683672110233
30
0
10
18.668236123566384
20
28.860054894685739
30
0
10
18.668092808519358
20
28.627425915400181
30
0
0
SPLINE
5
1738
100
AcDbEntity
8
0
100
AcDbSpline
70
4
71
3
72
8
73
4
74
0
42
0.000000001
43
0.0000000001
44
0.0000000001
40
0
40
0
40
0
40
0
40
1
40
1
40
1
40
1
41
1
41
1
41
1
41
1
10
18.668092808519358
20
28.627425915400181
30
0
10
18.66802450378195
20
28.519419800043103
30
0
10
18.667931332284763
20
28.411413886547084
30
0
10
18.667780239278631
20
28.303407821655266
30
0
0
SPLINE
5
1739
100
AcDbEntity
8
0
100
AcDbSpline
70
4
71
3
72
8
73
4
74
0
42
0.000000001
43
0.0000000001
44
0.0000000001
40
0
40
0
40
0
40
0
40
1
40
1
40
1
40
1
41
1
41
1
41
1
41
1
10
18.667780239278631
20
28.303407821655266
30
0
10
18.667648657405927
20
28.209303827285762
30
0
10
18.667563099855737
20
28.115199832916254
30
0
10
18.667533527209915
20
28.021095737616214
30
0
0
SPLINE
5
1740
100
AcDbEntity
8
0
100
AcDbSpline
70
4
71
3
72
8
73
4
74
0
42
0.000000001
43
0.0000000001
44
0.0000000001
40
0
40
0
40
0
40
0
40
1
40
1
40
1
40
1
41
1
41
1
41
1
41
1
10
18.667533527209915
20
28.021095737616214
30
0
10
18.667516236548181
20
27.971237770716346
30
0
10
18.667475403839902
20
27.921380005677534
30
0
10
18.667379519834672
20
27.871522038777666
30
0
0
SPLINE
5
1741
100
AcDbEntity
8
0
100
AcDbSpline
70
4
71
3
72
8
73
4
74
0
42
0.000000001
43
0.0000000001
44
0.0000000001
40
0
40
0
40
0
40
0
40
1
40
1
40
1
40
1
41
1
41
1
41
1
41
1
10
18.667379519834672
20
27.871522038777666
30
0
10
18.667273511235472
20
27.81595473448435
30
0
10
18.667270230993186
20
27.76038783391316
30
0
10
18.667276394063787
20
27.704820327758782
30
0
0
SPLINE
5
1742
100
AcDbEntity
8
0
100
AcDbSpline
70
4
71
3
72
8
73
4
74
0
42
0.000000001
43
0.0000000001
44
0.0000000001
40
0
40
0
40
0
40
0
40
1
40
1
40
1
40
1
41
1
41
1
41
1
41
1
10
18.667276394063787
20
27.704820327758782
30
0
10
18.667228830550666
20
27.688168102105454
30
0
10
18.667181267037549
20
27.671515775521591
30
0
10
18.66713226526435
20
27.654358897209161
30
0
0
SPLINE
5
1743
100
AcDbEntity
8
0
100
AcDbSpline
70
4
71
3
72
8
73
4
74
0
42
0.000000001
43
0.0000000001
44
0.0000000001
40
0
40
0
40
0
40
0
40
1
40
1
40
1
40
1
41
1
41
1
41
1
41
1
10
18.66713226526435
20
27.654358897209161
30
0
10
18.667159541740574
20
27.631790830294285
30
0
10
18.667159541740574
20
27.631790830294285
30
0
10
18.66718737333472
20
27.608766961097714
30
0
0
SPLINE
5
1744
100
AcDbEntity
8
0
100
AcDbSpline
70
4
71
3
72
8
73
4
74
0
42
0.000000001
43
0.0000000001
44
0.0000000001
40
0
40
0
40
0
40
0
40
1
40
1
40
1
40
1
41
1
41
1
41
1
41
1
10
18.66718737333472
20
27.608766961097714
30
0
10
18.667175179664849
20
27.595609051386511
30
0
10
18.66716298599497
20
27.58245114167531
30
0
10
18.667150420143759
20
27.568894556363418
30
0
0
SPLINE
5
1745
100
AcDbEntity
8
0
100
AcDbSpline
70
4
71
3
72
8
73
4
74
0
42
0.000000001
43
0.0000000001
44
0.0000000001
40
0
40
0
40
0
40
0
40
1
40
1
40
1
40
1
41
1
41
1
41
1
41
1
10
18.667150420143759
20
27.568894556363418
30
0
10
18.668778240377264
20
27.539374999999996
30
0
10
18.668778240377264
20
27.539374999999996
30
0
10
18.68200740704393
20
27.526145833333327
30
0
0
SPLINE
5
1746
100
AcDbEntity
8
0
100
AcDbSpline
70
4
71
3
72
8
73
4
74
0
42
0.000000001
43
0.0000000001
44
0.0000000001
40
0
40
0
40
0
40
0
40
1
40
1
40
1
40
1
41
1
41
1
41
1
41
1
10
18.68200740704393
20
27.526145833333327
30
0
10
18.708201157296255
20
27.526145833333327
30
0
10
18.734394907548584
20
27.526145833333327
30
0
10
18.761382407043929
20
27.526145833333327
30
0
0
SPLINE
5
1747
100
AcDbEntity
8
0
100
AcDbSpline
70
4
71
3
72
8
73
4
74
0
42
0.000000001
43
0.0000000001
44
0.0000000001
40
0
40
0
40
0
40
0
40
1
40
1
40
1
40
1
41
1
41
1
41
1
41
1
10
18.761382407043929
20
27.526145833333327
30
0
10
18.761382407043929
20
28.119870796998335
30
0
10
18.761382407043929
20
28.713595811128609
30
0
10
18.761382407043929
20
29.325312499999995
30
0
0
SPLINE
5
1748
100
AcDbEntity
8
0
100
AcDbSpline
70
4
71
3
72
8
73
4
74
0
42
0.000000001
43
0.0000000001
44
0.0000000001
40
0
40
0
40
0
40
0
40
1
40
1
40
1
40
1
41
1
41
1
41
1
41
1
10
20.560549073710597
20
29.325312499999995
30
0
10
20.529989699467578
20
29.325312499999995
30
0
10
20.499430325224559
20
29.325312499999995
30
0
10
20.467944907043929
20
29.325312499999995
30
0
0
SPLINE
5
1749
100
AcDbEntity
8
0
100
AcDbSpline
70
4
71
3
72
8
73
4
74
0
42
0.000000001
43
0.0000000001
44
0.0000000001
40
0
40
0
40
0
40
0
40
1
40
1
40
1
40
1
41
1
41
1
41
1
41
1
10
20.467944907043929
20
29.325312499999995
30
0
10
20.467944907043929
20
28.731587485869721
30
0
10
20.467944907043929
20
28.137862471739446
30
0
10
20.467944907043929
20
27.526145833333327
30
0
0
SPLINE
5
1750
100
AcDbEntity
8
0
100
AcDbSpline
70
4
71
3
72
8
73
4
74
0
42
0.000000001
43
0.0000000001
44
0.0000000001
40
0
40
0
40
0
40
0
40
1
40
1
40
1
40
1
41
1
41
1
41
1
41
1
10
20.467944907043929
20
27.526145833333327
30
0
10
20.494138657296258
20
27.526145833333327
30
0
10
20.520332407548587
20
27.526145833333327
30
0
10
20.547319907043931
20
27.526145833333327
30
0
0
SPLINE
5
1751
100
AcDbEntity
8
0
100
AcDbSpline
70
4
71
3
72
8
73
4
74
0
42
0.000000001
43
0.0000000001
44
0.0000000001
40
0
40
0
40
0
40
0
40
1
40
1
40
1
40
1
41
1
41
1
41
1
41
1
10
20.547319907043931
20
27.526145833333327
30
0
10
20.560549073710597
20
27.539374999999996
30
0
10
20.560549073710597
20
27.539374999999996
30
0
10
20.562176893944102
20
27.568894556363418
30
0
0
SPLINE
5
1752
100
AcDbEntity
8
0
100
AcDbSpline
70
4
71
3
72
8
73
4
74
0
42
0.000000001
43
0.0000000001
44
0.0000000001
40
0
40
0
40
0
40
0
40
1
40
1
40
1
40
1
41
1
41
1
41
1
41
1
10
20.562176893944102
20
27.568894556363418
30
0
10
20.562164699485706
20
27.582052466074622
30
0
10
20.562152504830181
20
27.595210375785825
30
0
10
20.562139940753138
20
27.608766961097714
30
0
0
SPLINE
5
1753
100
AcDbEntity
8
0
100
AcDbSpline
70
4
71
3
72
8
73
4
74
0
42
0.000000001
43
0.0000000001
44
0.0000000001
40
0
40
0
40
0
40
0
40
1
40
1
40
1
40
1
41
1
41
1
41
1
41
1
10
20.562139940753138
20
27.608766961097714
30
0
10
20.562158126384823
20
27.623812271753941
30
0
10
20.562176312115067
20
27.638857683340703
30
0
10
20.562195048922078
20
27.654358897209161
30
0
0
SPLINE
5
1754
100
AcDbEntity
8
0
100
AcDbSpline
70
4
71
3
72
8
73
4
74
0
42
0.000000001
43
0.0000000001
44
0.0000000001
40
0
40
0
40
0
40
0
40
1
40
1
40
1
40
1
41
1
41
1
41
1
41
1
10
20.562195048922078
20
27.654358897209161
30
0
10
20.562147486296041
20
27.671011122862495
30
0
10
20.562099923768571
20
27.687663449446354
30
0
10
20.562050920024074
20
27.704820327758782
30
0
0
SPLINE
5
1755
100
AcDbEntity
8
0
100
AcDbSpline
70
4
71
3
72
8
73
4
74
0
42
0.000000001
43
0.0000000001
44
0.0000000001
40
0
40
0
40
0
40
0
40
1
40
1
40
1
40
1
41
1
41
1
41
1
41
1
10
20.562050920024074
20
27.704820327758782
30
0
10
20.562052851897533
20
27.722241543134047
30
0
10
20.562054783573863
20
27.739662758509311
30
0
10
20.562056774093485
20
27.757611840565993
30
0
0
SPLINE
5
1756
100
AcDbEntity
8
0
100
AcDbSpline
70
4
71
3
72
8
73
4
74
0
42
0.000000001
43
0.0000000001
44
0.0000000001
40
0
40
0
40
0
40
0
40
1
40
1
40
1
40
1
41
1
41
1
41
1
41
1
10
20.562056774093485
20
27.757611840565993
30
0
10
20.56206058362967
20
27.805524472395575
30
0
10
20.561982576156371
20
27.853436599572493
30
0
10
20.561890431016245
20
27.901349130471544
30
0
0
SPLINE
5
1757
100
AcDbEntity
8
0
100
AcDbSpline
70
4
71
3
72
8
73
4
74
0
42
0.000000001
43
0.0000000001
44
0.0000000001
40
0
40
0
40
0
40
0
40
1
40
1
40
1
40
1
41
1
41
1
41
1
41
1
10
20.561890431016245
20
27.901349130471544
30
0
10
20.561807965153545
20
27.951368586222326
30
0
10
20.561799978630955
20
28.001388041973108
30
0
10
20.561784261559005
20
28.051407497723893
30
0
0
SPLINE
5
1758
100
AcDbEntity
8
0
100
AcDbSpline
70
4
71
3
72
8
73
4
74
0
42
0.000000001
43
0.0000000001
44
0.0000000001
40
0
40
0
40
0
40
0
40
1
40
1
40
1
40
1
41
1
41
1
41
1
41
1
10
20.561784261559005
20
28.051407497723893
30
0
10
20.561743075298171
20
28.146189543406166
30
0
10
20.561634419539505
20
28.240971286296841
30
0
10
20.561501825601663
20
28.335753231048582
30
0
0
SPLINE
5
1759
100
AcDbEntity
8
0
100
AcDbSpline
70
4
71
3
72
8
73
4
74
0
42
0.000000001
43
0.0000000001
44
0.0000000001
40
0
40
0
40
0
40
0
40
1
40
1
40
1
40
1
41
1
41
1
41
1
41
1
10
20.561501825601663
20
28.335753231048582
30
0
10
20.561354171970962
20
28.443632325331368
30
0
10
20.561281274105838
20
28.551511470079415
30
0
10
20.561214813124803
20
28.659390665292737
30
0
0
SPLINE
5
1760
100
AcDbEntity
8
0
100
AcDbSpline
70
4
71
3
72
8
73
4
74
0
42
0.000000001
43
0.0000000001
44
0.0000000001
40
0
40
0
40
0
40
0
40
1
40
1
40
1
40
1
41
1
41
1
41
1
41
1
10
20.561214813124803
20
28.659390665292737
30
0
10
20.561076378768803
20
28.881364761590955
30
0
10
20.560843553494415
20
29.10333860556284
30
0
10
20.560549073710597
20
29.325312499999995
30
0
0
SPLINE
5
1761
100
AcDbEntity
8
0
100
AcDbSpline
70
4
71
3
72
8
73
4
74
0
42
0.000000001
43
0.0000000001
44
0.0000000001
40
0
40
0
40
0
40
0
40
1
40
1
40
1
40
1
41
1
41
1
41
1
41
1
10
20.66638240704393
20
29.325312499999995
30
0
10
20.635823032800911
20
29.325312499999995
30
0
10
20.605263658557888
20
29.325312499999995
30
0
10
20.573778240377262
20
29.325312499999995
30
0
0
SPLINE
5
1762
100
AcDbEntity
8
0
100
AcDbSpline
70
4
71
3
72
8
73
4
74
0
42
0.000000001
43
0.0000000001
44
0.0000000001
40
0
40
0
40
0
40
0
40
1
40
1
40
1
40
1
41
1
41
1
41
1
41
1
10
20.573778240377262
20
29.325312499999995
30
0
10
20.573469626351752
20
29.092683672110233
30
0
10
20.573236123566385
20
28.860054894685739
30
0
10
20.573092808519359
20
28.627425915400181
30
0
0
SPLINE
5
1763
100
AcDbEntity
8
0
100
AcDbSpline
70
4
71
3
72
8
73
4
74
0
42
0.000000001
43
0.0000000001
44
0.0000000001
40
0
40
0
40
0
40
0
40
1
40
1
40
1
40
1
41
1
41
1
41
1
41
1
10
20.573092808519359
20
28.627425915400181
30
0
10
20.573024503781951
20
28.519419800043103
30
0
10
20.572931332284764
20
28.411413886547084
30
0
10
20.572780239278629
20
28.303407821655266
30
0
0
SPLINE
5
1764
100
AcDbEntity
8
0
100
AcDbSpline
70
4
71
3
72
8
73
4
74
0
42
0.000000001
43
0.0000000001
44
0.0000000001
40
0
40
0
40
0
40
0
40
1
40
1
40
1
40
1
41
1
41
1
41
1
41
1
10
20.572780239278629
20
28.303407821655266
30
0
10
20.572648657405928
20
28.209303827285762
30
0
10
20.572563099855738
20
28.115199832916254
30
0
10
20.572533527209913
20
28.021095737616214
30
0
0
SPLINE
5
1765
100
AcDbEntity
8
0
100
AcDbSpline
70
4
71
3
72
8
73
4
74
0
42
0.000000001
43
0.0000000001
44
0.0000000001
40
0
40
0
40
0
40
0
40
1
40
1
40
1
40
1
41
1
41
1
41
1
41
1
10
20.572533527209913
20
28.021095737616214
30
0
10
20.572516236548182
20
27.971237770716346
30
0
10
20.572475403839903
20
27.921380005677534
30
0
10
20.572379519834673
20
27.871522038777666
30
0
0
SPLINE
5
1766
100
AcDbEntity
8
0
100
AcDbSpline
70
4
71
3
72
8
73
4
74
0
42
0.000000001
43
0.0000000001
44
0.0000000001
40
0
40
0
40
0
40
0
40
1
40
1
40
1
40
1
41
1
41
1
41
1
41
1
10
20.572379519834673
20
27.871522038777666
30
0
10
20.572273511235473
20
27.81595473448435
30
0
10
20.572270230993187
20
27.76038783391316
30
0
10
20.572276394063785
20
27.704820327758782
30
0
0
SPLINE
5
1767
100
AcDbEntity
8
0
100
AcDbSpline
70
4
71
3
72
8
73
4
74
0
42
0.000000001
43
0.0000000001
44
0.0000000001
40
0
40
0
40
0
40
0
40
1
40
1
40
1
40
1
41
1
41
1
41
1
41
1
10
20.572276394063785
20
27.704820327758782
30
0
10
20.572228830550667
20
27.688168102105454
30
0
10
20.57218126703755
20
27.671515775521591
30
0
10
20.572132265264351
20
27.654358897209161
30
0
0
SPLINE
5
1768
100
AcDbEntity
8
0
100
AcDbSpline
70
4
71
3
72
8
73
4
74
0
42
0.000000001
43
0.0000000001
44
0.0000000001
40
0
40
0
40
0
40
0
40
1
40
1
40
1
40
1
41
1
41
1
41
1
41
1
10
20.572132265264351
20
27.654358897209161
30
0
10
20.572159541740575
20
27.631790830294285
30
0
10
20.572159541740575
20
27.631790830294285
30
0
10
20.572187373334721
20
27.608766961097714
30
0
0
SPLINE
5
1769
100
AcDbEntity
8
0
100
AcDbSpline
70
4
71
3
72
8
73
4
74
0
42
0.000000001
43
0.0000000001
44
0.0000000001
40
0
40
0
40
0
40
0
40
1
40
1
40
1
40
1
41
1
41
1
41
1
41
1
10
20.572187373334721
20
27.608766961097714
30
0
10
20.57217517966485
20
27.595609051386511
30
0
10
20.572162985994972
20
27.58245114167531
30
0
10
20.572150420143757
20
27.568894556363418
30
0
0
SPLINE
5
1770
100
AcDbEntity
8
0
100
AcDbSpline
70
4
71
3
72
8
73
4
74
0
42
0.000000001
43
0.0000000001
44
0.0000000001
40
0
40
0
40
0
40
0
40
1
40
1
40
1
40
1
41
1
41
1
41
1
41
1
10
20.572150420143757
20
27.568894556363418
30
0
10
20.573778240377262
20
27.539374999999996
30
0
10
20.573778240377262
20
27.539374999999996
30
0
10
20.587007407043927
20
27.526145833333327
30
0
0
SPLINE
5
1771
100
AcDbEntity
8
0
100
AcDbSpline
70
4
71
3
72
8
73
4
74
0
42
0.000000001
43
0.0000000001
44
0.0000000001
40
0
40
0
40
0
40
0
40
1
40
1
40
1
40
1
41
1
41
1
41
1
41
1
10
20.587007407043927
20
27.526145833333327
30
0
10
20.613201157296256
20
27.526145833333327
30
0
10
20.639394907548585
20
27.526145833333327
30
0
10
20.66638240704393
20
27.526145833333327
30
0
0
SPLINE
5
1772
100
AcDbEntity
8
0
100
AcDbSpline
70
4
71
3
72
8
73
4
74
0
42
0.000000001
43
0.0000000001
44
0.0000000001
40
0
40
0
40
0
40
0
40
1
40
1
40
1
40
1
41
1
41
1
41
1
41
1
10
20.66638240704393
20
27.526145833333327
30
0
10
20.66638240704393
20
28.119870796998335
30
0
10
20.66638240704393
20
28.713595811128609
30
0
10
20.66638240704393
20
29.325312499999995
30
0
0
SPLINE
5
1773
100
AcDbEntity
8
0
100
AcDbSpline
70
4
71
3
72
8
73
4
74
0
42
0.000000001
43
0.0000000001
44
0.0000000001
40
0
40
0
40
0
40
0
40
1
40
1
40
1
40
1
41
1
41
1
41
1
41
1
10
18.64231990704393
20
29.325312499999995
30
0
10
18.616126156791605
20
29.325312499999995
30
0
10
18.589932406539276
20
29.325312499999995
30
0
10
18.562944907043931
20
29.325312499999995
30
0
0
SPLINE
5
1774
100
AcDbEntity
8
0
100
AcDbSpline
70
4
71
3
72
8
73
4
74
0
42
0.000000001
43
0.0000000001
44
0.0000000001
40
0
40
0
40
0
40
0
40
1
40
1
40
1
40
1
41
1
41
1
41
1
41
1
10
18.562944907043931
20
29.325312499999995
30
0
10
18.540526961678818
20
29.302894556211925
30
0
10
18.548047693018674
20
29.274570230245587
30
0
10
18.548035852605658
20
29.243873874346413
30
0
0
SPLINE
5
1775
100
AcDbEntity
8
0
100
AcDbSpline
70
4
71
3
72
8
73
4
74
0
42
0.000000001
43
0.0000000001
44
0.0000000001
40
0
40
0
40
0
40
0
40
1
40
1
40
1
40
1
41
1
41
1
41
1
41
1
10
18.548035852605658
20
29.243873874346413
30
0
10
18.547998546157835
20
29.229089393417034
30
0
10
18.547961246018168
20
29.214304912487663
30
0
10
18.547922810410018
20
29.199072426160171
30
0
0
SPLINE
5
1776
100
AcDbEntity
8
0
100
AcDbSpline
70
4
71
3
72
8
73
4
74
0
42
0.000000001
43
0.0000000001
44
0.0000000001
40
0
40
0
40
0
40
0
40
1
40
1
40
1
40
1
41
1
41
1
41
1
41
1
10
18.547922810410018
20
29.199072426160171
30
0
10
18.547949588541744
20
29.18270912677049
30
0
10
18.547976366673467
20
29.166345827380809
30
0
10
18.548003958557601
20
29.149486668904618
30
0
0
SPLINE
5
1777
100
AcDbEntity
8
0
100
AcDbSpline
70
4
71
3
72
8
73
4
74
0
42
0.000000001
43
0.0000000001
44
0.0000000001
40
0
40
0
40
0
40
0
40
1
40
1
40
1
40
1
41
1
41
1
41
1
41
1
10
18.548003958557601
20
29.149486668904618
30
0
10
18.547980776076074
20
29.132366037269431
30
0
10
18.547957593594546
20
29.115245393017922
30
0
10
18.547933710907458
20
29.097605953216551
30
0
0
SPLINE
5
1778
100
AcDbEntity
8
0
100
AcDbSpline
70
4
71
3
72
8
73
4
74
0
42
0.000000001
43
0.0000000001
44
0.0000000001
40
0
40
0
40
0
40
0
40
1
40
1
40
1
40
1
41
1
41
1
41
1
41
1
10
18.547933710907458
20
29.097605953216551
30
0
10
18.547873196745471
20
29.050511590441062
30
0
10
18.54789687126334
20
29.003417631387705
30
0
10
18.547938725893257
20
28.95632326861222
30
0
0
SPLINE
5
1779
100
AcDbEntity
8
0
100
AcDbSpline
70
4
71
3
72
8
73
4
74
0
42
0.000000001
43
0.0000000001
44
0.0000000001
40
0
40
0
40
0
40
0
40
1
40
1
40
1
40
1
41
1
41
1
41
1
41
1
10
18.547938725893257
20
28.95632326861222
30
0
10
18.547972121282971
20
28.907128339608509
30
0
10
18.547941186074969
20
28.857933435837424
30
0
10
18.547920388077255
20
28.808738532066339
30
0
0
SPLINE
5
1780
100
AcDbEntity
8
0
100
AcDbSpline
70
4
71
3
72
8
73
4
74
0
42
0.000000001
43
0.0000000001
44
0.0000000001
40
0
40
0
40
0
40
0
40
1
40
1
40
1
40
1
41
1
41
1
41
1
41
1
10
18.547920388077255
20
28.808738532066339
30
0
10
18.547896290912785
20
28.726094997723894
30
0
10
18.547928121879256
20
28.643451614777241
30
0
10
18.547991039449528
20
28.56080813090006
30
0
0
SPLINE
5
1781
100
AcDbEntity
8
0
100
AcDbSpline
70
4
71
3
72
8
73
4
74
0
42
0.000000001
43
0.0000000001
44
0.0000000001
40
0
40
0
40
0
40
0
40
1
40
1
40
1
40
1
41
1
41
1
41
1
41
1
10
18.547991039449528
20
28.56080813090006
30
0
10
18.548063009226876
20
28.46516918500264
30
0
10
18.548039744739292
20
28.369530642827346
30
0
10
18.547966879203475
20
28.273891696929926
30
0
0
SPLINE
5
1782
100
AcDbEntity
8
0
100
AcDbSpline
70
4
71
3
72
8
73
4
74
0
42
0.000000001
43
0.0000000001
44
0.0000000001
40
0
40
0
40
0
40
0
40
1
40
1
40
1
40
1
41
1
41
1
41
1
41
1
10
18.547966879203475
20
28.273891696929926
30
0
10
18.547906901234942
20
28.19189886172612
30
0
10
18.547898347372367
20
28.109906228383377
30
0
10
18.547932991777415
20
28.027913393179567
30
0
0
SPLINE
5
1783
100
AcDbEntity
8
0
100
AcDbSpline
70
4
71
3
72
8
73
4
74
0
42
0.000000001
43
0.0000000001
44
0.0000000001
40
0
40
0
40
0
40
0
40
1
40
1
40
1
40
1
41
1
41
1
41
1
41
1
10
18.547932991777415
20
28.027913393179567
30
0
10
18.547953650995648
20
27.978890727361041
30
0
10
18.547956275189478
20
27.92986826340357
30
0
10
18.54791266689157
20
27.880845597585036
30
0
0
SPLINE
5
1784
100
AcDbEntity
8
0
100
AcDbSpline
70
4
71
3
72
8
73
4
74
0
42
0.000000001
43
0.0000000001
44
0.0000000001
40
0
40
0
40
0
40
0
40
1
40
1
40
1
40
1
41
1
41
1
41
1
41
1
10
18.54791266689157
20
27.880845597585036
30
0
10
18.547867462629632
20
27.82620110114415
30
0
10
18.547930071100151
20
27.771557109355921
30
0
10
18.548003958557601
20
27.716912612915031
30
0
0
SPLINE
5
1785
100
AcDbEntity
8
0
100
AcDbSpline
70
4
71
3
72
8
73
4
74
0
42
0.000000001
43
0.0000000001
44
0.0000000001
40
0
40
0
40
0
40
0
40
1
40
1
40
1
40
1
41
1
41
1
41
1
41
1
10
18.548003958557601
20
27.716912612915031
30
0
10
18.547977180425878
20
27.700576097965236
30
0
10
18.547950402294155
20
27.684239583015437
30
0
10
18.547922810410018
20
27.667408003807061
30
0
0
SPLINE
5
1786
100
AcDbEntity
8
0
100
AcDbSpline
70
4
71
3
72
8
73
4
74
0
42
0.000000001
43
0.0000000001
44
0.0000000001
40
0
40
0
40
0
40
0
40
1
40
1
40
1
40
1
41
1
41
1
41
1
41
1
10
18.547922810410018
20
27.667408003807061
30
0
10
18.547960116857844
20
27.652586254278813
30
0
10
18.547997416997507
20
27.637764403820032
30
0
10
18.548035852605658
20
27.622493513425187
30
0
0
SPLINE
5
1787
100
AcDbEntity
8
0
100
AcDbSpline
70
4
71
3
72
8
73
4
74
0
42
0.000000001
43
0.0000000001
44
0.0000000001
40
0
40
0
40
0
40
0
40
1
40
1
40
1
40
1
41
1
41
1
41
1
41
1
10
18.548035852605658
20
27.622493513425187
30
0
10
18.548040842358823
20
27.609560073216748
30
0
10
18.548045825803833
20
27.596626633008317
30
0
10
18.548050966952797
20
27.583301380475355
30
0
0
SPLINE
5
1788
100
AcDbEntity
8
0
100
AcDbSpline
70
4
71
3
72
8
73
4
74
0
42
0.000000001
43
0.0000000001
44
0.0000000001
40
0
40
0
40
0
40
0
40
1
40
1
40
1
40
1
41
1
41
1
41
1
41
1
10
18.548050966952797
20
27.583301380475355
30
0
10
18.549715740377263
20
27.552604166666661
30
0
10
18.549715740377263
20
27.552604166666661
30
0
10
18.562944907043931
20
27.526145833333327
30
0
0
SPLINE
5
1789
100
AcDbEntity
8
0
100
AcDbSpline
70
4
71
3
72
8
73
4
74
0
42
0.000000001
43
0.0000000001
44
0.0000000001
40
0
40
0
40
0
40
0
40
1
40
1
40
1
40
1
41
1
41
1
41
1
41
1
10
18.562944907043931
20
27.526145833333327
30
0
10
18.589138657296257
20
27.526145833333327
30
0
10
18.615332407548586
20
27.526145833333327
30
0
10
18.64231990704393
20
27.526145833333327
30
0
0
SPLINE
5
1790
100
AcDbEntity
8
0
100
AcDbSpline
70
4
71
3
72
8
73
4
74
0
42
0.000000001
43
0.0000000001
44
0.0000000001
40
0
40
0
40
0
40
0
40
1
40
1
40
1
40
1
41
1
41
1
41
1
41
1
10
18.64231990704393
20
27.526145833333327
30
0
10
18.64231990704393
20
28.119870796998335
30
0
10
18.64231990704393
20
28.713595811128609
30
0
10
18.64231990704393
20
29.325312499999995
30
0
0
SPLINE
5
1791
100
AcDbEntity
8
0
100
AcDbSpline
70
4
71
3
72
8
73
4
74
0
42
0.000000001
43
0.0000000001
44
0.0000000001
40
0
40
0
40
0
40
0
40
1
40
1
40
1
40
1
41
1
41
1
41
1
41
1
10
13.535861573710598
20
29.325312499999995
30
0
10
13.505302199467575
20
29.325312499999995
30
0
10
13.474742825224553
20
29.325312499999995
30
0
10
13.44325740704393
20
29.325312499999995
30
0
0
SPLINE
5
1792
100
AcDbEntity
8
0
100
AcDbSpline
70
4
71
3
72
8
73
4
74
0
42
0.000000001
43
0.0000000001
44
0.0000000001
40
0
40
0
40
0
40
0
40
1
40
1
40
1
40
1
41
1
41
1
41
1
41
1
10
13.44325740704393
20
29.325312499999995
30
0
10
13.427406380568501
20
29.293610450203214
30
0
10
13.428330273424143
20
29.273995383555686
30
0
10
13.428259331876591
20
29.238596216837564
30
0
0
SPLINE
5
1793
100
AcDbEntity
8
0
100
AcDbSpline
70
4
71
3
72
8
73
4
74
0
42
0.000000001
43
0.0000000001
44
0.0000000001
40
0
40
0
40
0
40
0
40
1
40
1
40
1
40
1
41
1
41
1
41
1
41
1
10
13.428259331876591
20
29.238596216837564
30
0
10
13.428202911709304
20
29.225908485700678
30
0
10
13.428146491542016
20
29.213220754563803
30
0
10
13.42808835555569
20
29.200148547490432
30
0
0
SPLINE
5
1794
100
AcDbEntity
8
0
100
AcDbSpline
70
4
71
3
72
8
73
4
74
0
42
0.000000001
43
0.0000000001
44
0.0000000001
40
0
40
0
40
0
40
0
40
1
40
1
40
1
40
1
41
1
41
1
41
1
41
1
10
13.42808835555569
20
29.200148547490432
30
0
10
13.428094348306017
20
29.186183155675725
30
0
10
13.428100341056343
20
29.172217763861017
30
0
10
13.428106523051415
20
29.157829182942706
30
0
0
SPLINE
5
1795
100
AcDbEntity
8
0
100
AcDbSpline
70
4
71
3
72
8
73
4
74
0
42
0.000000001
43
0.0000000001
44
0.0000000001
40
0
40
0
40
0
40
0
40
1
40
1
40
1
40
1
41
1
41
1
41
1
41
1
10
13.428106523051415
20
29.157829182942706
30
0
10
13.428062088384783
20
29.143158211012675
30
0
10
13.42801765371815
20
29.128487251698964
30
0
10
13.42797188172197
20
29.113371706008909
30
0
0
SPLINE
5
1796
100
AcDbEntity
8
0
100
AcDbSpline
70
4
71
3
72
8
73
4
74
0
42
0.000000001
43
0.0000000001
44
0.0000000001
40
0
40
0
40
0
40
0
40
1
40
1
40
1
40
1
41
1
41
1
41
1
41
1
10
13.42797188172197
20
29.113371706008909
30
0
10
13.427845794255093
20
29.064680369893704
30
0
10
13.427820359761075
20
29.015989664594329
30
0
10
13.427806153788723
20
28.967298177083329
30
0
0
SPLINE
5
1797
100
AcDbEntity
8
0
100
AcDbSpline
70
4
71
3
72
8
73
4
74
0
42
0.000000001
43
0.0000000001
44
0.0000000001
40
0
40
0
40
0
40
0
40
1
40
1
40
1
40
1
41
1
41
1
41
1
41
1
10
13.427806153788723
20
28.967298177083329
30
0
10
13.427763674651141
20
28.933586849570272
30
0
10
13.427719176902926
20
28.899875522057211
30
0
10
13.427672723625657
20
28.866164169311517
30
0
0
SPLINE
5
1798
100
AcDbEntity
8
0
100
AcDbSpline
70
4
71
3
72
8
73
4
74
0
42
0.000000001
43
0.0000000001
44
0.0000000001
40
0
40
0
40
0
40
0
40
1
40
1
40
1
40
1
41
1
41
1
41
1
41
1
10
13.427672723625657
20
28.866164169311517
30
0
10
13.427593392227646
20
28.795433061917617
30
0
10
13.427568449769968
20
28.72470215638478
30
0
10
13.427576839620428
20
28.653971048990883
30
0
0
SPLINE
5
1799
100
AcDbEntity
8
0
100
AcDbSpline
70
4
71
3
72
8
73
4
74
0
42
0.000000001
43
0.0000000001
44
0.0000000001
40
0
40
0
40
0
40
0
40
1
40
1
40
1
40
1
41
1
41
1
41
1
41
1
10
13.427576839620428
20
28.653971048990883
30
0
10
13.427584787899809
20
28.57213591774304
30
0
10
13.427445087427452
20
28.490301896731054
30
0
10
13.427236274773433
20
28.408467017809546
30
0
0
SPLINE
5
1800
100
AcDbEntity
8
0
100
AcDbSpline
70
4
71
3
72
8
73
4
74
0
42
0.000000001
43
0.0000000001
44
0.0000000001
40
0
40
0
40
0
40
0
40
1
40
1
40
1
40
1
41
1
41
1
41
1
41
1
10
13.427236274773433
20
28.408467017809546
30
0
10
13.427042727862354
20
28.329821745554604
30
0
10
13.426994912022906
20
28.251176776091253
30
0
10
13.427002822453336
20
28.172531201044713
30
0
0
SPLINE
5
1801
100
AcDbEntity
8
0
100
AcDbSpline
70
4
71
3
72
8
73
4
74
0
42
0.000000001
43
0.0000000001
44
0.0000000001
40
0
40
0
40
0
40
0
40
1
40
1
40
1
40
1
41
1
41
1
41
1
41
1
10
13.427002822453336
20
28.172531201044713
30
0
10
13.42698715298827
20
28.139026301701861
30
0
10
13.426928348337167
20
28.105521301428471
30
0
10
13.426826446348981
20
28.072016503016147
30
0
0
SPLINE
5
1802
100
AcDbEntity
8
0
100
AcDbSpline
70
4
71
3
72
8
73
4
74
0
42
0.000000001
43
0.0000000001
44
0.0000000001
40
0
40
0
40
0
40
0
40
1
40
1
40
1
40
1
41
1
41
1
41
1
41
1
10
13.426826446348981
20
28.072016503016147
30
0
10
13.426697545443531
20
28.02526144345601
30
0
10
13.426734574332393
20
27.978509310881293
30
0
10
13.426814612244124
20
27.931754150390621
30
0
0
SPLINE
5
1803
100
AcDbEntity
8
0
100
AcDbSpline
70
4
71
3
72
8
73
4
74
0
42
0.000000001
43
0.0000000001
44
0.0000000001
40
0
40
0
40
0
40
0
40
1
40
1
40
1
40
1
41
1
41
1
41
1
41
1
10
13.426814612244124
20
27.931754150390621
30
0
10
13.426740276907442
20
27.917788796424862
30
0
10
13.426665928954439
20
27.903823341528572
30
0
10
13.426589335297104
20
27.889434785842894
30
0
0
SPLINE
5
1804
100
AcDbEntity
8
0
100
AcDbSpline
70
4
71
3
72
8
73
4
74
0
42
0.000000001
43
0.0000000001
44
0.0000000001
40
0
40
0
40
0
40
0
40
1
40
1
40
1
40
1
41
1
41
1
41
1
41
1
10
13.426589335297104
20
27.889434785842894
30
0
10
13.426644821856971
20
27.876747010548904
30
0
10
13.426700308416839
20
27.864059336185449
30
0
10
13.426757485563115
20
27.850987116495762
30
0
0
SPLINE
5
1805
100
AcDbEntity
8
0
100
AcDbSpline
70
4
71
3
72
8
73
4
74
0
42
0.000000001
43
0.0000000001
44
0.0000000001
40
0
40
0
40
0
40
0
40
1
40
1
40
1
40
1
41
1
41
1
41
1
41
1
10
13.426757485563115
20
27.850987116495762
30
0
10
13.426750281646406
20
27.839924423694605
30
0
10
13.426743077729697
20
27.828861730893447
30
0
10
13.426735646719292
20
27.81746384779612
30
0
0
SPLINE
5
1806
100
AcDbEntity
8
0
100
AcDbSpline
70
4
71
3
72
8
73
4
74
0
42
0.000000001
43
0.0000000001
44
0.0000000001
40
0
40
0
40
0
40
0
40
1
40
1
40
1
40
1
41
1
41
1
41
1
41
1
10
13.426735646719292
20
27.81746384779612
30
0
10
13.430028240377263
20
27.790729166666665
30
0
10
13.430028240377263
20
27.790729166666665
30
0
10
13.456486573710595
20
27.764270833333327
30
0
0
SPLINE
5
1807
100
AcDbEntity
8
0
100
AcDbSpline
70
4
71
3
72
8
73
4
74
0
42
0.000000001
43
0.0000000001
44
0.0000000001
40
0
40
0
40
0
40
0
40
1
40
1
40
1
40
1
41
1
41
1
41
1
41
1
10
13.456486573710595
20
27.764270833333327
30
0
10
13.516752777764754
20
27.77162039279937
30
0
10
13.516752777764754
20
27.77162039279937
30
0
10
13.535861573710598
20
27.790729166666665
30
0
0
SPLINE
5
1808
100
AcDbEntity
8
0
100
AcDbSpline
70
4
71
3
72
8
73
4
74
0
42
0.000000001
43
0.0000000001
44
0.0000000001
40
0
40
0
40
0
40
0
40
1
40
1
40
1
40
1
41
1
41
1
41
1
41
1
10
13.535861573710598
20
27.790729166666665
30
0
10
13.537128307278447
20
27.810645788510637
30
0
10
13.537473969314426
20
27.830621858437851
30
0
10
13.537452440753137
20
27.850578751564022
30
0
0
SPLINE
5
1809
100
AcDbEntity
8
0
100
AcDbSpline
70
4
71
3
72
8
73
4
74
0
42
0.000000001
43
0.0000000001
44
0.0000000001
40
0
40
0
40
0
40
0
40
1
40
1
40
1
40
1
41
1
41
1
41
1
41
1
10
13.537452440753137
20
27.850578751564022
30
0
10
13.53747062638482
20
27.863509163856502
30
0
10
13.537488812115068
20
27.876439576148982
30
0
10
13.537507548922076
20
27.889761800765989
30
0
0
SPLINE
5
1810
100
AcDbEntity
8
0
100
AcDbSpline
70
4
71
3
72
8
73
4
74
0
42
0.000000001
43
0.0000000001
44
0.0000000001
40
0
40
0
40
0
40
0
40
1
40
1
40
1
40
1
41
1
41
1
41
1
41
1
10
13.537507548922076
20
27.889761800765989
30
0
10
13.537459986296041
20
27.904063758055365
30
0
10
13.537412423768572
20
27.91836561441421
30
0
10
13.537363420024073
20
27.933100967407221
30
0
0
SPLINE
5
1811
100
AcDbEntity
8
0
100
AcDbSpline
70
4
71
3
72
8
73
4
74
0
42
0.000000001
43
0.0000000001
44
0.0000000001
40
0
40
0
40
0
40
0
40
1
40
1
40
1
40
1
41
1
41
1
41
1
41
1
10
13.537363420024073
20
27.933100967407221
30
0
10
13.537365351897535
20
27.94807058016459
30
0
10
13.537367283573865
20
27.963040192921952
30
0
10
13.537369274093482
20
27.978463387489313
30
0
0
SPLINE
5
1812
100
AcDbEntity
8
0
100
AcDbSpline
70
4
71
3
72
8
73
4
74
0
42
0.000000001
43
0.0000000001
44
0.0000000001
40
0
40
0
40
0
40
0
40
1
40
1
40
1
40
1
41
1
41
1
41
1
41
1
10
13.537369274093482
20
27.978463387489313
30
0
10
13.537360017462658
20
28.028212954998011
30
0
10
13.537256895042979
20
28.077961815992985
30
0
10
13.537153484517887
20
28.12771118164062
30
0
0
SPLINE
5
1813
100
AcDbEntity
8
0
100
AcDbSpline
70
4
71
3
72
8
73
4
74
0
42
0.000000001
43
0.0000000001
44
0.0000000001
40
0
40
0
40
0
40
0
40
1
40
1
40
1
40
1
41
1
41
1
41
1
41
1
10
13.537153484517887
20
28.12771118164062
30
0
10
13.537128825631637
20
28.162098011970514
30
0
10
13.537109987401273
20
28.196484842300407
30
0
10
13.537096761559004
20
28.230871672630308
30
0
0
SPLINE
5
1814
100
AcDbEntity
8
0
100
AcDbSpline
70
4
71
3
72
8
73
4
74
0
42
0.000000001
43
0.0000000001
44
0.0000000001
40
0
40
0
40
0
40
0
40
1
40
1
40
1
40
1
41
1
41
1
41
1
41
1
10
13.537096761559004
20
28.230871672630308
30
0
10
13.537051317784183
20
28.312300810813898
30
0
10
13.53694692841035
20
28.393729646205898
30
0
10
13.536814325601663
20
28.475158582528426
30
0
0
SPLINE
5
1815
100
AcDbEntity
8
0
100
AcDbSpline
70
4
71
3
72
8
73
4
74
0
42
0.000000001
43
0.0000000001
44
0.0000000001
40
0
40
0
40
0
40
0
40
1
40
1
40
1
40
1
41
1
41
1
41
1
41
1
10
13.536814325601663
20
28.475158582528426
30
0
10
13.536666660291012
20
28.567841273148851
30
0
10
13.536593771198167
20
28.660523963769272
30
0
10
13.536527313124802
20
28.753206704854961
30
0
0
SPLINE
5
1816
100
AcDbEntity
8
0
100
AcDbSpline
70
4
71
3
72
8
73
4
74
0
42
0.000000001
43
0.0000000001
44
0.0000000001
40
0
40
0
40
0
40
0
40
1
40
1
40
1
40
1
41
1
41
1
41
1
41
1
10
13.536527313124802
20
28.753206704854961
30
0
10
13.536388887245387
20
28.943908762733134
30
0
10
13.536156069240167
20
29.134610618750251
30
0
10
13.535861573710598
20
29.325312499999995
30
0
0
SPLINE
5
1817
100
AcDbEntity
8
0
100
AcDbSpline
70
4
71
3
72
8
73
4
74
0
42
0.000000001
43
0.0000000001
44
0.0000000001
40
0
40
0
40
0
40
0
40
1
40
1
40
1
40
1
41
1
41
1
41
1
41
1
10
13.654924073710596
20
29.325312499999995
30
0
10
13.619999072322802
20
29.325312499999995
30
0
10
13.585074070935006
20
29.325312499999995
30
0
10
13.549090740377263
20
29.325312499999995
30
0
0
SPLINE
5
1818
100
AcDbEntity
8
0
100
AcDbSpline
70
4
71
3
72
8
73
4
74
0
42
0.000000001
43
0.0000000001
44
0.0000000001
40
0
40
0
40
0
40
0
40
1
40
1
40
1
40
1
41
1
41
1
41
1
41
1
10
13.549090740377263
20
29.325312499999995
30
0
10
13.549090740377263
20
28.836362512111656
30
0
10
13.549090740377263
20
28.347412524223323
30
0
10
13.549090740377263
20
27.843645833333326
30
0
0
SPLINE
5
1819
100
AcDbEntity
8
0
100
AcDbSpline
70
4
71
3
72
8
73
4
74
0
42
0.000000001
43
0.0000000001
44
0.0000000001
40
0
40
0
40
0
40
0
40
1
40
1
40
1
40
1
41
1
41
1
41
1
41
1
10
13.549090740377263
20
27.843645833333326
30
0
10
13.575284490629588
20
27.830548986593875
30
0
10
13.575284490629588
20
27.830548986593875
30
0
10
13.602007407043928
20
27.817187499999996
30
0
0
SPLINE
5
1820
100
AcDbEntity
8
0
100
AcDbSpline
70
4
71
3
72
8
73
4
74
0
42
0.000000001
43
0.0000000001
44
0.0000000001
40
0
40
0
40
0
40
0
40
1
40
1
40
1
40
1
41
1
41
1
41
1
41
1
10
13.602007407043928
20
27.817187499999996
30
0
10
13.628068023616628
20
27.833248777389521
30
0
10
13.628068023616628
20
27.833248777389521
30
0
10
13.654924073710596
20
27.856874999999995
30
0
0
SPLINE
5
1821
100
AcDbEntity
8
0
100
AcDbSpline
70
4
71
3
72
8
73
4
74
0
42
0.000000001
43
0.0000000001
44
0.0000000001
40
0
40
0
40
0
40
0
40
1
40
1
40
1
40
1
41
1
41
1
41
1
41
1
10
13.654924073710596
20
27.856874999999995
30
0
10
13.661435354644613
20
27.884691555500027
30
0
10
13.661435354644613
20
27.884691555500027
30
0
10
13.661287541880762
20
27.917395167350762
30
0
0
SPLINE
5
1822
100
AcDbEntity
8
0
100
AcDbSpline
70
4
71
3
72
8
73
4
74
0
42
0.000000001
43
0.0000000001
44
0.0000000001
40
0
40
0
40
0
40
0
40
1
40
1
40
1
40
1
41
1
41
1
41
1
41
1
10
13.661287541880762
20
27.917395167350762
30
0
10
13.661360284407493
20
27.929805383682247
30
0
10
13.661433027328481
20
27.942215600013725
30
0
10
13.661507974162257
20
27.955001883506768
30
0
0
SPLINE
5
1823
100
AcDbEntity
8
0
100
AcDbSpline
70
4
71
3
72
8
73
4
74
0
42
0.000000001
43
0.0000000001
44
0.0000000001
40
0
40
0
40
0
40
0
40
1
40
1
40
1
40
1
41
1
41
1
41
1
41
1
10
13.661507974162257
20
27.955001883506768
30
0
10
13.661317724052376
20
27.968590161005654
30
0
10
13.661127474336753
20
27.982178438504533
30
0
10
13.660931458964502
20
27.996178512573238
30
0
0
SPLINE
5
1824
100
AcDbEntity
8
0
100
AcDbSpline
70
4
71
3
72
8
73
4
74
0
42
0.000000001
43
0.0000000001
44
0.0000000001
40
0
40
0
40
0
40
0
40
1
40
1
40
1
40
1
41
1
41
1
41
1
41
1
10
13.660931458964502
20
27.996178512573238
30
0
10
13.660939186064084
20
28.010506812731421
30
0
10
13.660946913557927
20
28.024835112889601
30
0
10
13.660954874847885
20
28.039597616195671
30
0
0
SPLINE
5
1825
100
AcDbEntity
8
0
100
AcDbSpline
70
4
71
3
72
8
73
4
74
0
42
0.000000001
43
0.0000000001
44
0.0000000001
40
0
40
0
40
0
40
0
40
1
40
1
40
1
40
1
41
1
41
1
41
1
41
1
10
13.660954874847885
20
28.039597616195671
30
0
10
13.660917945312514
20
28.087059795061741
30
0
10
13.660505939784947
20
28.13451117436091
30
0
10
13.660091716939764
20
28.18197143554687
30
0
0
SPLINE
5
1826
100
AcDbEntity
8
0
100
AcDbSpline
70
4
71
3
72
8
73
4
74
0
42
0.000000001
43
0.0000000001
44
0.0000000001
40
0
40
0
40
0
40
0
40
1
40
1
40
1
40
1
41
1
41
1
41
1
41
1
10
13.660091716939764
20
28.18197143554687
30
0
10
13.659993046699892
20
28.214837343692775
30
0
10
13.659917709548829
20
28.247703453699742
30
0
10
13.659864825104231
20
28.280569462776182
30
0
0
SPLINE
5
1827
100
AcDbEntity
8
0
100
AcDbSpline
70
4
71
3
72
8
73
4
74
0
42
0.000000001
43
0.0000000001
44
0.0000000001
40
0
40
0
40
0
40
0
40
1
40
1
40
1
40
1
41
1
41
1
41
1
41
1
10
13.659864825104231
20
28.280569462776182
30
0
10
13.659683277887162
20
28.358298083941136
30
0
10
13.65926603067436
20
28.436022768815352
30
0
10
13.658735081274862
20
28.513749775091803
30
0
0
SPLINE
5
1828
100
AcDbEntity
8
0
100
AcDbSpline
70
4
71
3
72
8
73
4
74
0
42
0.000000001
43
0.0000000001
44
0.0000000001
40
0
40
0
40
0
40
0
40
1
40
1
40
1
40
1
41
1
41
1
41
1
41
1
10
13.658735081274862
20
28.513749775091803
30
0
10
13.658085707835102
20
28.610921452045439
30
0
10
13.657801400128932
20
28.708093381325401
30
0
10
13.657507895325178
20
28.805266723632808
30
0
0
SPLINE
5
1829
100
AcDbEntity
8
0
100
AcDbSpline
70
4
71
3
72
8
73
4
74
0
42
0.000000001
43
0.0000000001
44
0.0000000001
40
0
40
0
40
0
40
0
40
1
40
1
40
1
40
1
41
1
41
1
41
1
41
1
10
13.657507895325178
20
28.805266723632808
30
0
10
13.656940045171286
20
28.978617309133206
30
0
10
13.656046793800027
20
29.151964664856589
30
0
10
13.654924073710596
20
29.325312499999995
30
0
0
SPLINE
5
1830
100
AcDbEntity
8
0
100
AcDbSpline
70
4
71
3
72
8
73
4
74
0
42
0.000000001
43
0.0000000001
44
0.0000000001
40
0
40
0
40
0
40
0
40
1
40
1
40
1
40
1
41
1
41
1
41
1
41
1
10
13.310965740377263
20
29.325312499999995
30
0
10
13.280406366134244
20
29.325312499999995
30
0
10
13.249846991891221
20
29.325312499999995
30
0
10
13.218361573710595
20
29.325312499999995
30
0
0
SPLINE
5
1831
100
AcDbEntity
8
0
100
AcDbSpline
70
4
71
3
72
8
73
4
74
0
42
0.000000001
43
0.0000000001
44
0.0000000001
40
0
40
0
40
0
40
0
40
1
40
1
40
1
40
1
41
1
41
1
41
1
41
1
10
13.218361573710595
20
29.325312499999995
30
0
10
13.218361573710595
20
28.801437520186106
30
0
10
13.218361573710595
20
28.277562540372209
30
0
10
13.218361573710595
20
27.737812499999993
30
0
0
SPLINE
5
1832
100
AcDbEntity
8
0
100
AcDbSpline
70
4
71
3
72
8
73
4
74
0
42
0.000000001
43
0.0000000001
44
0.0000000001
40
0
40
0
40
0
40
0
40
1
40
1
40
1
40
1
41
1
41
1
41
1
41
1
10
13.218361573710595
20
27.737812499999993
30
0
10
13.257652195935005
20
27.731264026165007
30
0
10
13.257652195935005
20
27.731264026165007
30
0
10
13.297736573710598
20
27.724583333333328
30
0
0
SPLINE
5
1833
100
AcDbEntity
8
0
100
AcDbSpline
70
4
71
3
72
8
73
4
74
0
42
0.000000001
43
0.0000000001
44
0.0000000001
40
0
40
0
40
0
40
0
40
1
40
1
40
1
40
1
41
1
41
1
41
1
41
1
10
13.297736573710598
20
27.724583333333328
30
0
10
13.310965740377263
20
27.737812499999993
30
0
10
13.310965740377263
20
27.737812499999993
30
0
10
13.312593560610768
20
27.764232883453364
30
0
0
SPLINE
5
1834
100
AcDbEntity
8
0
100
AcDbSpline
70
4
71
3
72
8
73
4
74
0
42
0.000000001
43
0.0000000001
44
0.0000000001
40
0
40
0
40
0
40
0
40
1
40
1
40
1
40
1
41
1
41
1
41
1
41
1
10
13.312593560610768
20
27.764232883453364
30
0
10
13.312581366152372
20
27.775927502314243
30
0
10
13.312569171496847
20
27.787622020244594
30
0
10
13.312556607419804
20
27.799671006202693
30
0
0
SPLINE
5
1835
100
AcDbEntity
8
0
100
AcDbSpline
70
4
71
3
72
8
73
4
74
0
42
0.000000001
43
0.0000000001
44
0.0000000001
40
0
40
0
40
0
40
0
40
1
40
1
40
1
40
1
41
1
41
1
41
1
41
1
10
13.312556607419804
20
27.799671006202693
30
0
10
13.312574793051489
20
27.813046623071031
30
0
10
13.312592978781733
20
27.826422340869897
30
0
10
13.312611715588742
20
27.840203294754026
30
0
0
SPLINE
5
1836
100
AcDbEntity
8
0
100
AcDbSpline
70
4
71
3
72
8
73
4
74
0
42
0.000000001
43
0.0000000001
44
0.0000000001
40
0
40
0
40
0
40
0
40
1
40
1
40
1
40
1
41
1
41
1
41
1
41
1
10
13.312611715588742
20
27.840203294754026
30
0
10
13.312564152962707
20
27.855000013510384
30
0
10
13.312516590435237
20
27.869796732266742
30
0
10
13.31246758669074
20
27.885041885375973
30
0
0
SPLINE
5
1837
100
AcDbEntity
8
0
100
AcDbSpline
70
4
71
3
72
8
73
4
74
0
42
0.000000001
43
0.0000000001
44
0.0000000001
40
0
40
0
40
0
40
0
40
1
40
1
40
1
40
1
41
1
41
1
41
1
41
1
10
13.31246758669074
20
27.885041885375973
30
0
10
13.3124695185642
20
27.900527656873063
30
0
10
13.31247145024053
20
27.916013327439622
30
0
10
13.312473440760151
20
27.931968324979142
30
0
0
SPLINE
5
1838
100
AcDbEntity
8
0
100
AcDbSpline
70
4
71
3
72
8
73
4
74
0
42
0.000000001
43
0.0000000001
44
0.0000000001
40
0
40
0
40
0
40
0
40
1
40
1
40
1
40
1
41
1
41
1
41
1
41
1
10
13.312473440760151
20
27.931968324979142
30
0
10
13.312465781670397
20
27.974551219145454
30
0
10
13.312399251693883
20
28.017133507728573
30
0
10
13.312307097682909
20
28.05971630096435
30
0
0
SPLINE
5
1839
100
AcDbEntity
8
0
100
AcDbSpline
70
4
71
3
72
8
73
4
74
0
42
0.000000001
43
0.0000000001
44
0.0000000001
40
0
40
0
40
0
40
0
40
1
40
1
40
1
40
1
41
1
41
1
41
1
41
1
10
13.312307097682909
20
28.05971630096435
30
0
10
13.312224622160841
20
28.104174080689745
30
0
10
13.312216644607664
20
28.148631860415136
30
0
10
13.312200928225671
20
28.193089741071059
30
0
0
SPLINE
5
1840
100
AcDbEntity
8
0
100
AcDbSpline
70
4
71
3
72
8
73
4
74
0
42
0.000000001
43
0.0000000001
44
0.0000000001
40
0
40
0
40
0
40
0
40
1
40
1
40
1
40
1
41
1
41
1
41
1
41
1
10
13.312200928225671
20
28.193089741071059
30
0
10
13.312159744921786
20
28.277329996426896
30
0
10
13.312051093007151
20
28.361569948991136
30
0
10
13.31191849226833
20
28.445810103416438
30
0
0
SPLINE
5
1841
100
AcDbEntity
8
0
100
AcDbSpline
70
4
71
3
72
8
73
4
74
0
42
0.000000001
43
0.0000000001
44
0.0000000001
40
0
40
0
40
0
40
0
40
1
40
1
40
1
40
1
41
1
41
1
41
1
41
1
10
13.31191849226833
20
28.445810103416438
30
0
10
13.311770829766781
20
28.541692039569213
30
0
10
13.311697938505507
20
28.637573975721988
30
0
10
13.311631479791469
20
28.733455962340031
30
0
0
SPLINE
5
1842
100
AcDbEntity
8
0
100
AcDbSpline
70
4
71
3
72
8
73
4
74
0
42
0.000000001
43
0.0000000001
44
0.0000000001
40
0
40
0
40
0
40
0
40
1
40
1
40
1
40
1
41
1
41
1
41
1
41
1
10
13.311631479791469
20
28.733455962340031
30
0
10
13.311493051940754
20
28.930741592645642
30
0
10
13.31126023221065
20
29.128027033706502
30
0
10
13.310965740377263
20
29.325312499999995
30
0
0
SPLINE
5
1843
100
AcDbEntity
8
0
100
AcDbSpline
70
4
71
3
72
8
73
4
74
0
42
0.000000001
43
0.0000000001
44
0.0000000001
40
0
40
0
40
0
40
0
40
1
40
1
40
1
40
1
41
1
41
1
41
1
41
1
10
13.416799073710596
20
29.325312499999995
30
0
10
13.390346726819431
20
29.325875315849355
30
0
10
13.363876900021786
20
29.325852353561977
30
0
10
13.337424073710595
20
29.325312499999995
30
0
0
SPLINE
5
1844
100
AcDbEntity
8
0
100
AcDbSpline
70
4
71
3
72
8
73
4
74
0
42
0.000000001
43
0.0000000001
44
0.0000000001
40
0
40
0
40
0
40
0
40
1
40
1
40
1
40
1
41
1
41
1
41
1
41
1
10
13.337424073710595
20
29.325312499999995
30
0
10
13.316068245564455
20
29.303956671853854
30
0
10
13.32252785006618
20
29.28085404530167
30
0
10
13.322515019272323
20
29.251318308512367
30
0
0
SPLINE
5
1845
100
AcDbEntity
8
0
100
AcDbSpline
70
4
71
3
72
8
73
4
74
0
42
0.000000001
43
0.0000000001
44
0.0000000001
40
0
40
0
40
0
40
0
40
1
40
1
40
1
40
1
41
1
41
1
41
1
41
1
10
13.322515019272323
20
29.251318308512367
30
0
10
13.322459065908745
20
29.231617438296471
30
0
10
13.322459065908745
20
29.231617438296471
30
0
10
13.322401977076685
20
29.211518573760983
30
0
0
SPLINE
5
1846
100
AcDbEntity
8
0
100
AcDbSpline
70
4
71
3
72
8
73
4
74
0
42
0.000000001
43
0.0000000001
44
0.0000000001
40
0
40
0
40
0
40
0
40
1
40
1
40
1
40
1
41
1
41
1
41
1
41
1
10
13.322401977076685
20
29.211518573760983
30
0
10
13.322428755208408
20
29.19699002742767
30
0
10
13.322455533340133
20
29.182461481094357
30
0
10
13.32248312522427
20
29.167492675781244
30
0
0
SPLINE
5
1847
100
AcDbEntity
8
0
100
AcDbSpline
70
4
71
3
72
8
73
4
74
0
42
0.000000001
43
0.0000000001
44
0.0000000001
40
0
40
0
40
0
40
0
40
1
40
1
40
1
40
1
41
1
41
1
41
1
41
1
10
13.32248312522427
20
29.167492675781244
30
0
10
13.322459942742739
20
29.152286267379917
30
0
10
13.322436760261214
20
29.137079846362269
30
0
10
13.322412877574122
20
29.121412639617915
30
0
0
SPLINE
5
1848
100
AcDbEntity
8
0
100
AcDbSpline
70
4
71
3
72
8
73
4
74
0
42
0.000000001
43
0.0000000001
44
0.0000000001
40
0
40
0
40
0
40
0
40
1
40
1
40
1
40
1
41
1
41
1
41
1
41
1
10
13.322412877574122
20
29.121412639617915
30
0
10
13.322354388330933
20
29.070867764751114
30
0
10
13.322393303359107
20
29.020323520700131
30
0
10
13.322437908346012
20
28.96977864583333
30
0
0
SPLINE
5
1849
100
AcDbEntity
8
0
100
AcDbSpline
70
4
71
3
72
8
73
4
74
0
42
0.000000001
43
0.0000000001
44
0.0000000001
40
0
40
0
40
0
40
0
40
1
40
1
40
1
40
1
41
1
41
1
41
1
41
1
10
13.322437908346012
20
28.96977864583333
30
0
10
13.322429007534737
20
28.934830313722287
30
0
10
13.32241617674088
20
28.899881981611244
30
0
10
13.322399554743921
20
28.864933624267572
30
0
0
SPLINE
5
1850
100
AcDbEntity
8
0
100
AcDbSpline
70
4
71
3
72
8
73
4
74
0
42
0.000000001
43
0.0000000001
44
0.0000000001
40
0
40
0
40
0
40
0
40
1
40
1
40
1
40
1
41
1
41
1
41
1
41
1
10
13.322399554743921
20
28.864933624267572
30
0
10
13.322375457579449
20
28.791576708157855
30
0
10
13.322407282237766
20
28.718219943443927
30
0
10
13.322470206116195
20
28.644863077799478
30
0
0
SPLINE
5
1851
100
AcDbEntity
8
0
100
AcDbSpline
70
4
71
3
72
8
73
4
74
0
42
0.000000001
43
0.0000000001
44
0.0000000001
40
0
40
0
40
0
40
0
40
1
40
1
40
1
40
1
41
1
41
1
41
1
41
1
10
13.322470206116195
20
28.644863077799478
30
0
10
13.322542207434331
20
28.559939775069552
30
0
10
13.322518886173324
20
28.475016876061755
30
0
10
13.322446045870141
20
28.390093522866561
30
0
0
SPLINE
5
1852
100
AcDbEntity
8
0
100
AcDbSpline
70
4
71
3
72
8
73
4
74
0
42
0.000000001
43
0.0000000001
44
0.0000000001
40
0
40
0
40
0
40
0
40
1
40
1
40
1
40
1
41
1
41
1
41
1
41
1
10
13.322446045870141
20
28.390093522866561
30
0
10
13.322378882909373
20
28.30854508479436
30
0
10
13.322385859732385
20
28.226996747652684
30
0
10
13.322424635981079
20
28.14544830958048
30
0
0
SPLINE
5
1853
100
AcDbEntity
8
0
100
AcDbSpline
70
4
71
3
72
8
73
4
74
0
42
0.000000001
43
0.0000000001
44
0.0000000001
40
0
40
0
40
0
40
0
40
1
40
1
40
1
40
1
41
1
41
1
41
1
41
1
10
13.322424635981079
20
28.14544830958048
30
0
10
13.322433492635245
20
28.110677034854884
30
0
10
13.322422516439909
20
28.075905861059816
30
0
10
13.322391833558239
20
28.041134586334223
30
0
0
SPLINE
5
1854
100
AcDbEntity
8
0
100
AcDbSpline
70
4
71
3
72
8
73
4
74
0
42
0.000000001
43
0.0000000001
44
0.0000000001
40
0
40
0
40
0
40
0
40
1
40
1
40
1
40
1
41
1
41
1
41
1
41
1
10
13.322391833558239
20
28.041134586334223
30
0
10
13.322358431860364
20
27.992633529504136
30
0
10
13.322409187301552
20
27.944133280118301
30
0
10
13.32248312522427
20
27.895632324218745
30
0
0
SPLINE
5
1855
100
AcDbEntity
8
0
100
AcDbSpline
70
4
71
3
72
8
73
4
74
0
42
0.000000001
43
0.0000000001
44
0.0000000001
40
0
40
0
40
0
40
0
40
1
40
1
40
1
40
1
41
1
41
1
41
1
41
1
10
13.32248312522427
20
27.895632324218745
30
0
10
13.322456347092544
20
27.881103777885432
30
0
10
13.322429568960821
20
27.866575231552119
30
0
10
13.322401977076685
20
27.851606426239009
30
0
0
SPLINE
5
1856
100
AcDbEntity
8
0
100
AcDbSpline
70
4
71
3
72
8
73
4
74
0
42
0.000000001
43
0.0000000001
44
0.0000000001
40
0
40
0
40
0
40
0
40
1
40
1
40
1
40
1
41
1
41
1
41
1
41
1
10
13.322401977076685
20
27.851606426239009
30
0
10
13.32243928352451
20
27.838472537994381
30
0
10
13.322476583664177
20
27.825338649749753
30
0
10
13.322515019272323
20
27.811806691487625
30
0
0
SPLINE
5
1857
100
AcDbEntity
8
0
100
AcDbSpline
70
4
71
3
72
8
73
4
74
0
42
0.000000001
43
0.0000000001
44
0.0000000001
40
0
40
0
40
0
40
0
40
1
40
1
40
1
40
1
41
1
41
1
41
1
41
1
10
13.322515019272323
20
27.811806691487625
30
0
10
13.322520009025489
20
27.800324430465693
30
0
10
13.322524992470498
20
27.788842169443761
30
0
10
13.322530133619463
20
27.777011899948114
30
0
0
SPLINE
5
1858
100
AcDbEntity
8
0
100
AcDbSpline
70
4
71
3
72
8
73
4
74
0
42
0.000000001
43
0.0000000001
44
0.0000000001
40
0
40
0
40
0
40
0
40
1
40
1
40
1
40
1
41
1
41
1
41
1
41
1
10
13.322530133619463
20
27.777011899948114
30
0
10
13.324194907043928
20
27.751041666666659
30
0
10
13.324194907043928
20
27.751041666666659
30
0
10
13.337424073710595
20
27.737812499999993
30
0
0
SPLINE
5
1859
100
AcDbEntity
8
0
100
AcDbSpline
70
4
71
3
72
8
73
4
74
0
42
0.000000001
43
0.0000000001
44
0.0000000001
40
0
40
0
40
0
40
0
40
1
40
1
40
1
40
1
41
1
41
1
41
1
41
1
10
13.337424073710595
20
27.737812499999993
30
0
10
13.370496990377262
20
27.736158854166661
30
0
10
13.370496990377262
20
27.736158854166661
30
0
10
13.403569907043931
20
27.737812499999993
30
0
0
SPLINE
5
1860
100
AcDbEntity
8
0
100
AcDbSpline
70
4
71
3
72
8
73
4
74
0
42
0.000000001
43
0.0000000001
44
0.0000000001
40
0
40
0
40
0
40
0
40
1
40
1
40
1
40
1
41
1
41
1
41
1
41
1
10
13.403569907043931
20
27.737812499999993
30
0
10
13.416799073710596
20
27.751041666666659
30
0
10
13.416799073710596
20
27.751041666666659
30
0
10
13.418426893944099
20
27.777255445321394
30
0
0
SPLINE
5
1861
100
AcDbEntity
8
0
100
AcDbSpline
70
4
71
3
72
8
73
4
74
0
42
0.000000001
43
0.0000000001
44
0.0000000001
40
0
40
0
40
0
40
0
40
1
40
1
40
1
40
1
41
1
41
1
41
1
41
1
10
13.418426893944099
20
27.777255445321394
30
0
10
13.418414699485703
20
27.788852464358005
30
0
10
13.418402504830178
20
27.800449483394619
30
0
10
13.418389940753137
20
27.812397942543026
30
0
0
SPLINE
5
1862
100
AcDbEntity
8
0
100
AcDbSpline
70
4
71
3
72
8
73
4
74
0
42
0.000000001
43
0.0000000001
44
0.0000000001
40
0
40
0
40
0
40
0
40
1
40
1
40
1
40
1
41
1
41
1
41
1
41
1
10
13.418389940753137
20
27.812397942543026
30
0
10
13.41840812638482
20
27.825662333965298
30
0
10
13.418426312115068
20
27.838926624457034
30
0
10
13.418445048922077
20
27.852592921257013
30
0
0
SPLINE
5
1863
100
AcDbEntity
8
0
100
AcDbSpline
70
4
71
3
72
8
73
4
74
0
42
0.000000001
43
0.0000000001
44
0.0000000001
40
0
40
0
40
0
40
0
40
1
40
1
40
1
40
1
41
1
41
1
41
1
41
1
10
13.418445048922077
20
27.852592921257013
30
0
10
13.41839748629604
20
27.867266000111893
30
0
10
13.41834992376857
20
27.881938978036239
30
0
10
13.418300920024073
20
27.897056655883784
30
0
0
SPLINE
5
1864
100
AcDbEntity
8
0
100
AcDbSpline
70
4
71
3
72
8
73
4
74
0
42
0.000000001
43
0.0000000001
44
0.0000000001
40
0
40
0
40
0
40
0
40
1
40
1
40
1
40
1
41
1
41
1
41
1
41
1
10
13.418300920024073
20
27.897056655883784
30
0
10
13.418302851897534
20
27.912413337230678
30
0
10
13.418304783573864
20
27.927770018577572
30
0
10
13.418306774093482
20
27.943592090606685
30
0
0
SPLINE
5
1865
100
AcDbEntity
8
0
100
AcDbSpline
70
4
71
3
72
8
73
4
74
0
42
0.000000001
43
0.0000000001
44
0.0000000001
40
0
40
0
40
0
40
0
40
1
40
1
40
1
40
1
41
1
41
1
41
1
41
1
10
13.418306774093482
20
27.943592090606685
30
0
10
13.418297517166963
20
27.99463003635406
30
0
10
13.418194393367376
20
28.045667477448774
30
0
10
13.418090984517887
20
28.09670532226562
30
0
0
SPLINE
5
1866
100
AcDbEntity
8
0
100
AcDbSpline
70
4
71
3
72
8
73
4
74
0
42
0.000000001
43
0.0000000001
44
0.0000000001
40
0
40
0
40
0
40
0
40
1
40
1
40
1
40
1
41
1
41
1
41
1
41
1
10
13.418090984517887
20
28.09670532226562
30
0
10
13.418066325730202
20
28.13198195616404
30
0
10
13.418046837069584
20
28.167258590062456
30
0
10
13.418034261559004
20
28.202535223960872
30
0
0
SPLINE
5
1867
100
AcDbEntity
8
0
100
AcDbSpline
70
4
71
3
72
8
73
4
74
0
42
0.000000001
43
0.0000000001
44
0.0000000001
40
0
40
0
40
0
40
0
40
1
40
1
40
1
40
1
41
1
41
1
41
1
41
1
10
13.418034261559004
20
28.202535223960872
30
0
10
13.417993078452248
20
28.286072700023649
30
0
10
13.417884426833311
20
28.369609873294827
30
0
10
13.417751825601663
20
28.453147248427069
30
0
0
SPLINE
5
1868
100
AcDbEntity
8
0
100
AcDbSpline
70
4
71
3
72
8
73
4
74
0
42
0.000000001
43
0.0000000001
44
0.0000000001
40
0
40
0
40
0
40
0
40
1
40
1
40
1
40
1
41
1
41
1
41
1
41
1
10
13.417751825601663
20
28.453147248427069
30
0
10
13.417604162410157
20
28.548229360580439
30
0
10
13.417531271690992
20
28.64331147273381
30
0
10
13.417464813124802
20
28.738393635352448
30
0
0
SPLINE
5
1869
100
AcDbEntity
8
0
100
AcDbSpline
70
4
71
3
72
8
73
4
74
0
42
0.000000001
43
0.0000000001
44
0.0000000001
40
0
40
0
40
0
40
0
40
1
40
1
40
1
40
1
41
1
41
1
41
1
41
1
10
13.417464813124802
20
28.738393635352448
30
0
10
13.41732638566835
20
28.934033391475673
30
0
10
13.417093566332504
20
29.129672933121515
30
0
10
13.416799073710596
20
29.325312499999995
30
0
0
ENDSEC
0
SECTION
2
OBJECTS
0
DICTIONARY
5
C
100
AcDbDictionary
3
ACAD_GROUP
350
D
3
ACAD_MLINESTYLE
350
17
0
DICTIONARY
5
D
100
AcDbDictionary
0
DICTIONARY
5
1A
330
C
100
AcDbDictionary
0
DICTIONARY
5
17
100
AcDbDictionary
0
ENDSEC
0
EOF
